// Rust translation of src/render/direct3d11/SDL_shaders_d3d11.c, SDL_shaders_d3d11.h
// and the shader headers they include, from Simple DirectMedia Layer.
// Copyright (C) 1997-2026 Sam Lantinga <slouken@libsdl.org>
// This is an altered (translated) version of the original software; see LICENSE.txt.
// Generated by tools/gen_d3d11_shaders.py; do not edit.

//! The shaders of the Direct3D 11 renderer: DXBC bytecode compiled from
//! the HLSL sources upstream (`compile_shaders.bat`, with the
//! Microsoft (R) HLSL Shader Compiler 10.1): one vertex shader, and a
//! pixel shader per [`Shader`]. The functions that create them on a
//! device are in the renderer (`D3D11_CreateVertexShader()`,
//! `D3D11_CreatePixelShader()`).

/// The pixel shaders. Translation of `D3D11_Shader` (`SHADER_NONE` is
/// no shader: `None` where upstream keeps it).
#[derive(Clone, Copy, PartialEq, Eq, Debug)]
pub(super) enum Shader {
    Solid,
    SolidPq,
    Rgb,
    Advanced,
    RgbPq,
    RgbSimple,
}

impl Shader {
    /// The number of shaders (`NUM_SHADERS` without `SHADER_NONE`).
    pub(super) const COUNT: usize = 6;

    /// All the shaders, in order (for the tests).
    #[cfg_attr(not(test), allow(dead_code))]
    pub(super) const ALL: [Shader; Shader::COUNT] = [
        Shader::Solid,
        Shader::SolidPq,
        Shader::Rgb,
        Shader::Advanced,
        Shader::RgbPq,
        Shader::RgbSimple,
    ];

    /// The bytecode of the pixel shader (`D3D11_shaders[shader]`).
    pub(super) fn pixel_shader(self) -> &'static [u8] {
        D3D11_SHADERS[self as usize]
    }
}

/// The bytecode of SDL's one and only vertex shader.
pub(super) fn vertex_shader() -> &'static [u8] {
    &D3D11_VERTEX_SHADER
}

/// The pixel shader of each [`Shader`]. Translation of `D3D11_shaders`.
static D3D11_SHADERS: [&[u8]; Shader::COUNT] = [
    &D3D11_PIXEL_SHADER_COLORS,
    &D3D11_PIXEL_SHADER_COLORS_PQ,
    &D3D11_PIXEL_SHADER_TEXTURES,
    &D3D11_PIXEL_SHADER_ADVANCED,
    &D3D11_PIXEL_SHADER_TEXTURES_PQ,
    &D3D11_PIXEL_SHADER_TEXTURES_SIMPLE,
];

/// `D3D11_PixelShader_Colors`, from `D3D11_PixelShader_Colors.h`.
#[rustfmt::skip]
static D3D11_PIXEL_SHADER_COLORS: [u8; 1248] = [
    0x44, 0x58, 0x42, 0x43, 0x83, 0x02, 0x2e, 0xd7, 0xfd, 0x0d, 0x81, 0x62, 0x84, 0x6a, 0xfa, 0xa6,
    0xd9, 0xce, 0x09, 0x9a, 0x01, 0x00, 0x00, 0x00, 0xe0, 0x04, 0x00, 0x00, 0x06, 0x00, 0x00, 0x00,
    0x38, 0x00, 0x00, 0x00, 0xac, 0x00, 0x00, 0x00, 0x38, 0x01, 0x00, 0x00, 0xb4, 0x01, 0x00, 0x00,
    0x38, 0x04, 0x00, 0x00, 0xac, 0x04, 0x00, 0x00, 0x41, 0x6f, 0x6e, 0x39, 0x6c, 0x00, 0x00, 0x00,
    0x6c, 0x00, 0x00, 0x00, 0x00, 0x02, 0xff, 0xff, 0x3c, 0x00, 0x00, 0x00, 0x30, 0x00, 0x00, 0x00,
    0x01, 0x00, 0x24, 0x00, 0x00, 0x00, 0x30, 0x00, 0x00, 0x00, 0x30, 0x00, 0x00, 0x00, 0x24, 0x00,
    0x00, 0x00, 0x30, 0x00, 0x00, 0x00, 0x00, 0x00, 0x01, 0x00, 0x00, 0x00, 0x00, 0x00, 0x00, 0x00,
    0x00, 0x02, 0xff, 0xff, 0x1f, 0x00, 0x00, 0x02, 0x00, 0x00, 0x00, 0x80, 0x01, 0x00, 0x0f, 0xb0,
    0x05, 0x00, 0x00, 0x03, 0x00, 0x00, 0x07, 0x80, 0x01, 0x00, 0xe4, 0xb0, 0x00, 0x00, 0xff, 0xa0,
    0x01, 0x00, 0x00, 0x02, 0x00, 0x00, 0x08, 0x80, 0x01, 0x00, 0xff, 0xb0, 0x01, 0x00, 0x00, 0x02,
    0x00, 0x08, 0x0f, 0x80, 0x00, 0x00, 0xe4, 0x80, 0xff, 0xff, 0x00, 0x00, 0x53, 0x48, 0x44, 0x52,
    0x84, 0x00, 0x00, 0x00, 0x40, 0x00, 0x00, 0x00, 0x21, 0x00, 0x00, 0x00, 0x59, 0x00, 0x00, 0x04,
    0x46, 0x8e, 0x20, 0x00, 0x00, 0x00, 0x00, 0x00, 0x01, 0x00, 0x00, 0x00, 0x62, 0x10, 0x00, 0x03,
    0xf2, 0x10, 0x10, 0x00, 0x02, 0x00, 0x00, 0x00, 0x65, 0x00, 0x00, 0x03, 0xf2, 0x20, 0x10, 0x00,
    0x00, 0x00, 0x00, 0x00, 0x68, 0x00, 0x00, 0x02, 0x01, 0x00, 0x00, 0x00, 0x36, 0x00, 0x00, 0x06,
    0x12, 0x00, 0x10, 0x00, 0x00, 0x00, 0x00, 0x00, 0x3a, 0x80, 0x20, 0x00, 0x00, 0x00, 0x00, 0x00,
    0x00, 0x00, 0x00, 0x00, 0x36, 0x00, 0x00, 0x05, 0x82, 0x00, 0x10, 0x00, 0x00, 0x00, 0x00, 0x00,
    0x01, 0x40, 0x00, 0x00, 0x00, 0x00, 0x80, 0x3f, 0x38, 0x00, 0x00, 0x07, 0xf2, 0x20, 0x10, 0x00,
    0x00, 0x00, 0x00, 0x00, 0x06, 0x0c, 0x10, 0x00, 0x00, 0x00, 0x00, 0x00, 0x46, 0x1e, 0x10, 0x00,
    0x02, 0x00, 0x00, 0x00, 0x3e, 0x00, 0x00, 0x01, 0x53, 0x54, 0x41, 0x54, 0x74, 0x00, 0x00, 0x00,
    0x04, 0x00, 0x00, 0x00, 0x01, 0x00, 0x00, 0x00, 0x00, 0x00, 0x00, 0x00, 0x02, 0x00, 0x00, 0x00,
    0x01, 0x00, 0x00, 0x00, 0x00, 0x00, 0x00, 0x00, 0x00, 0x00, 0x00, 0x00, 0x01, 0x00, 0x00, 0x00,
    0x00, 0x00, 0x00, 0x00, 0x00, 0x00, 0x00, 0x00, 0x00, 0x00, 0x00, 0x00, 0x00, 0x00, 0x00, 0x00,
    0x00, 0x00, 0x00, 0x00, 0x00, 0x00, 0x00, 0x00, 0x00, 0x00, 0x00, 0x00, 0x00, 0x00, 0x00, 0x00,
    0x00, 0x00, 0x00, 0x00, 0x00, 0x00, 0x00, 0x00, 0x00, 0x00, 0x00, 0x00, 0x02, 0x00, 0x00, 0x00,
    0x00, 0x00, 0x00, 0x00, 0x00, 0x00, 0x00, 0x00, 0x00, 0x00, 0x00, 0x00, 0x00, 0x00, 0x00, 0x00,
    0x00, 0x00, 0x00, 0x00, 0x00, 0x00, 0x00, 0x00, 0x00, 0x00, 0x00, 0x00, 0x00, 0x00, 0x00, 0x00,
    0x00, 0x00, 0x00, 0x00, 0x52, 0x44, 0x45, 0x46, 0x7c, 0x02, 0x00, 0x00, 0x01, 0x00, 0x00, 0x00,
    0x48, 0x00, 0x00, 0x00, 0x01, 0x00, 0x00, 0x00, 0x1c, 0x00, 0x00, 0x00, 0x00, 0x04, 0xff, 0xff,
    0x00, 0x01, 0x00, 0x00, 0x54, 0x02, 0x00, 0x00, 0x3c, 0x00, 0x00, 0x00, 0x00, 0x00, 0x00, 0x00,
    0x00, 0x00, 0x00, 0x00, 0x00, 0x00, 0x00, 0x00, 0x00, 0x00, 0x00, 0x00, 0x00, 0x00, 0x00, 0x00,
    0x01, 0x00, 0x00, 0x00, 0x01, 0x00, 0x00, 0x00, 0x43, 0x6f, 0x6e, 0x73, 0x74, 0x61, 0x6e, 0x74,
    0x73, 0x00, 0xab, 0xab, 0x3c, 0x00, 0x00, 0x00, 0x0d, 0x00, 0x00, 0x00, 0x60, 0x00, 0x00, 0x00,
    0x70, 0x00, 0x00, 0x00, 0x00, 0x00, 0x00, 0x00, 0x00, 0x00, 0x00, 0x00, 0x98, 0x01, 0x00, 0x00,
    0x00, 0x00, 0x00, 0x00, 0x04, 0x00, 0x00, 0x00, 0x00, 0x00, 0x00, 0x00, 0xa8, 0x01, 0x00, 0x00,
    0x00, 0x00, 0x00, 0x00, 0xb8, 0x01, 0x00, 0x00, 0x04, 0x00, 0x00, 0x00, 0x04, 0x00, 0x00, 0x00,
    0x00, 0x00, 0x00, 0x00, 0xa8, 0x01, 0x00, 0x00, 0x00, 0x00, 0x00, 0x00, 0xc5, 0x01, 0x00, 0x00,
    0x08, 0x00, 0x00, 0x00, 0x04, 0x00, 0x00, 0x00, 0x00, 0x00, 0x00, 0x00, 0xa8, 0x01, 0x00, 0x00,
    0x00, 0x00, 0x00, 0x00, 0xd0, 0x01, 0x00, 0x00, 0x0c, 0x00, 0x00, 0x00, 0x04, 0x00, 0x00, 0x00,
    0x02, 0x00, 0x00, 0x00, 0xa8, 0x01, 0x00, 0x00, 0x00, 0x00, 0x00, 0x00, 0xdc, 0x01, 0x00, 0x00,
    0x10, 0x00, 0x00, 0x00, 0x10, 0x00, 0x00, 0x00, 0x00, 0x00, 0x00, 0x00, 0xe8, 0x01, 0x00, 0x00,
    0x00, 0x00, 0x00, 0x00, 0xf8, 0x01, 0x00, 0x00, 0x20, 0x00, 0x00, 0x00, 0x04, 0x00, 0x00, 0x00,
    0x00, 0x00, 0x00, 0x00, 0xa8, 0x01, 0x00, 0x00, 0x00, 0x00, 0x00, 0x00, 0x07, 0x02, 0x00, 0x00,
    0x24, 0x00, 0x00, 0x00, 0x04, 0x00, 0x00, 0x00, 0x00, 0x00, 0x00, 0x00, 0xa8, 0x01, 0x00, 0x00,
    0x00, 0x00, 0x00, 0x00, 0x17, 0x02, 0x00, 0x00, 0x28, 0x00, 0x00, 0x00, 0x04, 0x00, 0x00, 0x00,
    0x00, 0x00, 0x00, 0x00, 0xa8, 0x01, 0x00, 0x00, 0x00, 0x00, 0x00, 0x00, 0x27, 0x02, 0x00, 0x00,
    0x2c, 0x00, 0x00, 0x00, 0x04, 0x00, 0x00, 0x00, 0x00, 0x00, 0x00, 0x00, 0xa8, 0x01, 0x00, 0x00,
    0x00, 0x00, 0x00, 0x00, 0x37, 0x02, 0x00, 0x00, 0x30, 0x00, 0x00, 0x00, 0x10, 0x00, 0x00, 0x00,
    0x00, 0x00, 0x00, 0x00, 0xe8, 0x01, 0x00, 0x00, 0x00, 0x00, 0x00, 0x00, 0x3f, 0x02, 0x00, 0x00,
    0x40, 0x00, 0x00, 0x00, 0x10, 0x00, 0x00, 0x00, 0x00, 0x00, 0x00, 0x00, 0xe8, 0x01, 0x00, 0x00,
    0x00, 0x00, 0x00, 0x00, 0x46, 0x02, 0x00, 0x00, 0x50, 0x00, 0x00, 0x00, 0x10, 0x00, 0x00, 0x00,
    0x00, 0x00, 0x00, 0x00, 0xe8, 0x01, 0x00, 0x00, 0x00, 0x00, 0x00, 0x00, 0x4d, 0x02, 0x00, 0x00,
    0x60, 0x00, 0x00, 0x00, 0x10, 0x00, 0x00, 0x00, 0x00, 0x00, 0x00, 0x00, 0xe8, 0x01, 0x00, 0x00,
    0x00, 0x00, 0x00, 0x00, 0x73, 0x63, 0x52, 0x47, 0x42, 0x5f, 0x6f, 0x75, 0x74, 0x70, 0x75, 0x74,
    0x00, 0xab, 0xab, 0xab, 0x00, 0x00, 0x03, 0x00, 0x01, 0x00, 0x01, 0x00, 0x00, 0x00, 0x00, 0x00,
    0x00, 0x00, 0x00, 0x00, 0x74, 0x65, 0x78, 0x74, 0x75, 0x72, 0x65, 0x5f, 0x74, 0x79, 0x70, 0x65,
    0x00, 0x69, 0x6e, 0x70, 0x75, 0x74, 0x5f, 0x74, 0x79, 0x70, 0x65, 0x00, 0x63, 0x6f, 0x6c, 0x6f,
    0x72, 0x5f, 0x73, 0x63, 0x61, 0x6c, 0x65, 0x00, 0x74, 0x65, 0x78, 0x65, 0x6c, 0x5f, 0x73, 0x69,
    0x7a, 0x65, 0x00, 0xab, 0x01, 0x00, 0x03, 0x00, 0x01, 0x00, 0x04, 0x00, 0x00, 0x00, 0x00, 0x00,
    0x00, 0x00, 0x00, 0x00, 0x74, 0x6f, 0x6e, 0x65, 0x6d, 0x61, 0x70, 0x5f, 0x6d, 0x65, 0x74, 0x68,
    0x6f, 0x64, 0x00, 0x74, 0x6f, 0x6e, 0x65, 0x6d, 0x61, 0x70, 0x5f, 0x66, 0x61, 0x63, 0x74, 0x6f,
    0x72, 0x31, 0x00, 0x74, 0x6f, 0x6e, 0x65, 0x6d, 0x61, 0x70, 0x5f, 0x66, 0x61, 0x63, 0x74, 0x6f,
    0x72, 0x32, 0x00, 0x73, 0x64, 0x72, 0x5f, 0x77, 0x68, 0x69, 0x74, 0x65, 0x5f, 0x70, 0x6f, 0x69,
    0x6e, 0x74, 0x00, 0x59, 0x6f, 0x66, 0x66, 0x73, 0x65, 0x74, 0x00, 0x52, 0x63, 0x6f, 0x65, 0x66,
    0x66, 0x00, 0x47, 0x63, 0x6f, 0x65, 0x66, 0x66, 0x00, 0x42, 0x63, 0x6f, 0x65, 0x66, 0x66, 0x00,
    0x4d, 0x69, 0x63, 0x72, 0x6f, 0x73, 0x6f, 0x66, 0x74, 0x20, 0x28, 0x52, 0x29, 0x20, 0x48, 0x4c,
    0x53, 0x4c, 0x20, 0x53, 0x68, 0x61, 0x64, 0x65, 0x72, 0x20, 0x43, 0x6f, 0x6d, 0x70, 0x69, 0x6c,
    0x65, 0x72, 0x20, 0x31, 0x30, 0x2e, 0x31, 0x00, 0x49, 0x53, 0x47, 0x4e, 0x6c, 0x00, 0x00, 0x00,
    0x03, 0x00, 0x00, 0x00, 0x08, 0x00, 0x00, 0x00, 0x50, 0x00, 0x00, 0x00, 0x00, 0x00, 0x00, 0x00,
    0x01, 0x00, 0x00, 0x00, 0x03, 0x00, 0x00, 0x00, 0x00, 0x00, 0x00, 0x00, 0x0f, 0x00, 0x00, 0x00,
    0x5c, 0x00, 0x00, 0x00, 0x00, 0x00, 0x00, 0x00, 0x00, 0x00, 0x00, 0x00, 0x03, 0x00, 0x00, 0x00,
    0x01, 0x00, 0x00, 0x00, 0x03, 0x00, 0x00, 0x00, 0x65, 0x00, 0x00, 0x00, 0x00, 0x00, 0x00, 0x00,
    0x00, 0x00, 0x00, 0x00, 0x03, 0x00, 0x00, 0x00, 0x02, 0x00, 0x00, 0x00, 0x0f, 0x0f, 0x00, 0x00,
    0x53, 0x56, 0x5f, 0x50, 0x4f, 0x53, 0x49, 0x54, 0x49, 0x4f, 0x4e, 0x00, 0x54, 0x45, 0x58, 0x43,
    0x4f, 0x4f, 0x52, 0x44, 0x00, 0x43, 0x4f, 0x4c, 0x4f, 0x52, 0x00, 0xab, 0x4f, 0x53, 0x47, 0x4e,
    0x2c, 0x00, 0x00, 0x00, 0x01, 0x00, 0x00, 0x00, 0x08, 0x00, 0x00, 0x00, 0x20, 0x00, 0x00, 0x00,
    0x00, 0x00, 0x00, 0x00, 0x00, 0x00, 0x00, 0x00, 0x03, 0x00, 0x00, 0x00, 0x00, 0x00, 0x00, 0x00,
    0x0f, 0x00, 0x00, 0x00, 0x53, 0x56, 0x5f, 0x54, 0x41, 0x52, 0x47, 0x45, 0x54, 0x00, 0xab, 0xab,
];

/// `D3D11_PixelShader_Colors_PQ`, from `D3D11_PixelShader_Colors_PQ.h`.
#[rustfmt::skip]
static D3D11_PIXEL_SHADER_COLORS_PQ: [u8; 1908] = [
    0x44, 0x58, 0x42, 0x43, 0xd7, 0xec, 0x2b, 0x65, 0xd1, 0xce, 0x60, 0x8e, 0x75, 0x7b, 0x43, 0xcb,
    0x0b, 0x70, 0xe1, 0x84, 0x01, 0x00, 0x00, 0x00, 0x74, 0x07, 0x00, 0x00, 0x06, 0x00, 0x00, 0x00,
    0x38, 0x00, 0x00, 0x00, 0xf8, 0x01, 0x00, 0x00, 0xcc, 0x03, 0x00, 0x00, 0x48, 0x04, 0x00, 0x00,
    0xcc, 0x06, 0x00, 0x00, 0x40, 0x07, 0x00, 0x00, 0x41, 0x6f, 0x6e, 0x39, 0xb8, 0x01, 0x00, 0x00,
    0xb8, 0x01, 0x00, 0x00, 0x00, 0x02, 0xff, 0xff, 0x88, 0x01, 0x00, 0x00, 0x30, 0x00, 0x00, 0x00,
    0x01, 0x00, 0x24, 0x00, 0x00, 0x00, 0x30, 0x00, 0x00, 0x00, 0x30, 0x00, 0x00, 0x00, 0x24, 0x00,
    0x00, 0x00, 0x30, 0x00, 0x00, 0x00, 0x00, 0x00, 0x01, 0x00, 0x00, 0x00, 0x00, 0x00, 0x00, 0x00,
    0x00, 0x02, 0xff, 0xff, 0x51, 0x00, 0x00, 0x05, 0x01, 0x00, 0x0f, 0xa0, 0x6e, 0x12, 0x03, 0x3c,
    0x00, 0x20, 0x23, 0x3e, 0x00, 0xd0, 0x96, 0x41, 0x00, 0x00, 0x56, 0x3f, 0x51, 0x00, 0x00, 0x05,
    0x02, 0x00, 0x0f, 0xa0, 0x00, 0x80, 0x95, 0x41, 0x00, 0x00, 0x80, 0x3f, 0x00, 0xb0, 0x9d, 0x42,
    0x00, 0x00, 0x00, 0x00, 0x1f, 0x00, 0x00, 0x02, 0x00, 0x00, 0x00, 0x80, 0x01, 0x00, 0x0f, 0xb0,
    0x05, 0x00, 0x00, 0x03, 0x00, 0x00, 0x07, 0x80, 0x01, 0x00, 0xe4, 0xb0, 0x00, 0x00, 0xff, 0xa0,
    0x05, 0x00, 0x00, 0x03, 0x00, 0x00, 0x17, 0x80, 0x00, 0x00, 0xe4, 0x80, 0x01, 0x00, 0x00, 0xa0,
    0x0f, 0x00, 0x00, 0x02, 0x01, 0x00, 0x01, 0x80, 0x00, 0x00, 0x00, 0x80, 0x0f, 0x00, 0x00, 0x02,
    0x01, 0x00, 0x02, 0x80, 0x00, 0x00, 0x55, 0x80, 0x0f, 0x00, 0x00, 0x02, 0x01, 0x00, 0x04, 0x80,
    0x00, 0x00, 0xaa, 0x80, 0x05, 0x00, 0x00, 0x03, 0x00, 0x00, 0x07, 0x80, 0x01, 0x00, 0xe4, 0x80,
    0x01, 0x00, 0x55, 0xa0, 0x0e, 0x00, 0x00, 0x02, 0x01, 0x00, 0x01, 0x80, 0x00, 0x00, 0x00, 0x80,
    0x0e, 0x00, 0x00, 0x02, 0x01, 0x00, 0x02, 0x80, 0x00, 0x00, 0x55, 0x80, 0x0e, 0x00, 0x00, 0x02,
    0x01, 0x00, 0x04, 0x80, 0x00, 0x00, 0xaa, 0x80, 0x04, 0x00, 0x00, 0x04, 0x00, 0x00, 0x07, 0x80,
    0x01, 0x00, 0xe4, 0x80, 0x01, 0x00, 0xaa, 0xa0, 0x01, 0x00, 0xff, 0xa0, 0x04, 0x00, 0x00, 0x04,
    0x01, 0x00, 0x07, 0x80, 0x01, 0x00, 0xe4, 0x80, 0x02, 0x00, 0x00, 0xa0, 0x02, 0x00, 0x55, 0xa0,
    0x06, 0x00, 0x00, 0x02, 0x02, 0x00, 0x01, 0x80, 0x01, 0x00, 0x00, 0x80, 0x06, 0x00, 0x00, 0x02,
    0x02, 0x00, 0x02, 0x80, 0x01, 0x00, 0x55, 0x80, 0x06, 0x00, 0x00, 0x02, 0x02, 0x00, 0x04, 0x80,
    0x01, 0x00, 0xaa, 0x80, 0x05, 0x00, 0x00, 0x03, 0x00, 0x00, 0x07, 0x80, 0x00, 0x00, 0xe4, 0x80,
    0x02, 0x00, 0xe4, 0x80, 0x0f, 0x00, 0x00, 0x02, 0x01, 0x00, 0x01, 0x80, 0x00, 0x00, 0x00, 0x80,
    0x0f, 0x00, 0x00, 0x02, 0x01, 0x00, 0x02, 0x80, 0x00, 0x00, 0x55, 0x80, 0x0f, 0x00, 0x00, 0x02,
    0x01, 0x00, 0x04, 0x80, 0x00, 0x00, 0xaa, 0x80, 0x05, 0x00, 0x00, 0x03, 0x00, 0x00, 0x07, 0x80,
    0x01, 0x00, 0xe4, 0x80, 0x02, 0x00, 0xaa, 0xa0, 0x0e, 0x00, 0x00, 0x02, 0x01, 0x00, 0x01, 0x80,
    0x00, 0x00, 0x00, 0x80, 0x0e, 0x00, 0x00, 0x02, 0x01, 0x00, 0x02, 0x80, 0x00, 0x00, 0x55, 0x80,
    0x0e, 0x00, 0x00, 0x02, 0x01, 0x00, 0x04, 0x80, 0x00, 0x00, 0xaa, 0x80, 0x01, 0x00, 0x00, 0x02,
    0x01, 0x00, 0x08, 0x80, 0x01, 0x00, 0xff, 0xb0, 0x01, 0x00, 0x00, 0x02, 0x00, 0x08, 0x0f, 0x80,
    0x01, 0x00, 0xe4, 0x80, 0xff, 0xff, 0x00, 0x00, 0x53, 0x48, 0x44, 0x52, 0xcc, 0x01, 0x00, 0x00,
    0x40, 0x00, 0x00, 0x00, 0x73, 0x00, 0x00, 0x00, 0x59, 0x00, 0x00, 0x04, 0x46, 0x8e, 0x20, 0x00,
    0x00, 0x00, 0x00, 0x00, 0x01, 0x00, 0x00, 0x00, 0x62, 0x10, 0x00, 0x03, 0xf2, 0x10, 0x10, 0x00,
    0x02, 0x00, 0x00, 0x00, 0x65, 0x00, 0x00, 0x03, 0xf2, 0x20, 0x10, 0x00, 0x00, 0x00, 0x00, 0x00,
    0x68, 0x00, 0x00, 0x02, 0x02, 0x00, 0x00, 0x00, 0x38, 0x00, 0x00, 0x08, 0x72, 0x00, 0x10, 0x00,
    0x00, 0x00, 0x00, 0x00, 0x46, 0x12, 0x10, 0x00, 0x02, 0x00, 0x00, 0x00, 0xf6, 0x8f, 0x20, 0x00,
    0x00, 0x00, 0x00, 0x00, 0x00, 0x00, 0x00, 0x00, 0x38, 0x20, 0x00, 0x0a, 0x72, 0x00, 0x10, 0x00,
    0x00, 0x00, 0x00, 0x00, 0x46, 0x02, 0x10, 0x00, 0x00, 0x00, 0x00, 0x00, 0x02, 0x40, 0x00, 0x00,
    0x6e, 0x12, 0x03, 0x3c, 0x6e, 0x12, 0x03, 0x3c, 0x6e, 0x12, 0x03, 0x3c, 0x00, 0x00, 0x00, 0x00,
    0x2f, 0x00, 0x00, 0x05, 0x72, 0x00, 0x10, 0x00, 0x00, 0x00, 0x00, 0x00, 0x46, 0x02, 0x10, 0x00,
    0x00, 0x00, 0x00, 0x00, 0x38, 0x00, 0x00, 0x0a, 0x72, 0x00, 0x10, 0x00, 0x00, 0x00, 0x00, 0x00,
    0x46, 0x02, 0x10, 0x00, 0x00, 0x00, 0x00, 0x00, 0x02, 0x40, 0x00, 0x00, 0x00, 0x20, 0x23, 0x3e,
    0x00, 0x20, 0x23, 0x3e, 0x00, 0x20, 0x23, 0x3e, 0x00, 0x00, 0x00, 0x00, 0x19, 0x00, 0x00, 0x05,
    0x72, 0x00, 0x10, 0x00, 0x00, 0x00, 0x00, 0x00, 0x46, 0x02, 0x10, 0x00, 0x00, 0x00, 0x00, 0x00,
    0x32, 0x00, 0x00, 0x0f, 0x72, 0x00, 0x10, 0x00, 0x01, 0x00, 0x00, 0x00, 0x46, 0x02, 0x10, 0x00,
    0x00, 0x00, 0x00, 0x00, 0x02, 0x40, 0x00, 0x00, 0x00, 0xd0, 0x96, 0x41, 0x00, 0xd0, 0x96, 0x41,
    0x00, 0xd0, 0x96, 0x41, 0x00, 0x00, 0x00, 0x00, 0x02, 0x40, 0x00, 0x00, 0x00, 0x00, 0x56, 0x3f,
    0x00, 0x00, 0x56, 0x3f, 0x00, 0x00, 0x56, 0x3f, 0x00, 0x00, 0x00, 0x00, 0x32, 0x00, 0x00, 0x0f,
    0x72, 0x00, 0x10, 0x00, 0x00, 0x00, 0x00, 0x00, 0x46, 0x02, 0x10, 0x00, 0x00, 0x00, 0x00, 0x00,
    0x02, 0x40, 0x00, 0x00, 0x00, 0x80, 0x95, 0x41, 0x00, 0x80, 0x95, 0x41, 0x00, 0x80, 0x95, 0x41,
    0x00, 0x00, 0x00, 0x00, 0x02, 0x40, 0x00, 0x00, 0x00, 0x00, 0x80, 0x3f, 0x00, 0x00, 0x80, 0x3f,
    0x00, 0x00, 0x80, 0x3f, 0x00, 0x00, 0x00, 0x00, 0x0e, 0x00, 0x00, 0x07, 0x72, 0x00, 0x10, 0x00,
    0x00, 0x00, 0x00, 0x00, 0x46, 0x02, 0x10, 0x00, 0x01, 0x00, 0x00, 0x00, 0x46, 0x02, 0x10, 0x00,
    0x00, 0x00, 0x00, 0x00, 0x2f, 0x00, 0x00, 0x05, 0x72, 0x00, 0x10, 0x00, 0x00, 0x00, 0x00, 0x00,
    0x46, 0x02, 0x10, 0x00, 0x00, 0x00, 0x00, 0x00, 0x38, 0x00, 0x00, 0x0a, 0x72, 0x00, 0x10, 0x00,
    0x00, 0x00, 0x00, 0x00, 0x46, 0x02, 0x10, 0x00, 0x00, 0x00, 0x00, 0x00, 0x02, 0x40, 0x00, 0x00,
    0x00, 0xb0, 0x9d, 0x42, 0x00, 0xb0, 0x9d, 0x42, 0x00, 0xb0, 0x9d, 0x42, 0x00, 0x00, 0x00, 0x00,
    0x19, 0x00, 0x00, 0x05, 0x72, 0x20, 0x10, 0x00, 0x00, 0x00, 0x00, 0x00, 0x46, 0x02, 0x10, 0x00,
    0x00, 0x00, 0x00, 0x00, 0x36, 0x00, 0x00, 0x05, 0x82, 0x20, 0x10, 0x00, 0x00, 0x00, 0x00, 0x00,
    0x3a, 0x10, 0x10, 0x00, 0x02, 0x00, 0x00, 0x00, 0x3e, 0x00, 0x00, 0x01, 0x53, 0x54, 0x41, 0x54,
    0x74, 0x00, 0x00, 0x00, 0x0d, 0x00, 0x00, 0x00, 0x02, 0x00, 0x00, 0x00, 0x00, 0x00, 0x00, 0x00,
    0x02, 0x00, 0x00, 0x00, 0x0b, 0x00, 0x00, 0x00, 0x00, 0x00, 0x00, 0x00, 0x00, 0x00, 0x00, 0x00,
    0x01, 0x00, 0x00, 0x00, 0x00, 0x00, 0x00, 0x00, 0x00, 0x00, 0x00, 0x00, 0x00, 0x00, 0x00, 0x00,
    0x00, 0x00, 0x00, 0x00, 0x00, 0x00, 0x00, 0x00, 0x00, 0x00, 0x00, 0x00, 0x00, 0x00, 0x00, 0x00,
    0x00, 0x00, 0x00, 0x00, 0x00, 0x00, 0x00, 0x00, 0x00, 0x00, 0x00, 0x00, 0x00, 0x00, 0x00, 0x00,
    0x01, 0x00, 0x00, 0x00, 0x00, 0x00, 0x00, 0x00, 0x00, 0x00, 0x00, 0x00, 0x00, 0x00, 0x00, 0x00,
    0x00, 0x00, 0x00, 0x00, 0x00, 0x00, 0x00, 0x00, 0x00, 0x00, 0x00, 0x00, 0x00, 0x00, 0x00, 0x00,
    0x00, 0x00, 0x00, 0x00, 0x00, 0x00, 0x00, 0x00, 0x52, 0x44, 0x45, 0x46, 0x7c, 0x02, 0x00, 0x00,
    0x01, 0x00, 0x00, 0x00, 0x48, 0x00, 0x00, 0x00, 0x01, 0x00, 0x00, 0x00, 0x1c, 0x00, 0x00, 0x00,
    0x00, 0x04, 0xff, 0xff, 0x00, 0x01, 0x00, 0x00, 0x54, 0x02, 0x00, 0x00, 0x3c, 0x00, 0x00, 0x00,
    0x00, 0x00, 0x00, 0x00, 0x00, 0x00, 0x00, 0x00, 0x00, 0x00, 0x00, 0x00, 0x00, 0x00, 0x00, 0x00,
    0x00, 0x00, 0x00, 0x00, 0x01, 0x00, 0x00, 0x00, 0x01, 0x00, 0x00, 0x00, 0x43, 0x6f, 0x6e, 0x73,
    0x74, 0x61, 0x6e, 0x74, 0x73, 0x00, 0xab, 0xab, 0x3c, 0x00, 0x00, 0x00, 0x0d, 0x00, 0x00, 0x00,
    0x60, 0x00, 0x00, 0x00, 0x70, 0x00, 0x00, 0x00, 0x00, 0x00, 0x00, 0x00, 0x00, 0x00, 0x00, 0x00,
    0x98, 0x01, 0x00, 0x00, 0x00, 0x00, 0x00, 0x00, 0x04, 0x00, 0x00, 0x00, 0x00, 0x00, 0x00, 0x00,
    0xa8, 0x01, 0x00, 0x00, 0x00, 0x00, 0x00, 0x00, 0xb8, 0x01, 0x00, 0x00, 0x04, 0x00, 0x00, 0x00,
    0x04, 0x00, 0x00, 0x00, 0x00, 0x00, 0x00, 0x00, 0xa8, 0x01, 0x00, 0x00, 0x00, 0x00, 0x00, 0x00,
    0xc5, 0x01, 0x00, 0x00, 0x08, 0x00, 0x00, 0x00, 0x04, 0x00, 0x00, 0x00, 0x00, 0x00, 0x00, 0x00,
    0xa8, 0x01, 0x00, 0x00, 0x00, 0x00, 0x00, 0x00, 0xd0, 0x01, 0x00, 0x00, 0x0c, 0x00, 0x00, 0x00,
    0x04, 0x00, 0x00, 0x00, 0x02, 0x00, 0x00, 0x00, 0xa8, 0x01, 0x00, 0x00, 0x00, 0x00, 0x00, 0x00,
    0xdc, 0x01, 0x00, 0x00, 0x10, 0x00, 0x00, 0x00, 0x10, 0x00, 0x00, 0x00, 0x00, 0x00, 0x00, 0x00,
    0xe8, 0x01, 0x00, 0x00, 0x00, 0x00, 0x00, 0x00, 0xf8, 0x01, 0x00, 0x00, 0x20, 0x00, 0x00, 0x00,
    0x04, 0x00, 0x00, 0x00, 0x00, 0x00, 0x00, 0x00, 0xa8, 0x01, 0x00, 0x00, 0x00, 0x00, 0x00, 0x00,
    0x07, 0x02, 0x00, 0x00, 0x24, 0x00, 0x00, 0x00, 0x04, 0x00, 0x00, 0x00, 0x00, 0x00, 0x00, 0x00,
    0xa8, 0x01, 0x00, 0x00, 0x00, 0x00, 0x00, 0x00, 0x17, 0x02, 0x00, 0x00, 0x28, 0x00, 0x00, 0x00,
    0x04, 0x00, 0x00, 0x00, 0x00, 0x00, 0x00, 0x00, 0xa8, 0x01, 0x00, 0x00, 0x00, 0x00, 0x00, 0x00,
    0x27, 0x02, 0x00, 0x00, 0x2c, 0x00, 0x00, 0x00, 0x04, 0x00, 0x00, 0x00, 0x00, 0x00, 0x00, 0x00,
    0xa8, 0x01, 0x00, 0x00, 0x00, 0x00, 0x00, 0x00, 0x37, 0x02, 0x00, 0x00, 0x30, 0x00, 0x00, 0x00,
    0x10, 0x00, 0x00, 0x00, 0x00, 0x00, 0x00, 0x00, 0xe8, 0x01, 0x00, 0x00, 0x00, 0x00, 0x00, 0x00,
    0x3f, 0x02, 0x00, 0x00, 0x40, 0x00, 0x00, 0x00, 0x10, 0x00, 0x00, 0x00, 0x00, 0x00, 0x00, 0x00,
    0xe8, 0x01, 0x00, 0x00, 0x00, 0x00, 0x00, 0x00, 0x46, 0x02, 0x00, 0x00, 0x50, 0x00, 0x00, 0x00,
    0x10, 0x00, 0x00, 0x00, 0x00, 0x00, 0x00, 0x00, 0xe8, 0x01, 0x00, 0x00, 0x00, 0x00, 0x00, 0x00,
    0x4d, 0x02, 0x00, 0x00, 0x60, 0x00, 0x00, 0x00, 0x10, 0x00, 0x00, 0x00, 0x00, 0x00, 0x00, 0x00,
    0xe8, 0x01, 0x00, 0x00, 0x00, 0x00, 0x00, 0x00, 0x73, 0x63, 0x52, 0x47, 0x42, 0x5f, 0x6f, 0x75,
    0x74, 0x70, 0x75, 0x74, 0x00, 0xab, 0xab, 0xab, 0x00, 0x00, 0x03, 0x00, 0x01, 0x00, 0x01, 0x00,
    0x00, 0x00, 0x00, 0x00, 0x00, 0x00, 0x00, 0x00, 0x74, 0x65, 0x78, 0x74, 0x75, 0x72, 0x65, 0x5f,
    0x74, 0x79, 0x70, 0x65, 0x00, 0x69, 0x6e, 0x70, 0x75, 0x74, 0x5f, 0x74, 0x79, 0x70, 0x65, 0x00,
    0x63, 0x6f, 0x6c, 0x6f, 0x72, 0x5f, 0x73, 0x63, 0x61, 0x6c, 0x65, 0x00, 0x74, 0x65, 0x78, 0x65,
    0x6c, 0x5f, 0x73, 0x69, 0x7a, 0x65, 0x00, 0xab, 0x01, 0x00, 0x03, 0x00, 0x01, 0x00, 0x04, 0x00,
    0x00, 0x00, 0x00, 0x00, 0x00, 0x00, 0x00, 0x00, 0x74, 0x6f, 0x6e, 0x65, 0x6d, 0x61, 0x70, 0x5f,
    0x6d, 0x65, 0x74, 0x68, 0x6f, 0x64, 0x00, 0x74, 0x6f, 0x6e, 0x65, 0x6d, 0x61, 0x70, 0x5f, 0x66,
    0x61, 0x63, 0x74, 0x6f, 0x72, 0x31, 0x00, 0x74, 0x6f, 0x6e, 0x65, 0x6d, 0x61, 0x70, 0x5f, 0x66,
    0x61, 0x63, 0x74, 0x6f, 0x72, 0x32, 0x00, 0x73, 0x64, 0x72, 0x5f, 0x77, 0x68, 0x69, 0x74, 0x65,
    0x5f, 0x70, 0x6f, 0x69, 0x6e, 0x74, 0x00, 0x59, 0x6f, 0x66, 0x66, 0x73, 0x65, 0x74, 0x00, 0x52,
    0x63, 0x6f, 0x65, 0x66, 0x66, 0x00, 0x47, 0x63, 0x6f, 0x65, 0x66, 0x66, 0x00, 0x42, 0x63, 0x6f,
    0x65, 0x66, 0x66, 0x00, 0x4d, 0x69, 0x63, 0x72, 0x6f, 0x73, 0x6f, 0x66, 0x74, 0x20, 0x28, 0x52,
    0x29, 0x20, 0x48, 0x4c, 0x53, 0x4c, 0x20, 0x53, 0x68, 0x61, 0x64, 0x65, 0x72, 0x20, 0x43, 0x6f,
    0x6d, 0x70, 0x69, 0x6c, 0x65, 0x72, 0x20, 0x31, 0x30, 0x2e, 0x31, 0x00, 0x49, 0x53, 0x47, 0x4e,
    0x6c, 0x00, 0x00, 0x00, 0x03, 0x00, 0x00, 0x00, 0x08, 0x00, 0x00, 0x00, 0x50, 0x00, 0x00, 0x00,
    0x00, 0x00, 0x00, 0x00, 0x01, 0x00, 0x00, 0x00, 0x03, 0x00, 0x00, 0x00, 0x00, 0x00, 0x00, 0x00,
    0x0f, 0x00, 0x00, 0x00, 0x5c, 0x00, 0x00, 0x00, 0x00, 0x00, 0x00, 0x00, 0x00, 0x00, 0x00, 0x00,
    0x03, 0x00, 0x00, 0x00, 0x01, 0x00, 0x00, 0x00, 0x03, 0x00, 0x00, 0x00, 0x65, 0x00, 0x00, 0x00,
    0x00, 0x00, 0x00, 0x00, 0x00, 0x00, 0x00, 0x00, 0x03, 0x00, 0x00, 0x00, 0x02, 0x00, 0x00, 0x00,
    0x0f, 0x0f, 0x00, 0x00, 0x53, 0x56, 0x5f, 0x50, 0x4f, 0x53, 0x49, 0x54, 0x49, 0x4f, 0x4e, 0x00,
    0x54, 0x45, 0x58, 0x43, 0x4f, 0x4f, 0x52, 0x44, 0x00, 0x43, 0x4f, 0x4c, 0x4f, 0x52, 0x00, 0xab,
    0x4f, 0x53, 0x47, 0x4e, 0x2c, 0x00, 0x00, 0x00, 0x01, 0x00, 0x00, 0x00, 0x08, 0x00, 0x00, 0x00,
    0x20, 0x00, 0x00, 0x00, 0x00, 0x00, 0x00, 0x00, 0x00, 0x00, 0x00, 0x00, 0x03, 0x00, 0x00, 0x00,
    0x00, 0x00, 0x00, 0x00, 0x0f, 0x00, 0x00, 0x00, 0x53, 0x56, 0x5f, 0x54, 0x41, 0x52, 0x47, 0x45,
    0x54, 0x00, 0xab, 0xab,
];

/// `D3D11_PixelShader_Textures`, from `D3D11_PixelShader_Textures.h`.
#[rustfmt::skip]
static D3D11_PIXEL_SHADER_TEXTURES: [u8; 1440] = [
    0x44, 0x58, 0x42, 0x43, 0x62, 0xab, 0x7f, 0x7b, 0x17, 0xaa, 0xf5, 0x2f, 0x23, 0xc7, 0x18, 0xba,
    0xc8, 0x6d, 0xbe, 0xc9, 0x01, 0x00, 0x00, 0x00, 0xa0, 0x05, 0x00, 0x00, 0x06, 0x00, 0x00, 0x00,
    0x38, 0x00, 0x00, 0x00, 0xdc, 0x00, 0x00, 0x00, 0xa8, 0x01, 0x00, 0x00, 0x24, 0x02, 0x00, 0x00,
    0xf8, 0x04, 0x00, 0x00, 0x6c, 0x05, 0x00, 0x00, 0x41, 0x6f, 0x6e, 0x39, 0x9c, 0x00, 0x00, 0x00,
    0x9c, 0x00, 0x00, 0x00, 0x00, 0x02, 0xff, 0xff, 0x68, 0x00, 0x00, 0x00, 0x34, 0x00, 0x00, 0x00,
    0x01, 0x00, 0x28, 0x00, 0x00, 0x00, 0x34, 0x00, 0x00, 0x00, 0x34, 0x00, 0x01, 0x00, 0x24, 0x00,
    0x00, 0x00, 0x34, 0x00, 0x00, 0x00, 0x00, 0x00, 0x00, 0x00, 0x00, 0x00, 0x01, 0x00, 0x00, 0x00,
    0x00, 0x00, 0x00, 0x00, 0x00, 0x02, 0xff, 0xff, 0x1f, 0x00, 0x00, 0x02, 0x00, 0x00, 0x00, 0x80,
    0x00, 0x00, 0x03, 0xb0, 0x1f, 0x00, 0x00, 0x02, 0x00, 0x00, 0x00, 0x80, 0x01, 0x00, 0x0f, 0xb0,
    0x1f, 0x00, 0x00, 0x02, 0x00, 0x00, 0x00, 0x90, 0x00, 0x08, 0x0f, 0xa0, 0x42, 0x00, 0x00, 0x03,
    0x00, 0x00, 0x0f, 0x80, 0x00, 0x00, 0xe4, 0xb0, 0x00, 0x08, 0xe4, 0xa0, 0x05, 0x00, 0x00, 0x03,
    0x00, 0x00, 0x07, 0x80, 0x00, 0x00, 0xe4, 0x80, 0x00, 0x00, 0xff, 0xa0, 0x05, 0x00, 0x00, 0x03,
    0x00, 0x00, 0x0f, 0x80, 0x00, 0x00, 0xe4, 0x80, 0x01, 0x00, 0xe4, 0xb0, 0x01, 0x00, 0x00, 0x02,
    0x00, 0x08, 0x0f, 0x80, 0x00, 0x00, 0xe4, 0x80, 0xff, 0xff, 0x00, 0x00, 0x53, 0x48, 0x44, 0x52,
    0xc4, 0x00, 0x00, 0x00, 0x40, 0x00, 0x00, 0x00, 0x31, 0x00, 0x00, 0x00, 0x59, 0x00, 0x00, 0x04,
    0x46, 0x8e, 0x20, 0x00, 0x00, 0x00, 0x00, 0x00, 0x01, 0x00, 0x00, 0x00, 0x5a, 0x00, 0x00, 0x03,
    0x00, 0x60, 0x10, 0x00, 0x00, 0x00, 0x00, 0x00, 0x58, 0x18, 0x00, 0x04, 0x00, 0x70, 0x10, 0x00,
    0x00, 0x00, 0x00, 0x00, 0x55, 0x55, 0x00, 0x00, 0x62, 0x10, 0x00, 0x03, 0x32, 0x10, 0x10, 0x00,
    0x01, 0x00, 0x00, 0x00, 0x62, 0x10, 0x00, 0x03, 0xf2, 0x10, 0x10, 0x00, 0x02, 0x00, 0x00, 0x00,
    0x65, 0x00, 0x00, 0x03, 0xf2, 0x20, 0x10, 0x00, 0x00, 0x00, 0x00, 0x00, 0x68, 0x00, 0x00, 0x02,
    0x01, 0x00, 0x00, 0x00, 0x45, 0x00, 0x00, 0x09, 0xf2, 0x00, 0x10, 0x00, 0x00, 0x00, 0x00, 0x00,
    0x46, 0x10, 0x10, 0x00, 0x01, 0x00, 0x00, 0x00, 0x46, 0x7e, 0x10, 0x00, 0x00, 0x00, 0x00, 0x00,
    0x00, 0x60, 0x10, 0x00, 0x00, 0x00, 0x00, 0x00, 0x38, 0x00, 0x00, 0x08, 0x72, 0x00, 0x10, 0x00,
    0x00, 0x00, 0x00, 0x00, 0x46, 0x02, 0x10, 0x00, 0x00, 0x00, 0x00, 0x00, 0xf6, 0x8f, 0x20, 0x00,
    0x00, 0x00, 0x00, 0x00, 0x00, 0x00, 0x00, 0x00, 0x38, 0x00, 0x00, 0x07, 0xf2, 0x20, 0x10, 0x00,
    0x00, 0x00, 0x00, 0x00, 0x46, 0x0e, 0x10, 0x00, 0x00, 0x00, 0x00, 0x00, 0x46, 0x1e, 0x10, 0x00,
    0x02, 0x00, 0x00, 0x00, 0x3e, 0x00, 0x00, 0x01, 0x53, 0x54, 0x41, 0x54, 0x74, 0x00, 0x00, 0x00,
    0x04, 0x00, 0x00, 0x00, 0x01, 0x00, 0x00, 0x00, 0x00, 0x00, 0x00, 0x00, 0x03, 0x00, 0x00, 0x00,
    0x02, 0x00, 0x00, 0x00, 0x00, 0x00, 0x00, 0x00, 0x00, 0x00, 0x00, 0x00, 0x01, 0x00, 0x00, 0x00,
    0x00, 0x00, 0x00, 0x00, 0x00, 0x00, 0x00, 0x00, 0x00, 0x00, 0x00, 0x00, 0x00, 0x00, 0x00, 0x00,
    0x00, 0x00, 0x00, 0x00, 0x00, 0x00, 0x00, 0x00, 0x01, 0x00, 0x00, 0x00, 0x00, 0x00, 0x00, 0x00,
    0x00, 0x00, 0x00, 0x00, 0x00, 0x00, 0x00, 0x00, 0x00, 0x00, 0x00, 0x00, 0x00, 0x00, 0x00, 0x00,
    0x00, 0x00, 0x00, 0x00, 0x00, 0x00, 0x00, 0x00, 0x00, 0x00, 0x00, 0x00, 0x00, 0x00, 0x00, 0x00,
    0x00, 0x00, 0x00, 0x00, 0x00, 0x00, 0x00, 0x00, 0x00, 0x00, 0x00, 0x00, 0x00, 0x00, 0x00, 0x00,
    0x00, 0x00, 0x00, 0x00, 0x52, 0x44, 0x45, 0x46, 0xcc, 0x02, 0x00, 0x00, 0x01, 0x00, 0x00, 0x00,
    0x98, 0x00, 0x00, 0x00, 0x03, 0x00, 0x00, 0x00, 0x1c, 0x00, 0x00, 0x00, 0x00, 0x04, 0xff, 0xff,
    0x00, 0x01, 0x00, 0x00, 0xa4, 0x02, 0x00, 0x00, 0x7c, 0x00, 0x00, 0x00, 0x03, 0x00, 0x00, 0x00,
    0x00, 0x00, 0x00, 0x00, 0x00, 0x00, 0x00, 0x00, 0x00, 0x00, 0x00, 0x00, 0x00, 0x00, 0x00, 0x00,
    0x01, 0x00, 0x00, 0x00, 0x01, 0x00, 0x00, 0x00, 0x85, 0x00, 0x00, 0x00, 0x02, 0x00, 0x00, 0x00,
    0x05, 0x00, 0x00, 0x00, 0x04, 0x00, 0x00, 0x00, 0xff, 0xff, 0xff, 0xff, 0x00, 0x00, 0x00, 0x00,
    0x01, 0x00, 0x00, 0x00, 0x0d, 0x00, 0x00, 0x00, 0x8e, 0x00, 0x00, 0x00, 0x00, 0x00, 0x00, 0x00,
    0x00, 0x00, 0x00, 0x00, 0x00, 0x00, 0x00, 0x00, 0x00, 0x00, 0x00, 0x00, 0x00, 0x00, 0x00, 0x00,
    0x01, 0x00, 0x00, 0x00, 0x01, 0x00, 0x00, 0x00, 0x73, 0x61, 0x6d, 0x70, 0x6c, 0x65, 0x72, 0x30,
    0x00, 0x74, 0x65, 0x78, 0x74, 0x75, 0x72, 0x65, 0x30, 0x00, 0x43, 0x6f, 0x6e, 0x73, 0x74, 0x61,
    0x6e, 0x74, 0x73, 0x00, 0x8e, 0x00, 0x00, 0x00, 0x0d, 0x00, 0x00, 0x00, 0xb0, 0x00, 0x00, 0x00,
    0x70, 0x00, 0x00, 0x00, 0x00, 0x00, 0x00, 0x00, 0x00, 0x00, 0x00, 0x00, 0xe8, 0x01, 0x00, 0x00,
    0x00, 0x00, 0x00, 0x00, 0x04, 0x00, 0x00, 0x00, 0x00, 0x00, 0x00, 0x00, 0xf8, 0x01, 0x00, 0x00,
    0x00, 0x00, 0x00, 0x00, 0x08, 0x02, 0x00, 0x00, 0x04, 0x00, 0x00, 0x00, 0x04, 0x00, 0x00, 0x00,
    0x00, 0x00, 0x00, 0x00, 0xf8, 0x01, 0x00, 0x00, 0x00, 0x00, 0x00, 0x00, 0x15, 0x02, 0x00, 0x00,
    0x08, 0x00, 0x00, 0x00, 0x04, 0x00, 0x00, 0x00, 0x00, 0x00, 0x00, 0x00, 0xf8, 0x01, 0x00, 0x00,
    0x00, 0x00, 0x00, 0x00, 0x20, 0x02, 0x00, 0x00, 0x0c, 0x00, 0x00, 0x00, 0x04, 0x00, 0x00, 0x00,
    0x02, 0x00, 0x00, 0x00, 0xf8, 0x01, 0x00, 0x00, 0x00, 0x00, 0x00, 0x00, 0x2c, 0x02, 0x00, 0x00,
    0x10, 0x00, 0x00, 0x00, 0x10, 0x00, 0x00, 0x00, 0x00, 0x00, 0x00, 0x00, 0x38, 0x02, 0x00, 0x00,
    0x00, 0x00, 0x00, 0x00, 0x48, 0x02, 0x00, 0x00, 0x20, 0x00, 0x00, 0x00, 0x04, 0x00, 0x00, 0x00,
    0x00, 0x00, 0x00, 0x00, 0xf8, 0x01, 0x00, 0x00, 0x00, 0x00, 0x00, 0x00, 0x57, 0x02, 0x00, 0x00,
    0x24, 0x00, 0x00, 0x00, 0x04, 0x00, 0x00, 0x00, 0x00, 0x00, 0x00, 0x00, 0xf8, 0x01, 0x00, 0x00,
    0x00, 0x00, 0x00, 0x00, 0x67, 0x02, 0x00, 0x00, 0x28, 0x00, 0x00, 0x00, 0x04, 0x00, 0x00, 0x00,
    0x00, 0x00, 0x00, 0x00, 0xf8, 0x01, 0x00, 0x00, 0x00, 0x00, 0x00, 0x00, 0x77, 0x02, 0x00, 0x00,
    0x2c, 0x00, 0x00, 0x00, 0x04, 0x00, 0x00, 0x00, 0x00, 0x00, 0x00, 0x00, 0xf8, 0x01, 0x00, 0x00,
    0x00, 0x00, 0x00, 0x00, 0x87, 0x02, 0x00, 0x00, 0x30, 0x00, 0x00, 0x00, 0x10, 0x00, 0x00, 0x00,
    0x00, 0x00, 0x00, 0x00, 0x38, 0x02, 0x00, 0x00, 0x00, 0x00, 0x00, 0x00, 0x8f, 0x02, 0x00, 0x00,
    0x40, 0x00, 0x00, 0x00, 0x10, 0x00, 0x00, 0x00, 0x00, 0x00, 0x00, 0x00, 0x38, 0x02, 0x00, 0x00,
    0x00, 0x00, 0x00, 0x00, 0x96, 0x02, 0x00, 0x00, 0x50, 0x00, 0x00, 0x00, 0x10, 0x00, 0x00, 0x00,
    0x00, 0x00, 0x00, 0x00, 0x38, 0x02, 0x00, 0x00, 0x00, 0x00, 0x00, 0x00, 0x9d, 0x02, 0x00, 0x00,
    0x60, 0x00, 0x00, 0x00, 0x10, 0x00, 0x00, 0x00, 0x00, 0x00, 0x00, 0x00, 0x38, 0x02, 0x00, 0x00,
    0x00, 0x00, 0x00, 0x00, 0x73, 0x63, 0x52, 0x47, 0x42, 0x5f, 0x6f, 0x75, 0x74, 0x70, 0x75, 0x74,
    0x00, 0xab, 0xab, 0xab, 0x00, 0x00, 0x03, 0x00, 0x01, 0x00, 0x01, 0x00, 0x00, 0x00, 0x00, 0x00,
    0x00, 0x00, 0x00, 0x00, 0x74, 0x65, 0x78, 0x74, 0x75, 0x72, 0x65, 0x5f, 0x74, 0x79, 0x70, 0x65,
    0x00, 0x69, 0x6e, 0x70, 0x75, 0x74, 0x5f, 0x74, 0x79, 0x70, 0x65, 0x00, 0x63, 0x6f, 0x6c, 0x6f,
    0x72, 0x5f, 0x73, 0x63, 0x61, 0x6c, 0x65, 0x00, 0x74, 0x65, 0x78, 0x65, 0x6c, 0x5f, 0x73, 0x69,
    0x7a, 0x65, 0x00, 0xab, 0x01, 0x00, 0x03, 0x00, 0x01, 0x00, 0x04, 0x00, 0x00, 0x00, 0x00, 0x00,
    0x00, 0x00, 0x00, 0x00, 0x74, 0x6f, 0x6e, 0x65, 0x6d, 0x61, 0x70, 0x5f, 0x6d, 0x65, 0x74, 0x68,
    0x6f, 0x64, 0x00, 0x74, 0x6f, 0x6e, 0x65, 0x6d, 0x61, 0x70, 0x5f, 0x66, 0x61, 0x63, 0x74, 0x6f,
    0x72, 0x31, 0x00, 0x74, 0x6f, 0x6e, 0x65, 0x6d, 0x61, 0x70, 0x5f, 0x66, 0x61, 0x63, 0x74, 0x6f,
    0x72, 0x32, 0x00, 0x73, 0x64, 0x72, 0x5f, 0x77, 0x68, 0x69, 0x74, 0x65, 0x5f, 0x70, 0x6f, 0x69,
    0x6e, 0x74, 0x00, 0x59, 0x6f, 0x66, 0x66, 0x73, 0x65, 0x74, 0x00, 0x52, 0x63, 0x6f, 0x65, 0x66,
    0x66, 0x00, 0x47, 0x63, 0x6f, 0x65, 0x66, 0x66, 0x00, 0x42, 0x63, 0x6f, 0x65, 0x66, 0x66, 0x00,
    0x4d, 0x69, 0x63, 0x72, 0x6f, 0x73, 0x6f, 0x66, 0x74, 0x20, 0x28, 0x52, 0x29, 0x20, 0x48, 0x4c,
    0x53, 0x4c, 0x20, 0x53, 0x68, 0x61, 0x64, 0x65, 0x72, 0x20, 0x43, 0x6f, 0x6d, 0x70, 0x69, 0x6c,
    0x65, 0x72, 0x20, 0x31, 0x30, 0x2e, 0x31, 0x00, 0x49, 0x53, 0x47, 0x4e, 0x6c, 0x00, 0x00, 0x00,
    0x03, 0x00, 0x00, 0x00, 0x08, 0x00, 0x00, 0x00, 0x50, 0x00, 0x00, 0x00, 0x00, 0x00, 0x00, 0x00,
    0x01, 0x00, 0x00, 0x00, 0x03, 0x00, 0x00, 0x00, 0x00, 0x00, 0x00, 0x00, 0x0f, 0x00, 0x00, 0x00,
    0x5c, 0x00, 0x00, 0x00, 0x00, 0x00, 0x00, 0x00, 0x00, 0x00, 0x00, 0x00, 0x03, 0x00, 0x00, 0x00,
    0x01, 0x00, 0x00, 0x00, 0x03, 0x03, 0x00, 0x00, 0x65, 0x00, 0x00, 0x00, 0x00, 0x00, 0x00, 0x00,
    0x00, 0x00, 0x00, 0x00, 0x03, 0x00, 0x00, 0x00, 0x02, 0x00, 0x00, 0x00, 0x0f, 0x0f, 0x00, 0x00,
    0x53, 0x56, 0x5f, 0x50, 0x4f, 0x53, 0x49, 0x54, 0x49, 0x4f, 0x4e, 0x00, 0x54, 0x45, 0x58, 0x43,
    0x4f, 0x4f, 0x52, 0x44, 0x00, 0x43, 0x4f, 0x4c, 0x4f, 0x52, 0x00, 0xab, 0x4f, 0x53, 0x47, 0x4e,
    0x2c, 0x00, 0x00, 0x00, 0x01, 0x00, 0x00, 0x00, 0x08, 0x00, 0x00, 0x00, 0x20, 0x00, 0x00, 0x00,
    0x00, 0x00, 0x00, 0x00, 0x00, 0x00, 0x00, 0x00, 0x03, 0x00, 0x00, 0x00, 0x00, 0x00, 0x00, 0x00,
    0x0f, 0x00, 0x00, 0x00, 0x53, 0x56, 0x5f, 0x54, 0x41, 0x52, 0x47, 0x45, 0x54, 0x00, 0xab, 0xab,
];

/// `D3D11_PixelShader_Advanced`, from `D3D11_PixelShader_Advanced.h`.
#[rustfmt::skip]
static D3D11_PIXEL_SHADER_ADVANCED: [u8; 9196] = [
    0x44, 0x58, 0x42, 0x43, 0xda, 0x22, 0x55, 0x61, 0x22, 0x17, 0xba, 0x6c, 0x6b, 0x0a, 0x54, 0x3f,
    0xcc, 0x84, 0x2f, 0x6d, 0x01, 0x00, 0x00, 0x00, 0xec, 0x23, 0x00, 0x00, 0x05, 0x00, 0x00, 0x00,
    0x34, 0x00, 0x00, 0x00, 0xa8, 0x04, 0x00, 0x00, 0x1c, 0x05, 0x00, 0x00, 0x50, 0x05, 0x00, 0x00,
    0x50, 0x23, 0x00, 0x00, 0x52, 0x44, 0x45, 0x46, 0x6c, 0x04, 0x00, 0x00, 0x01, 0x00, 0x00, 0x00,
    0x34, 0x01, 0x00, 0x00, 0x06, 0x00, 0x00, 0x00, 0x3c, 0x00, 0x00, 0x00, 0x00, 0x05, 0xff, 0xff,
    0x00, 0x01, 0x00, 0x00, 0x44, 0x04, 0x00, 0x00, 0x52, 0x44, 0x31, 0x31, 0x3c, 0x00, 0x00, 0x00,
    0x18, 0x00, 0x00, 0x00, 0x20, 0x00, 0x00, 0x00, 0x28, 0x00, 0x00, 0x00, 0x24, 0x00, 0x00, 0x00,
    0x0c, 0x00, 0x00, 0x00, 0x00, 0x00, 0x00, 0x00, 0xfc, 0x00, 0x00, 0x00, 0x03, 0x00, 0x00, 0x00,
    0x00, 0x00, 0x00, 0x00, 0x00, 0x00, 0x00, 0x00, 0x00, 0x00, 0x00, 0x00, 0x00, 0x00, 0x00, 0x00,
    0x01, 0x00, 0x00, 0x00, 0x01, 0x00, 0x00, 0x00, 0x05, 0x01, 0x00, 0x00, 0x03, 0x00, 0x00, 0x00,
    0x00, 0x00, 0x00, 0x00, 0x00, 0x00, 0x00, 0x00, 0x00, 0x00, 0x00, 0x00, 0x01, 0x00, 0x00, 0x00,
    0x01, 0x00, 0x00, 0x00, 0x01, 0x00, 0x00, 0x00, 0x0e, 0x01, 0x00, 0x00, 0x02, 0x00, 0x00, 0x00,
    0x05, 0x00, 0x00, 0x00, 0x04, 0x00, 0x00, 0x00, 0xff, 0xff, 0xff, 0xff, 0x00, 0x00, 0x00, 0x00,
    0x01, 0x00, 0x00, 0x00, 0x0d, 0x00, 0x00, 0x00, 0x17, 0x01, 0x00, 0x00, 0x02, 0x00, 0x00, 0x00,
    0x05, 0x00, 0x00, 0x00, 0x04, 0x00, 0x00, 0x00, 0xff, 0xff, 0xff, 0xff, 0x01, 0x00, 0x00, 0x00,
    0x01, 0x00, 0x00, 0x00, 0x0d, 0x00, 0x00, 0x00, 0x20, 0x01, 0x00, 0x00, 0x02, 0x00, 0x00, 0x00,
    0x05, 0x00, 0x00, 0x00, 0x04, 0x00, 0x00, 0x00, 0xff, 0xff, 0xff, 0xff, 0x02, 0x00, 0x00, 0x00,
    0x01, 0x00, 0x00, 0x00, 0x0d, 0x00, 0x00, 0x00, 0x29, 0x01, 0x00, 0x00, 0x00, 0x00, 0x00, 0x00,
    0x00, 0x00, 0x00, 0x00, 0x00, 0x00, 0x00, 0x00, 0x00, 0x00, 0x00, 0x00, 0x00, 0x00, 0x00, 0x00,
    0x01, 0x00, 0x00, 0x00, 0x01, 0x00, 0x00, 0x00, 0x73, 0x61, 0x6d, 0x70, 0x6c, 0x65, 0x72, 0x30,
    0x00, 0x73, 0x61, 0x6d, 0x70, 0x6c, 0x65, 0x72, 0x31, 0x00, 0x74, 0x65, 0x78, 0x74, 0x75, 0x72,
    0x65, 0x30, 0x00, 0x74, 0x65, 0x78, 0x74, 0x75, 0x72, 0x65, 0x31, 0x00, 0x74, 0x65, 0x78, 0x74,
    0x75, 0x72, 0x65, 0x32, 0x00, 0x43, 0x6f, 0x6e, 0x73, 0x74, 0x61, 0x6e, 0x74, 0x73, 0x00, 0xab,
    0x29, 0x01, 0x00, 0x00, 0x0d, 0x00, 0x00, 0x00, 0x4c, 0x01, 0x00, 0x00, 0x70, 0x00, 0x00, 0x00,
    0x00, 0x00, 0x00, 0x00, 0x00, 0x00, 0x00, 0x00, 0x54, 0x03, 0x00, 0x00, 0x00, 0x00, 0x00, 0x00,
    0x04, 0x00, 0x00, 0x00, 0x02, 0x00, 0x00, 0x00, 0x68, 0x03, 0x00, 0x00, 0x00, 0x00, 0x00, 0x00,
    0xff, 0xff, 0xff, 0xff, 0x00, 0x00, 0x00, 0x00, 0xff, 0xff, 0xff, 0xff, 0x00, 0x00, 0x00, 0x00,
    0x8c, 0x03, 0x00, 0x00, 0x04, 0x00, 0x00, 0x00, 0x04, 0x00, 0x00, 0x00, 0x02, 0x00, 0x00, 0x00,
    0x68, 0x03, 0x00, 0x00, 0x00, 0x00, 0x00, 0x00, 0xff, 0xff, 0xff, 0xff, 0x00, 0x00, 0x00, 0x00,
    0xff, 0xff, 0xff, 0xff, 0x00, 0x00, 0x00, 0x00, 0x99, 0x03, 0x00, 0x00, 0x08, 0x00, 0x00, 0x00,
    0x04, 0x00, 0x00, 0x00, 0x02, 0x00, 0x00, 0x00, 0x68, 0x03, 0x00, 0x00, 0x00, 0x00, 0x00, 0x00,
    0xff, 0xff, 0xff, 0xff, 0x00, 0x00, 0x00, 0x00, 0xff, 0xff, 0xff, 0xff, 0x00, 0x00, 0x00, 0x00,
    0xa4, 0x03, 0x00, 0x00, 0x0c, 0x00, 0x00, 0x00, 0x04, 0x00, 0x00, 0x00, 0x02, 0x00, 0x00, 0x00,
    0x68, 0x03, 0x00, 0x00, 0x00, 0x00, 0x00, 0x00, 0xff, 0xff, 0xff, 0xff, 0x00, 0x00, 0x00, 0x00,
    0xff, 0xff, 0xff, 0xff, 0x00, 0x00, 0x00, 0x00, 0xb0, 0x03, 0x00, 0x00, 0x10, 0x00, 0x00, 0x00,
    0x10, 0x00, 0x00, 0x00, 0x02, 0x00, 0x00, 0x00, 0xc4, 0x03, 0x00, 0x00, 0x00, 0x00, 0x00, 0x00,
    0xff, 0xff, 0xff, 0xff, 0x00, 0x00, 0x00, 0x00, 0xff, 0xff, 0xff, 0xff, 0x00, 0x00, 0x00, 0x00,
    0xe8, 0x03, 0x00, 0x00, 0x20, 0x00, 0x00, 0x00, 0x04, 0x00, 0x00, 0x00, 0x02, 0x00, 0x00, 0x00,
    0x68, 0x03, 0x00, 0x00, 0x00, 0x00, 0x00, 0x00, 0xff, 0xff, 0xff, 0xff, 0x00, 0x00, 0x00, 0x00,
    0xff, 0xff, 0xff, 0xff, 0x00, 0x00, 0x00, 0x00, 0xf7, 0x03, 0x00, 0x00, 0x24, 0x00, 0x00, 0x00,
    0x04, 0x00, 0x00, 0x00, 0x02, 0x00, 0x00, 0x00, 0x68, 0x03, 0x00, 0x00, 0x00, 0x00, 0x00, 0x00,
    0xff, 0xff, 0xff, 0xff, 0x00, 0x00, 0x00, 0x00, 0xff, 0xff, 0xff, 0xff, 0x00, 0x00, 0x00, 0x00,
    0x07, 0x04, 0x00, 0x00, 0x28, 0x00, 0x00, 0x00, 0x04, 0x00, 0x00, 0x00, 0x02, 0x00, 0x00, 0x00,
    0x68, 0x03, 0x00, 0x00, 0x00, 0x00, 0x00, 0x00, 0xff, 0xff, 0xff, 0xff, 0x00, 0x00, 0x00, 0x00,
    0xff, 0xff, 0xff, 0xff, 0x00, 0x00, 0x00, 0x00, 0x17, 0x04, 0x00, 0x00, 0x2c, 0x00, 0x00, 0x00,
    0x04, 0x00, 0x00, 0x00, 0x02, 0x00, 0x00, 0x00, 0x68, 0x03, 0x00, 0x00, 0x00, 0x00, 0x00, 0x00,
    0xff, 0xff, 0xff, 0xff, 0x00, 0x00, 0x00, 0x00, 0xff, 0xff, 0xff, 0xff, 0x00, 0x00, 0x00, 0x00,
    0x27, 0x04, 0x00, 0x00, 0x30, 0x00, 0x00, 0x00, 0x10, 0x00, 0x00, 0x00, 0x02, 0x00, 0x00, 0x00,
    0xc4, 0x03, 0x00, 0x00, 0x00, 0x00, 0x00, 0x00, 0xff, 0xff, 0xff, 0xff, 0x00, 0x00, 0x00, 0x00,
    0xff, 0xff, 0xff, 0xff, 0x00, 0x00, 0x00, 0x00, 0x2f, 0x04, 0x00, 0x00, 0x40, 0x00, 0x00, 0x00,
    0x10, 0x00, 0x00, 0x00, 0x02, 0x00, 0x00, 0x00, 0xc4, 0x03, 0x00, 0x00, 0x00, 0x00, 0x00, 0x00,
    0xff, 0xff, 0xff, 0xff, 0x00, 0x00, 0x00, 0x00, 0xff, 0xff, 0xff, 0xff, 0x00, 0x00, 0x00, 0x00,
    0x36, 0x04, 0x00, 0x00, 0x50, 0x00, 0x00, 0x00, 0x10, 0x00, 0x00, 0x00, 0x02, 0x00, 0x00, 0x00,
    0xc4, 0x03, 0x00, 0x00, 0x00, 0x00, 0x00, 0x00, 0xff, 0xff, 0xff, 0xff, 0x00, 0x00, 0x00, 0x00,
    0xff, 0xff, 0xff, 0xff, 0x00, 0x00, 0x00, 0x00, 0x3d, 0x04, 0x00, 0x00, 0x60, 0x00, 0x00, 0x00,
    0x10, 0x00, 0x00, 0x00, 0x02, 0x00, 0x00, 0x00, 0xc4, 0x03, 0x00, 0x00, 0x00, 0x00, 0x00, 0x00,
    0xff, 0xff, 0xff, 0xff, 0x00, 0x00, 0x00, 0x00, 0xff, 0xff, 0xff, 0xff, 0x00, 0x00, 0x00, 0x00,
    0x73, 0x63, 0x52, 0x47, 0x42, 0x5f, 0x6f, 0x75, 0x74, 0x70, 0x75, 0x74, 0x00, 0x66, 0x6c, 0x6f,
    0x61, 0x74, 0x00, 0xab, 0x00, 0x00, 0x03, 0x00, 0x01, 0x00, 0x01, 0x00, 0x00, 0x00, 0x00, 0x00,
    0x00, 0x00, 0x00, 0x00, 0x00, 0x00, 0x00, 0x00, 0x00, 0x00, 0x00, 0x00, 0x00, 0x00, 0x00, 0x00,
    0x00, 0x00, 0x00, 0x00, 0x61, 0x03, 0x00, 0x00, 0x74, 0x65, 0x78, 0x74, 0x75, 0x72, 0x65, 0x5f,
    0x74, 0x79, 0x70, 0x65, 0x00, 0x69, 0x6e, 0x70, 0x75, 0x74, 0x5f, 0x74, 0x79, 0x70, 0x65, 0x00,
    0x63, 0x6f, 0x6c, 0x6f, 0x72, 0x5f, 0x73, 0x63, 0x61, 0x6c, 0x65, 0x00, 0x74, 0x65, 0x78, 0x65,
    0x6c, 0x5f, 0x73, 0x69, 0x7a, 0x65, 0x00, 0x66, 0x6c, 0x6f, 0x61, 0x74, 0x34, 0x00, 0xab, 0xab,
    0x01, 0x00, 0x03, 0x00, 0x01, 0x00, 0x04, 0x00, 0x00, 0x00, 0x00, 0x00, 0x00, 0x00, 0x00, 0x00,
    0x00, 0x00, 0x00, 0x00, 0x00, 0x00, 0x00, 0x00, 0x00, 0x00, 0x00, 0x00, 0x00, 0x00, 0x00, 0x00,
    0xbb, 0x03, 0x00, 0x00, 0x74, 0x6f, 0x6e, 0x65, 0x6d, 0x61, 0x70, 0x5f, 0x6d, 0x65, 0x74, 0x68,
    0x6f, 0x64, 0x00, 0x74, 0x6f, 0x6e, 0x65, 0x6d, 0x61, 0x70, 0x5f, 0x66, 0x61, 0x63, 0x74, 0x6f,
    0x72, 0x31, 0x00, 0x74, 0x6f, 0x6e, 0x65, 0x6d, 0x61, 0x70, 0x5f, 0x66, 0x61, 0x63, 0x74, 0x6f,
    0x72, 0x32, 0x00, 0x73, 0x64, 0x72, 0x5f, 0x77, 0x68, 0x69, 0x74, 0x65, 0x5f, 0x70, 0x6f, 0x69,
    0x6e, 0x74, 0x00, 0x59, 0x6f, 0x66, 0x66, 0x73, 0x65, 0x74, 0x00, 0x52, 0x63, 0x6f, 0x65, 0x66,
    0x66, 0x00, 0x47, 0x63, 0x6f, 0x65, 0x66, 0x66, 0x00, 0x42, 0x63, 0x6f, 0x65, 0x66, 0x66, 0x00,
    0x4d, 0x69, 0x63, 0x72, 0x6f, 0x73, 0x6f, 0x66, 0x74, 0x20, 0x28, 0x52, 0x29, 0x20, 0x48, 0x4c,
    0x53, 0x4c, 0x20, 0x53, 0x68, 0x61, 0x64, 0x65, 0x72, 0x20, 0x43, 0x6f, 0x6d, 0x70, 0x69, 0x6c,
    0x65, 0x72, 0x20, 0x31, 0x30, 0x2e, 0x31, 0x00, 0x49, 0x53, 0x47, 0x4e, 0x6c, 0x00, 0x00, 0x00,
    0x03, 0x00, 0x00, 0x00, 0x08, 0x00, 0x00, 0x00, 0x50, 0x00, 0x00, 0x00, 0x00, 0x00, 0x00, 0x00,
    0x01, 0x00, 0x00, 0x00, 0x03, 0x00, 0x00, 0x00, 0x00, 0x00, 0x00, 0x00, 0x0f, 0x00, 0x00, 0x00,
    0x5c, 0x00, 0x00, 0x00, 0x00, 0x00, 0x00, 0x00, 0x00, 0x00, 0x00, 0x00, 0x03, 0x00, 0x00, 0x00,
    0x01, 0x00, 0x00, 0x00, 0x03, 0x03, 0x00, 0x00, 0x65, 0x00, 0x00, 0x00, 0x00, 0x00, 0x00, 0x00,
    0x00, 0x00, 0x00, 0x00, 0x03, 0x00, 0x00, 0x00, 0x02, 0x00, 0x00, 0x00, 0x0f, 0x0f, 0x00, 0x00,
    0x53, 0x56, 0x5f, 0x50, 0x4f, 0x53, 0x49, 0x54, 0x49, 0x4f, 0x4e, 0x00, 0x54, 0x45, 0x58, 0x43,
    0x4f, 0x4f, 0x52, 0x44, 0x00, 0x43, 0x4f, 0x4c, 0x4f, 0x52, 0x00, 0xab, 0x4f, 0x53, 0x47, 0x4e,
    0x2c, 0x00, 0x00, 0x00, 0x01, 0x00, 0x00, 0x00, 0x08, 0x00, 0x00, 0x00, 0x20, 0x00, 0x00, 0x00,
    0x00, 0x00, 0x00, 0x00, 0x00, 0x00, 0x00, 0x00, 0x03, 0x00, 0x00, 0x00, 0x00, 0x00, 0x00, 0x00,
    0x0f, 0x00, 0x00, 0x00, 0x53, 0x56, 0x5f, 0x54, 0x41, 0x52, 0x47, 0x45, 0x54, 0x00, 0xab, 0xab,
    0x53, 0x48, 0x45, 0x58, 0xf8, 0x1d, 0x00, 0x00, 0x50, 0x00, 0x00, 0x00, 0x7e, 0x07, 0x00, 0x00,
    0x6a, 0x08, 0x00, 0x01, 0x59, 0x00, 0x00, 0x04, 0x46, 0x8e, 0x20, 0x00, 0x00, 0x00, 0x00, 0x00,
    0x07, 0x00, 0x00, 0x00, 0x5a, 0x00, 0x00, 0x03, 0x00, 0x60, 0x10, 0x00, 0x00, 0x00, 0x00, 0x00,
    0x5a, 0x00, 0x00, 0x03, 0x00, 0x60, 0x10, 0x00, 0x01, 0x00, 0x00, 0x00, 0x58, 0x18, 0x00, 0x04,
    0x00, 0x70, 0x10, 0x00, 0x00, 0x00, 0x00, 0x00, 0x55, 0x55, 0x00, 0x00, 0x58, 0x18, 0x00, 0x04,
    0x00, 0x70, 0x10, 0x00, 0x01, 0x00, 0x00, 0x00, 0x55, 0x55, 0x00, 0x00, 0x58, 0x18, 0x00, 0x04,
    0x00, 0x70, 0x10, 0x00, 0x02, 0x00, 0x00, 0x00, 0x55, 0x55, 0x00, 0x00, 0x62, 0x10, 0x00, 0x03,
    0x32, 0x10, 0x10, 0x00, 0x01, 0x00, 0x00, 0x00, 0x62, 0x10, 0x00, 0x03, 0xf2, 0x10, 0x10, 0x00,
    0x02, 0x00, 0x00, 0x00, 0x65, 0x00, 0x00, 0x03, 0xf2, 0x20, 0x10, 0x00, 0x00, 0x00, 0x00, 0x00,
    0x68, 0x00, 0x00, 0x02, 0x08, 0x00, 0x00, 0x00, 0x18, 0x00, 0x00, 0x0b, 0xf2, 0x00, 0x10, 0x00,
    0x00, 0x00, 0x00, 0x00, 0x96, 0x8a, 0x20, 0x00, 0x00, 0x00, 0x00, 0x00, 0x00, 0x00, 0x00, 0x00,
    0x02, 0x40, 0x00, 0x00, 0x00, 0x00, 0x00, 0x00, 0x00, 0x00, 0x40, 0x40, 0x00, 0x00, 0x00, 0x40,
    0x00, 0x00, 0x80, 0x3f, 0x1f, 0x00, 0x04, 0x03, 0x0a, 0x00, 0x10, 0x00, 0x00, 0x00, 0x00, 0x00,
    0x36, 0x00, 0x00, 0x08, 0xf2, 0x00, 0x10, 0x00, 0x01, 0x00, 0x00, 0x00, 0x02, 0x40, 0x00, 0x00,
    0x00, 0x00, 0x80, 0x3f, 0x00, 0x00, 0x80, 0x3f, 0x00, 0x00, 0x80, 0x3f, 0x00, 0x00, 0x80, 0x3f,
    0x12, 0x00, 0x00, 0x01, 0x18, 0x00, 0x00, 0x08, 0x12, 0x00, 0x10, 0x00, 0x00, 0x00, 0x00, 0x00,
    0x1a, 0x80, 0x20, 0x00, 0x00, 0x00, 0x00, 0x00, 0x00, 0x00, 0x00, 0x00, 0x01, 0x40, 0x00, 0x00,
    0x00, 0x00, 0x80, 0x3f, 0x1f, 0x00, 0x04, 0x03, 0x0a, 0x00, 0x10, 0x00, 0x00, 0x00, 0x00, 0x00,
    0x45, 0x00, 0x00, 0x8b, 0xc2, 0x00, 0x00, 0x80, 0x43, 0x55, 0x15, 0x00, 0xf2, 0x00, 0x10, 0x00,
    0x01, 0x00, 0x00, 0x00, 0x46, 0x10, 0x10, 0x00, 0x01, 0x00, 0x00, 0x00, 0x46, 0x7e, 0x10, 0x00,
    0x00, 0x00, 0x00, 0x00, 0x00, 0x60, 0x10, 0x00, 0x00, 0x00, 0x00, 0x00, 0x12, 0x00, 0x00, 0x01,
    0x18, 0x00, 0x00, 0x08, 0x12, 0x00, 0x10, 0x00, 0x00, 0x00, 0x00, 0x00, 0x1a, 0x80, 0x20, 0x00,
    0x00, 0x00, 0x00, 0x00, 0x00, 0x00, 0x00, 0x00, 0x01, 0x40, 0x00, 0x00, 0x00, 0x00, 0x00, 0x40,
    0x1f, 0x00, 0x04, 0x03, 0x0a, 0x00, 0x10, 0x00, 0x00, 0x00, 0x00, 0x00, 0x7a, 0x00, 0x00, 0x05,
    0x32, 0x00, 0x10, 0x00, 0x02, 0x00, 0x00, 0x00, 0x46, 0x10, 0x10, 0x00, 0x01, 0x00, 0x00, 0x00,
    0x7c, 0x00, 0x00, 0x05, 0xc2, 0x00, 0x10, 0x00, 0x02, 0x00, 0x00, 0x00, 0x06, 0x14, 0x10, 0x00,
    0x01, 0x00, 0x00, 0x00, 0x00, 0x00, 0x00, 0x09, 0x32, 0x00, 0x10, 0x00, 0x03, 0x00, 0x00, 0x00,
    0xe6, 0x0a, 0x10, 0x80, 0x81, 0x00, 0x00, 0x00, 0x02, 0x00, 0x00, 0x00, 0x46, 0x00, 0x10, 0x80,
    0x81, 0x00, 0x00, 0x00, 0x02, 0x00, 0x00, 0x00, 0x38, 0x00, 0x00, 0x08, 0x32, 0x00, 0x10, 0x00,
    0x03, 0x00, 0x00, 0x00, 0x46, 0x00, 0x10, 0x00, 0x03, 0x00, 0x00, 0x00, 0xe6, 0x8a, 0x20, 0x00,
    0x00, 0x00, 0x00, 0x00, 0x01, 0x00, 0x00, 0x00, 0x34, 0x00, 0x00, 0x0a, 0x32, 0x00, 0x10, 0x00,
    0x03, 0x00, 0x00, 0x00, 0x46, 0x00, 0x10, 0x00, 0x03, 0x00, 0x00, 0x00, 0x02, 0x40, 0x00, 0x00,
    0xac, 0xc5, 0x27, 0x37, 0xac, 0xc5, 0x27, 0x37, 0x00, 0x00, 0x00, 0x00, 0x00, 0x00, 0x00, 0x00,
    0x33, 0x00, 0x00, 0x0a, 0x32, 0x00, 0x10, 0x00, 0x03, 0x00, 0x00, 0x00, 0x46, 0x00, 0x10, 0x00,
    0x03, 0x00, 0x00, 0x00, 0x02, 0x40, 0x00, 0x00, 0x00, 0x00, 0x80, 0x3f, 0x00, 0x00, 0x80, 0x3f,
    0x00, 0x00, 0x00, 0x00, 0x00, 0x00, 0x00, 0x00, 0x38, 0x00, 0x00, 0x0a, 0xc2, 0x00, 0x10, 0x00,
    0x03, 0x00, 0x00, 0x00, 0x06, 0x04, 0x10, 0x00, 0x03, 0x00, 0x00, 0x00, 0x02, 0x40, 0x00, 0x00,
    0x00, 0x00, 0x00, 0x00, 0x00, 0x00, 0x00, 0x00, 0x00, 0x00, 0x00, 0x3f, 0x00, 0x00, 0x00, 0x3f,
    0x32, 0x00, 0x00, 0x0b, 0xc2, 0x00, 0x10, 0x00, 0x03, 0x00, 0x00, 0x00, 0x06, 0x14, 0x10, 0x00,
    0x01, 0x00, 0x00, 0x00, 0xa6, 0x8e, 0x20, 0x00, 0x00, 0x00, 0x00, 0x00, 0x01, 0x00, 0x00, 0x00,
    0xa6, 0x0e, 0x10, 0x80, 0x41, 0x00, 0x00, 0x00, 0x03, 0x00, 0x00, 0x00, 0x00, 0x00, 0x00, 0x0b,
    0x32, 0x00, 0x10, 0x00, 0x03, 0x00, 0x00, 0x00, 0x46, 0x00, 0x10, 0x80, 0x41, 0x00, 0x00, 0x00,
    0x03, 0x00, 0x00, 0x00, 0x02, 0x40, 0x00, 0x00, 0x00, 0x00, 0x80, 0x3f, 0x00, 0x00, 0x80, 0x3f,
    0x00, 0x00, 0x00, 0x00, 0x00, 0x00, 0x00, 0x00, 0x1a, 0x00, 0x00, 0x05, 0x32, 0x00, 0x10, 0x00,
    0x04, 0x00, 0x00, 0x00, 0xe6, 0x0a, 0x10, 0x00, 0x03, 0x00, 0x00, 0x00, 0x00, 0x00, 0x00, 0x0b,
    0xc2, 0x00, 0x10, 0x00, 0x04, 0x00, 0x00, 0x00, 0x06, 0x04, 0x10, 0x80, 0x41, 0x00, 0x00, 0x00,
    0x03, 0x00, 0x00, 0x00, 0x02, 0x40, 0x00, 0x00, 0x00, 0x00, 0x00, 0x00, 0x00, 0x00, 0x00, 0x00,
    0x00, 0x00, 0x80, 0x3f, 0x00, 0x00, 0x80, 0x3f, 0x00, 0x00, 0x00, 0x08, 0x32, 0x00, 0x10, 0x00,
    0x03, 0x00, 0x00, 0x00, 0x46, 0x00, 0x10, 0x80, 0x41, 0x00, 0x00, 0x00, 0x03, 0x00, 0x00, 0x00,
    0x46, 0x00, 0x10, 0x00, 0x04, 0x00, 0x00, 0x00, 0x0e, 0x00, 0x00, 0x0a, 0x32, 0x00, 0x10, 0x00,
    0x04, 0x00, 0x00, 0x00, 0x02, 0x40, 0x00, 0x00, 0x00, 0x00, 0x80, 0x3f, 0x00, 0x00, 0x80, 0x3f,
    0x00, 0x00, 0x80, 0x3f, 0x00, 0x00, 0x80, 0x3f, 0xe6, 0x0a, 0x10, 0x00, 0x04, 0x00, 0x00, 0x00,
    0x38, 0x20, 0x00, 0x07, 0x32, 0x00, 0x10, 0x00, 0x03, 0x00, 0x00, 0x00, 0x46, 0x00, 0x10, 0x00,
    0x03, 0x00, 0x00, 0x00, 0x46, 0x00, 0x10, 0x00, 0x04, 0x00, 0x00, 0x00, 0x32, 0x00, 0x00, 0x0f,
    0x32, 0x00, 0x10, 0x00, 0x04, 0x00, 0x00, 0x00, 0x46, 0x00, 0x10, 0x00, 0x03, 0x00, 0x00, 0x00,
    0x02, 0x40, 0x00, 0x00, 0x00, 0x00, 0x00, 0xc0, 0x00, 0x00, 0x00, 0xc0, 0x00, 0x00, 0x00, 0x00,
    0x00, 0x00, 0x00, 0x00, 0x02, 0x40, 0x00, 0x00, 0x00, 0x00, 0x40, 0x40, 0x00, 0x00, 0x40, 0x40,
    0x00, 0x00, 0x00, 0x00, 0x00, 0x00, 0x00, 0x00, 0x38, 0x00, 0x00, 0x07, 0x32, 0x00, 0x10, 0x00,
    0x03, 0x00, 0x00, 0x00, 0x46, 0x00, 0x10, 0x00, 0x03, 0x00, 0x00, 0x00, 0x46, 0x00, 0x10, 0x00,
    0x03, 0x00, 0x00, 0x00, 0x41, 0x00, 0x00, 0x05, 0xc2, 0x00, 0x10, 0x00, 0x03, 0x00, 0x00, 0x00,
    0xa6, 0x0e, 0x10, 0x00, 0x03, 0x00, 0x00, 0x00, 0x32, 0x00, 0x00, 0x09, 0x32, 0x00, 0x10, 0x00,
    0x03, 0x00, 0x00, 0x00, 0x46, 0x00, 0x10, 0x00, 0x04, 0x00, 0x00, 0x00, 0x46, 0x00, 0x10, 0x00,
    0x03, 0x00, 0x00, 0x00, 0xe6, 0x0a, 0x10, 0x00, 0x03, 0x00, 0x00, 0x00, 0x00, 0x00, 0x00, 0x0a,
    0x32, 0x00, 0x10, 0x00, 0x03, 0x00, 0x00, 0x00, 0x46, 0x00, 0x10, 0x00, 0x03, 0x00, 0x00, 0x00,
    0x02, 0x40, 0x00, 0x00, 0x00, 0x00, 0x00, 0x3f, 0x00, 0x00, 0x00, 0x3f, 0x00, 0x00, 0x00, 0x00,
    0x00, 0x00, 0x00, 0x00, 0x38, 0x00, 0x00, 0x08, 0x32, 0x00, 0x10, 0x00, 0x03, 0x00, 0x00, 0x00,
    0x46, 0x00, 0x10, 0x00, 0x03, 0x00, 0x00, 0x00, 0x46, 0x80, 0x20, 0x00, 0x00, 0x00, 0x00, 0x00,
    0x01, 0x00, 0x00, 0x00, 0x49, 0x00, 0x00, 0x8f, 0xc2, 0x00, 0x00, 0x80, 0x43, 0x55, 0x15, 0x00,
    0xf2, 0x00, 0x10, 0x00, 0x01, 0x00, 0x00, 0x00, 0x46, 0x00, 0x10, 0x00, 0x03, 0x00, 0x00, 0x00,
    0x46, 0x7e, 0x10, 0x00, 0x00, 0x00, 0x00, 0x00, 0x00, 0x60, 0x10, 0x00, 0x00, 0x00, 0x00, 0x00,
    0x46, 0x00, 0x10, 0x00, 0x02, 0x00, 0x00, 0x00, 0xe6, 0x0a, 0x10, 0x00, 0x02, 0x00, 0x00, 0x00,
    0x12, 0x00, 0x00, 0x01, 0x18, 0x00, 0x00, 0x08, 0x12, 0x00, 0x10, 0x00, 0x00, 0x00, 0x00, 0x00,
    0x1a, 0x80, 0x20, 0x00, 0x00, 0x00, 0x00, 0x00, 0x00, 0x00, 0x00, 0x00, 0x01, 0x40, 0x00, 0x00,
    0x00, 0x00, 0x40, 0x40, 0x1f, 0x00, 0x04, 0x03, 0x0a, 0x00, 0x10, 0x00, 0x00, 0x00, 0x00, 0x00,
    0x45, 0x00, 0x00, 0x8b, 0xc2, 0x00, 0x00, 0x80, 0x43, 0x55, 0x15, 0x00, 0x12, 0x00, 0x10, 0x00,
    0x00, 0x00, 0x00, 0x00, 0x46, 0x10, 0x10, 0x00, 0x01, 0x00, 0x00, 0x00, 0x46, 0x7e, 0x10, 0x00,
    0x00, 0x00, 0x00, 0x00, 0x00, 0x60, 0x10, 0x00, 0x00, 0x00, 0x00, 0x00, 0x32, 0x00, 0x00, 0x09,
    0x12, 0x00, 0x10, 0x00, 0x00, 0x00, 0x00, 0x00, 0x0a, 0x00, 0x10, 0x00, 0x00, 0x00, 0x00, 0x00,
    0x01, 0x40, 0x00, 0x00, 0x00, 0x00, 0x7f, 0x43, 0x01, 0x40, 0x00, 0x00, 0x00, 0x00, 0x00, 0x3f,
    0x38, 0x00, 0x00, 0x07, 0x12, 0x00, 0x10, 0x00, 0x02, 0x00, 0x00, 0x00, 0x0a, 0x00, 0x10, 0x00,
    0x00, 0x00, 0x00, 0x00, 0x01, 0x40, 0x00, 0x00, 0x00, 0x00, 0x80, 0x3b, 0x36, 0x00, 0x00, 0x05,
    0x22, 0x00, 0x10, 0x00, 0x02, 0x00, 0x00, 0x00, 0x01, 0x40, 0x00, 0x00, 0x00, 0x00, 0x00, 0x3f,
    0x45, 0x00, 0x00, 0x8b, 0xc2, 0x00, 0x00, 0x80, 0x43, 0x55, 0x15, 0x00, 0xf2, 0x00, 0x10, 0x00,
    0x01, 0x00, 0x00, 0x00, 0x46, 0x00, 0x10, 0x00, 0x02, 0x00, 0x00, 0x00, 0x46, 0x7e, 0x10, 0x00,
    0x01, 0x00, 0x00, 0x00, 0x00, 0x60, 0x10, 0x00, 0x01, 0x00, 0x00, 0x00, 0x12, 0x00, 0x00, 0x01,
    0x18, 0x00, 0x00, 0x08, 0x12, 0x00, 0x10, 0x00, 0x00, 0x00, 0x00, 0x00, 0x1a, 0x80, 0x20, 0x00,
    0x00, 0x00, 0x00, 0x00, 0x00, 0x00, 0x00, 0x00, 0x01, 0x40, 0x00, 0x00, 0x00, 0x00, 0x80, 0x40,
    0x1f, 0x00, 0x04, 0x03, 0x0a, 0x00, 0x10, 0x00, 0x00, 0x00, 0x00, 0x00, 0x32, 0x00, 0x00, 0x0d,
    0x32, 0x00, 0x10, 0x00, 0x02, 0x00, 0x00, 0x00, 0x46, 0x10, 0x10, 0x00, 0x01, 0x00, 0x00, 0x00,
    0xe6, 0x8a, 0x20, 0x00, 0x00, 0x00, 0x00, 0x00, 0x01, 0x00, 0x00, 0x00, 0x02, 0x40, 0x00, 0x00,
    0x00, 0x00, 0x00, 0x3f, 0x00, 0x00, 0x00, 0x3f, 0x00, 0x00, 0x00, 0x00, 0x00, 0x00, 0x00, 0x00,
    0x41, 0x00, 0x00, 0x05, 0xf2, 0x00, 0x10, 0x00, 0x03, 0x00, 0x00, 0x00, 0x46, 0x04, 0x10, 0x00,
    0x02, 0x00, 0x00, 0x00, 0x00, 0x00, 0x00, 0x0a, 0xf2, 0x00, 0x10, 0x00, 0x03, 0x00, 0x00, 0x00,
    0x46, 0x0e, 0x10, 0x00, 0x03, 0x00, 0x00, 0x00, 0x02, 0x40, 0x00, 0x00, 0x00, 0x00, 0x00, 0xbf,
    0x00, 0x00, 0x00, 0xbf, 0x00, 0x00, 0x00, 0x3f, 0x00, 0x00, 0x00, 0x3f, 0x38, 0x00, 0x00, 0x08,
    0xf2, 0x00, 0x10, 0x00, 0x03, 0x00, 0x00, 0x00, 0x46, 0x0e, 0x10, 0x00, 0x03, 0x00, 0x00, 0x00,
    0x46, 0x84, 0x20, 0x00, 0x00, 0x00, 0x00, 0x00, 0x01, 0x00, 0x00, 0x00, 0x1a, 0x00, 0x00, 0x05,
    0x32, 0x00, 0x10, 0x00, 0x02, 0x00, 0x00, 0x00, 0x46, 0x00, 0x10, 0x00, 0x02, 0x00, 0x00, 0x00,
    0x45, 0x00, 0x00, 0x8b, 0xc2, 0x00, 0x00, 0x80, 0x43, 0x55, 0x15, 0x00, 0x12, 0x00, 0x10, 0x00,
    0x00, 0x00, 0x00, 0x00, 0x46, 0x00, 0x10, 0x00, 0x03, 0x00, 0x00, 0x00, 0x46, 0x7e, 0x10, 0x00,
    0x00, 0x00, 0x00, 0x00, 0x00, 0x60, 0x10, 0x00, 0x00, 0x00, 0x00, 0x00, 0x32, 0x00, 0x00, 0x09,
    0x12, 0x00, 0x10, 0x00, 0x00, 0x00, 0x00, 0x00, 0x0a, 0x00, 0x10, 0x00, 0x00, 0x00, 0x00, 0x00,
    0x01, 0x40, 0x00, 0x00, 0x00, 0x00, 0x7f, 0x43, 0x01, 0x40, 0x00, 0x00, 0x00, 0x00, 0x00, 0x3f,
    0x38, 0x00, 0x00, 0x07, 0x12, 0x00, 0x10, 0x00, 0x04, 0x00, 0x00, 0x00, 0x0a, 0x00, 0x10, 0x00,
    0x00, 0x00, 0x00, 0x00, 0x01, 0x40, 0x00, 0x00, 0x00, 0x00, 0x80, 0x3b, 0x36, 0x00, 0x00, 0x08,
    0xa2, 0x00, 0x10, 0x00, 0x04, 0x00, 0x00, 0x00, 0x02, 0x40, 0x00, 0x00, 0x00, 0x00, 0x00, 0x00,
    0x00, 0x00, 0x00, 0x3f, 0x00, 0x00, 0x00, 0x00, 0x00, 0x00, 0x00, 0x3f, 0x45, 0x00, 0x00, 0x8b,
    0xc2, 0x00, 0x00, 0x80, 0x43, 0x55, 0x15, 0x00, 0xf2, 0x00, 0x10, 0x00, 0x05, 0x00, 0x00, 0x00,
    0x46, 0x00, 0x10, 0x00, 0x04, 0x00, 0x00, 0x00, 0x46, 0x7e, 0x10, 0x00, 0x01, 0x00, 0x00, 0x00,
    0x00, 0x60, 0x10, 0x00, 0x01, 0x00, 0x00, 0x00, 0x45, 0x00, 0x00, 0x8b, 0xc2, 0x00, 0x00, 0x80,
    0x43, 0x55, 0x15, 0x00, 0x12, 0x00, 0x10, 0x00, 0x00, 0x00, 0x00, 0x00, 0xc6, 0x00, 0x10, 0x00,
    0x03, 0x00, 0x00, 0x00, 0x46, 0x7e, 0x10, 0x00, 0x00, 0x00, 0x00, 0x00, 0x00, 0x60, 0x10, 0x00,
    0x00, 0x00, 0x00, 0x00, 0x32, 0x00, 0x00, 0x09, 0x12, 0x00, 0x10, 0x00, 0x00, 0x00, 0x00, 0x00,
    0x0a, 0x00, 0x10, 0x00, 0x00, 0x00, 0x00, 0x00, 0x01, 0x40, 0x00, 0x00, 0x00, 0x00, 0x7f, 0x43,
    0x01, 0x40, 0x00, 0x00, 0x00, 0x00, 0x00, 0x3f, 0x38, 0x00, 0x00, 0x07, 0x42, 0x00, 0x10, 0x00,
    0x04, 0x00, 0x00, 0x00, 0x0a, 0x00, 0x10, 0x00, 0x00, 0x00, 0x00, 0x00, 0x01, 0x40, 0x00, 0x00,
    0x00, 0x00, 0x80, 0x3b, 0x45, 0x00, 0x00, 0x8b, 0xc2, 0x00, 0x00, 0x80, 0x43, 0x55, 0x15, 0x00,
    0xf2, 0x00, 0x10, 0x00, 0x04, 0x00, 0x00, 0x00, 0xe6, 0x0a, 0x10, 0x00, 0x04, 0x00, 0x00, 0x00,
    0x46, 0x7e, 0x10, 0x00, 0x01, 0x00, 0x00, 0x00, 0x00, 0x60, 0x10, 0x00, 0x01, 0x00, 0x00, 0x00,
    0x45, 0x00, 0x00, 0x8b, 0xc2, 0x00, 0x00, 0x80, 0x43, 0x55, 0x15, 0x00, 0x12, 0x00, 0x10, 0x00,
    0x00, 0x00, 0x00, 0x00, 0x66, 0x0a, 0x10, 0x00, 0x03, 0x00, 0x00, 0x00, 0x46, 0x7e, 0x10, 0x00,
    0x00, 0x00, 0x00, 0x00, 0x00, 0x60, 0x10, 0x00, 0x00, 0x00, 0x00, 0x00, 0x32, 0x00, 0x00, 0x09,
    0x12, 0x00, 0x10, 0x00, 0x00, 0x00, 0x00, 0x00, 0x0a, 0x00, 0x10, 0x00, 0x00, 0x00, 0x00, 0x00,
    0x01, 0x40, 0x00, 0x00, 0x00, 0x00, 0x7f, 0x43, 0x01, 0x40, 0x00, 0x00, 0x00, 0x00, 0x00, 0x3f,
    0x38, 0x00, 0x00, 0x07, 0x12, 0x00, 0x10, 0x00, 0x06, 0x00, 0x00, 0x00, 0x0a, 0x00, 0x10, 0x00,
    0x00, 0x00, 0x00, 0x00, 0x01, 0x40, 0x00, 0x00, 0x00, 0x00, 0x80, 0x3b, 0x36, 0x00, 0x00, 0x08,
    0xa2, 0x00, 0x10, 0x00, 0x06, 0x00, 0x00, 0x00, 0x02, 0x40, 0x00, 0x00, 0x00, 0x00, 0x00, 0x00,
    0x00, 0x00, 0x00, 0x3f, 0x00, 0x00, 0x00, 0x00, 0x00, 0x00, 0x00, 0x3f, 0x45, 0x00, 0x00, 0x8b,
    0xc2, 0x00, 0x00, 0x80, 0x43, 0x55, 0x15, 0x00, 0xf2, 0x00, 0x10, 0x00, 0x07, 0x00, 0x00, 0x00,
    0x46, 0x00, 0x10, 0x00, 0x06, 0x00, 0x00, 0x00, 0x46, 0x7e, 0x10, 0x00, 0x01, 0x00, 0x00, 0x00,
    0x00, 0x60, 0x10, 0x00, 0x01, 0x00, 0x00, 0x00, 0x45, 0x00, 0x00, 0x8b, 0xc2, 0x00, 0x00, 0x80,
    0x43, 0x55, 0x15, 0x00, 0x12, 0x00, 0x10, 0x00, 0x00, 0x00, 0x00, 0x00, 0xe6, 0x0a, 0x10, 0x00,
    0x03, 0x00, 0x00, 0x00, 0x46, 0x7e, 0x10, 0x00, 0x00, 0x00, 0x00, 0x00, 0x00, 0x60, 0x10, 0x00,
    0x00, 0x00, 0x00, 0x00, 0x32, 0x00, 0x00, 0x09, 0x12, 0x00, 0x10, 0x00, 0x00, 0x00, 0x00, 0x00,
    0x0a, 0x00, 0x10, 0x00, 0x00, 0x00, 0x00, 0x00, 0x01, 0x40, 0x00, 0x00, 0x00, 0x00, 0x7f, 0x43,
    0x01, 0x40, 0x00, 0x00, 0x00, 0x00, 0x00, 0x3f, 0x38, 0x00, 0x00, 0x07, 0x42, 0x00, 0x10, 0x00,
    0x06, 0x00, 0x00, 0x00, 0x0a, 0x00, 0x10, 0x00, 0x00, 0x00, 0x00, 0x00, 0x01, 0x40, 0x00, 0x00,
    0x00, 0x00, 0x80, 0x3b, 0x45, 0x00, 0x00, 0x8b, 0xc2, 0x00, 0x00, 0x80, 0x43, 0x55, 0x15, 0x00,
    0xf2, 0x00, 0x10, 0x00, 0x03, 0x00, 0x00, 0x00, 0xe6, 0x0a, 0x10, 0x00, 0x06, 0x00, 0x00, 0x00,
    0x46, 0x7e, 0x10, 0x00, 0x01, 0x00, 0x00, 0x00, 0x00, 0x60, 0x10, 0x00, 0x01, 0x00, 0x00, 0x00,
    0x00, 0x00, 0x00, 0x08, 0xf2, 0x00, 0x10, 0x00, 0x04, 0x00, 0x00, 0x00, 0x46, 0x0e, 0x10, 0x80,
    0x41, 0x00, 0x00, 0x00, 0x05, 0x00, 0x00, 0x00, 0x46, 0x0e, 0x10, 0x00, 0x04, 0x00, 0x00, 0x00,
    0x32, 0x00, 0x00, 0x09, 0xf2, 0x00, 0x10, 0x00, 0x04, 0x00, 0x00, 0x00, 0x56, 0x05, 0x10, 0x00,
    0x02, 0x00, 0x00, 0x00, 0x46, 0x0e, 0x10, 0x00, 0x04, 0x00, 0x00, 0x00, 0x46, 0x0e, 0x10, 0x00,
    0x05, 0x00, 0x00, 0x00, 0x00, 0x00, 0x00, 0x08, 0xf2, 0x00, 0x10, 0x00, 0x03, 0x00, 0x00, 0x00,
    0x46, 0x0e, 0x10, 0x80, 0x41, 0x00, 0x00, 0x00, 0x07, 0x00, 0x00, 0x00, 0x46, 0x0e, 0x10, 0x00,
    0x03, 0x00, 0x00, 0x00, 0x32, 0x00, 0x00, 0x09, 0xf2, 0x00, 0x10, 0x00, 0x03, 0x00, 0x00, 0x00,
    0x56, 0x05, 0x10, 0x00, 0x02, 0x00, 0x00, 0x00, 0x46, 0x0e, 0x10, 0x00, 0x03, 0x00, 0x00, 0x00,
    0x46, 0x0e, 0x10, 0x00, 0x07, 0x00, 0x00, 0x00, 0x00, 0x00, 0x00, 0x08, 0xf2, 0x00, 0x10, 0x00,
    0x03, 0x00, 0x00, 0x00, 0x46, 0x0e, 0x10, 0x80, 0x41, 0x00, 0x00, 0x00, 0x04, 0x00, 0x00, 0x00,
    0x46, 0x0e, 0x10, 0x00, 0x03, 0x00, 0x00, 0x00, 0x32, 0x00, 0x00, 0x09, 0xf2, 0x00, 0x10, 0x00,
    0x01, 0x00, 0x00, 0x00, 0x06, 0x00, 0x10, 0x00, 0x02, 0x00, 0x00, 0x00, 0x46, 0x0e, 0x10, 0x00,
    0x03, 0x00, 0x00, 0x00, 0x46, 0x0e, 0x10, 0x00, 0x04, 0x00, 0x00, 0x00, 0x12, 0x00, 0x00, 0x01,
    0x18, 0x00, 0x00, 0x08, 0x12, 0x00, 0x10, 0x00, 0x00, 0x00, 0x00, 0x00, 0x1a, 0x80, 0x20, 0x00,
    0x00, 0x00, 0x00, 0x00, 0x00, 0x00, 0x00, 0x00, 0x01, 0x40, 0x00, 0x00, 0x00, 0x00, 0xa0, 0x40,
    0x1f, 0x00, 0x04, 0x03, 0x0a, 0x00, 0x10, 0x00, 0x00, 0x00, 0x00, 0x00, 0x7a, 0x00, 0x00, 0x05,
    0x32, 0x00, 0x10, 0x00, 0x02, 0x00, 0x00, 0x00, 0x46, 0x10, 0x10, 0x00, 0x01, 0x00, 0x00, 0x00,
    0x7c, 0x00, 0x00, 0x05, 0xc2, 0x00, 0x10, 0x00, 0x02, 0x00, 0x00, 0x00, 0x06, 0x14, 0x10, 0x00,
    0x01, 0x00, 0x00, 0x00, 0x00, 0x00, 0x00, 0x09, 0x32, 0x00, 0x10, 0x00, 0x02, 0x00, 0x00, 0x00,
    0xe6, 0x0a, 0x10, 0x80, 0x81, 0x00, 0x00, 0x00, 0x02, 0x00, 0x00, 0x00, 0x46, 0x00, 0x10, 0x80,
    0x81, 0x00, 0x00, 0x00, 0x02, 0x00, 0x00, 0x00, 0x38, 0x00, 0x00, 0x08, 0x32, 0x00, 0x10, 0x00,
    0x02, 0x00, 0x00, 0x00, 0x46, 0x00, 0x10, 0x00, 0x02, 0x00, 0x00, 0x00, 0xe6, 0x8a, 0x20, 0x00,
    0x00, 0x00, 0x00, 0x00, 0x01, 0x00, 0x00, 0x00, 0x34, 0x00, 0x00, 0x0a, 0x32, 0x00, 0x10, 0x00,
    0x02, 0x00, 0x00, 0x00, 0x46, 0x00, 0x10, 0x00, 0x02, 0x00, 0x00, 0x00, 0x02, 0x40, 0x00, 0x00,
    0xac, 0xc5, 0x27, 0x37, 0xac, 0xc5, 0x27, 0x37, 0x00, 0x00, 0x00, 0x00, 0x00, 0x00, 0x00, 0x00,
    0x33, 0x00, 0x00, 0x0a, 0x32, 0x00, 0x10, 0x00, 0x02, 0x00, 0x00, 0x00, 0x46, 0x00, 0x10, 0x00,
    0x02, 0x00, 0x00, 0x00, 0x02, 0x40, 0x00, 0x00, 0x00, 0x00, 0x80, 0x3f, 0x00, 0x00, 0x80, 0x3f,
    0x00, 0x00, 0x00, 0x00, 0x00, 0x00, 0x00, 0x00, 0x38, 0x00, 0x00, 0x0a, 0xc2, 0x00, 0x10, 0x00,
    0x02, 0x00, 0x00, 0x00, 0x06, 0x04, 0x10, 0x00, 0x02, 0x00, 0x00, 0x00, 0x02, 0x40, 0x00, 0x00,
    0x00, 0x00, 0x00, 0x00, 0x00, 0x00, 0x00, 0x00, 0x00, 0x00, 0x00, 0x3f, 0x00, 0x00, 0x00, 0x3f,
    0x32, 0x00, 0x00, 0x0b, 0xc2, 0x00, 0x10, 0x00, 0x02, 0x00, 0x00, 0x00, 0x06, 0x14, 0x10, 0x00,
    0x01, 0x00, 0x00, 0x00, 0xa6, 0x8e, 0x20, 0x00, 0x00, 0x00, 0x00, 0x00, 0x01, 0x00, 0x00, 0x00,
    0xa6, 0x0e, 0x10, 0x80, 0x41, 0x00, 0x00, 0x00, 0x02, 0x00, 0x00, 0x00, 0x00, 0x00, 0x00, 0x0b,
    0x32, 0x00, 0x10, 0x00, 0x02, 0x00, 0x00, 0x00, 0x46, 0x00, 0x10, 0x80, 0x41, 0x00, 0x00, 0x00,
    0x02, 0x00, 0x00, 0x00, 0x02, 0x40, 0x00, 0x00, 0x00, 0x00, 0x80, 0x3f, 0x00, 0x00, 0x80, 0x3f,
    0x00, 0x00, 0x00, 0x00, 0x00, 0x00, 0x00, 0x00, 0x1a, 0x00, 0x00, 0x05, 0x32, 0x00, 0x10, 0x00,
    0x03, 0x00, 0x00, 0x00, 0xe6, 0x0a, 0x10, 0x00, 0x02, 0x00, 0x00, 0x00, 0x00, 0x00, 0x00, 0x0b,
    0xc2, 0x00, 0x10, 0x00, 0x03, 0x00, 0x00, 0x00, 0x06, 0x04, 0x10, 0x80, 0x41, 0x00, 0x00, 0x00,
    0x02, 0x00, 0x00, 0x00, 0x02, 0x40, 0x00, 0x00, 0x00, 0x00, 0x00, 0x00, 0x00, 0x00, 0x00, 0x00,
    0x00, 0x00, 0x80, 0x3f, 0x00, 0x00, 0x80, 0x3f, 0x00, 0x00, 0x00, 0x08, 0x32, 0x00, 0x10, 0x00,
    0x02, 0x00, 0x00, 0x00, 0x46, 0x00, 0x10, 0x80, 0x41, 0x00, 0x00, 0x00, 0x02, 0x00, 0x00, 0x00,
    0x46, 0x00, 0x10, 0x00, 0x03, 0x00, 0x00, 0x00, 0x0e, 0x00, 0x00, 0x0a, 0x32, 0x00, 0x10, 0x00,
    0x03, 0x00, 0x00, 0x00, 0x02, 0x40, 0x00, 0x00, 0x00, 0x00, 0x80, 0x3f, 0x00, 0x00, 0x80, 0x3f,
    0x00, 0x00, 0x80, 0x3f, 0x00, 0x00, 0x80, 0x3f, 0xe6, 0x0a, 0x10, 0x00, 0x03, 0x00, 0x00, 0x00,
    0x38, 0x20, 0x00, 0x07, 0x32, 0x00, 0x10, 0x00, 0x02, 0x00, 0x00, 0x00, 0x46, 0x00, 0x10, 0x00,
    0x02, 0x00, 0x00, 0x00, 0x46, 0x00, 0x10, 0x00, 0x03, 0x00, 0x00, 0x00, 0x32, 0x00, 0x00, 0x0f,
    0x32, 0x00, 0x10, 0x00, 0x03, 0x00, 0x00, 0x00, 0x46, 0x00, 0x10, 0x00, 0x02, 0x00, 0x00, 0x00,
    0x02, 0x40, 0x00, 0x00, 0x00, 0x00, 0x00, 0xc0, 0x00, 0x00, 0x00, 0xc0, 0x00, 0x00, 0x00, 0x00,
    0x00, 0x00, 0x00, 0x00, 0x02, 0x40, 0x00, 0x00, 0x00, 0x00, 0x40, 0x40, 0x00, 0x00, 0x40, 0x40,
    0x00, 0x00, 0x00, 0x00, 0x00, 0x00, 0x00, 0x00, 0x38, 0x00, 0x00, 0x07, 0x32, 0x00, 0x10, 0x00,
    0x02, 0x00, 0x00, 0x00, 0x46, 0x00, 0x10, 0x00, 0x02, 0x00, 0x00, 0x00, 0x46, 0x00, 0x10, 0x00,
    0x02, 0x00, 0x00, 0x00, 0x41, 0x00, 0x00, 0x05, 0xc2, 0x00, 0x10, 0x00, 0x02, 0x00, 0x00, 0x00,
    0xa6, 0x0e, 0x10, 0x00, 0x02, 0x00, 0x00, 0x00, 0x32, 0x00, 0x00, 0x09, 0x32, 0x00, 0x10, 0x00,
    0x02, 0x00, 0x00, 0x00, 0x46, 0x00, 0x10, 0x00, 0x03, 0x00, 0x00, 0x00, 0x46, 0x00, 0x10, 0x00,
    0x02, 0x00, 0x00, 0x00, 0xe6, 0x0a, 0x10, 0x00, 0x02, 0x00, 0x00, 0x00, 0x00, 0x00, 0x00, 0x0a,
    0x32, 0x00, 0x10, 0x00, 0x02, 0x00, 0x00, 0x00, 0x46, 0x00, 0x10, 0x00, 0x02, 0x00, 0x00, 0x00,
    0x02, 0x40, 0x00, 0x00, 0x00, 0x00, 0x00, 0x3f, 0x00, 0x00, 0x00, 0x3f, 0x00, 0x00, 0x00, 0x00,
    0x00, 0x00, 0x00, 0x00, 0x38, 0x00, 0x00, 0x08, 0x32, 0x00, 0x10, 0x00, 0x02, 0x00, 0x00, 0x00,
    0x46, 0x00, 0x10, 0x00, 0x02, 0x00, 0x00, 0x00, 0x46, 0x80, 0x20, 0x00, 0x00, 0x00, 0x00, 0x00,
    0x01, 0x00, 0x00, 0x00, 0x32, 0x00, 0x00, 0x0d, 0x32, 0x00, 0x10, 0x00, 0x02, 0x00, 0x00, 0x00,
    0x46, 0x00, 0x10, 0x00, 0x02, 0x00, 0x00, 0x00, 0xe6, 0x8a, 0x20, 0x00, 0x00, 0x00, 0x00, 0x00,
    0x01, 0x00, 0x00, 0x00, 0x02, 0x40, 0x00, 0x00, 0x00, 0x00, 0x00, 0x3f, 0x00, 0x00, 0x00, 0x3f,
    0x00, 0x00, 0x00, 0x00, 0x00, 0x00, 0x00, 0x00, 0x41, 0x00, 0x00, 0x05, 0xf2, 0x00, 0x10, 0x00,
    0x03, 0x00, 0x00, 0x00, 0x46, 0x04, 0x10, 0x00, 0x02, 0x00, 0x00, 0x00, 0x00, 0x00, 0x00, 0x0a,
    0xf2, 0x00, 0x10, 0x00, 0x03, 0x00, 0x00, 0x00, 0x46, 0x0e, 0x10, 0x00, 0x03, 0x00, 0x00, 0x00,
    0x02, 0x40, 0x00, 0x00, 0x00, 0x00, 0x00, 0xbf, 0x00, 0x00, 0x00, 0xbf, 0x00, 0x00, 0x00, 0x3f,
    0x00, 0x00, 0x00, 0x3f, 0x38, 0x00, 0x00, 0x08, 0xf2, 0x00, 0x10, 0x00, 0x03, 0x00, 0x00, 0x00,
    0x46, 0x0e, 0x10, 0x00, 0x03, 0x00, 0x00, 0x00, 0x46, 0x84, 0x20, 0x00, 0x00, 0x00, 0x00, 0x00,
    0x01, 0x00, 0x00, 0x00, 0x1a, 0x00, 0x00, 0x05, 0x32, 0x00, 0x10, 0x00, 0x02, 0x00, 0x00, 0x00,
    0x46, 0x00, 0x10, 0x00, 0x02, 0x00, 0x00, 0x00, 0x45, 0x00, 0x00, 0x8b, 0xc2, 0x00, 0x00, 0x80,
    0x43, 0x55, 0x15, 0x00, 0x12, 0x00, 0x10, 0x00, 0x00, 0x00, 0x00, 0x00, 0x46, 0x00, 0x10, 0x00,
    0x03, 0x00, 0x00, 0x00, 0x46, 0x7e, 0x10, 0x00, 0x00, 0x00, 0x00, 0x00, 0x00, 0x60, 0x10, 0x00,
    0x00, 0x00, 0x00, 0x00, 0x32, 0x00, 0x00, 0x09, 0x12, 0x00, 0x10, 0x00, 0x00, 0x00, 0x00, 0x00,
    0x0a, 0x00, 0x10, 0x00, 0x00, 0x00, 0x00, 0x00, 0x01, 0x40, 0x00, 0x00, 0x00, 0x00, 0x7f, 0x43,
    0x01, 0x40, 0x00, 0x00, 0x00, 0x00, 0x00, 0x3f, 0x38, 0x00, 0x00, 0x07, 0x12, 0x00, 0x10, 0x00,
    0x04, 0x00, 0x00, 0x00, 0x0a, 0x00, 0x10, 0x00, 0x00, 0x00, 0x00, 0x00, 0x01, 0x40, 0x00, 0x00,
    0x00, 0x00, 0x80, 0x3b, 0x36, 0x00, 0x00, 0x08, 0xa2, 0x00, 0x10, 0x00, 0x04, 0x00, 0x00, 0x00,
    0x02, 0x40, 0x00, 0x00, 0x00, 0x00, 0x00, 0x00, 0x00, 0x00, 0x00, 0x3f, 0x00, 0x00, 0x00, 0x00,
    0x00, 0x00, 0x00, 0x3f, 0x45, 0x00, 0x00, 0x8b, 0xc2, 0x00, 0x00, 0x80, 0x43, 0x55, 0x15, 0x00,
    0xf2, 0x00, 0x10, 0x00, 0x05, 0x00, 0x00, 0x00, 0x46, 0x00, 0x10, 0x00, 0x04, 0x00, 0x00, 0x00,
    0x46, 0x7e, 0x10, 0x00, 0x01, 0x00, 0x00, 0x00, 0x00, 0x60, 0x10, 0x00, 0x01, 0x00, 0x00, 0x00,
    0x45, 0x00, 0x00, 0x8b, 0xc2, 0x00, 0x00, 0x80, 0x43, 0x55, 0x15, 0x00, 0x12, 0x00, 0x10, 0x00,
    0x00, 0x00, 0x00, 0x00, 0xc6, 0x00, 0x10, 0x00, 0x03, 0x00, 0x00, 0x00, 0x46, 0x7e, 0x10, 0x00,
    0x00, 0x00, 0x00, 0x00, 0x00, 0x60, 0x10, 0x00, 0x00, 0x00, 0x00, 0x00, 0x32, 0x00, 0x00, 0x09,
    0x12, 0x00, 0x10, 0x00, 0x00, 0x00, 0x00, 0x00, 0x0a, 0x00, 0x10, 0x00, 0x00, 0x00, 0x00, 0x00,
    0x01, 0x40, 0x00, 0x00, 0x00, 0x00, 0x7f, 0x43, 0x01, 0x40, 0x00, 0x00, 0x00, 0x00, 0x00, 0x3f,
    0x38, 0x00, 0x00, 0x07, 0x42, 0x00, 0x10, 0x00, 0x04, 0x00, 0x00, 0x00, 0x0a, 0x00, 0x10, 0x00,
    0x00, 0x00, 0x00, 0x00, 0x01, 0x40, 0x00, 0x00, 0x00, 0x00, 0x80, 0x3b, 0x45, 0x00, 0x00, 0x8b,
    0xc2, 0x00, 0x00, 0x80, 0x43, 0x55, 0x15, 0x00, 0xf2, 0x00, 0x10, 0x00, 0x04, 0x00, 0x00, 0x00,
    0xe6, 0x0a, 0x10, 0x00, 0x04, 0x00, 0x00, 0x00, 0x46, 0x7e, 0x10, 0x00, 0x01, 0x00, 0x00, 0x00,
    0x00, 0x60, 0x10, 0x00, 0x01, 0x00, 0x00, 0x00, 0x45, 0x00, 0x00, 0x8b, 0xc2, 0x00, 0x00, 0x80,
    0x43, 0x55, 0x15, 0x00, 0x12, 0x00, 0x10, 0x00, 0x00, 0x00, 0x00, 0x00, 0x66, 0x0a, 0x10, 0x00,
    0x03, 0x00, 0x00, 0x00, 0x46, 0x7e, 0x10, 0x00, 0x00, 0x00, 0x00, 0x00, 0x00, 0x60, 0x10, 0x00,
    0x00, 0x00, 0x00, 0x00, 0x32, 0x00, 0x00, 0x09, 0x12, 0x00, 0x10, 0x00, 0x00, 0x00, 0x00, 0x00,
    0x0a, 0x00, 0x10, 0x00, 0x00, 0x00, 0x00, 0x00, 0x01, 0x40, 0x00, 0x00, 0x00, 0x00, 0x7f, 0x43,
    0x01, 0x40, 0x00, 0x00, 0x00, 0x00, 0x00, 0x3f, 0x38, 0x00, 0x00, 0x07, 0x12, 0x00, 0x10, 0x00,
    0x06, 0x00, 0x00, 0x00, 0x0a, 0x00, 0x10, 0x00, 0x00, 0x00, 0x00, 0x00, 0x01, 0x40, 0x00, 0x00,
    0x00, 0x00, 0x80, 0x3b, 0x36, 0x00, 0x00, 0x08, 0xa2, 0x00, 0x10, 0x00, 0x06, 0x00, 0x00, 0x00,
    0x02, 0x40, 0x00, 0x00, 0x00, 0x00, 0x00, 0x00, 0x00, 0x00, 0x00, 0x3f, 0x00, 0x00, 0x00, 0x00,
    0x00, 0x00, 0x00, 0x3f, 0x45, 0x00, 0x00, 0x8b, 0xc2, 0x00, 0x00, 0x80, 0x43, 0x55, 0x15, 0x00,
    0xf2, 0x00, 0x10, 0x00, 0x07, 0x00, 0x00, 0x00, 0x46, 0x00, 0x10, 0x00, 0x06, 0x00, 0x00, 0x00,
    0x46, 0x7e, 0x10, 0x00, 0x01, 0x00, 0x00, 0x00, 0x00, 0x60, 0x10, 0x00, 0x01, 0x00, 0x00, 0x00,
    0x45, 0x00, 0x00, 0x8b, 0xc2, 0x00, 0x00, 0x80, 0x43, 0x55, 0x15, 0x00, 0x12, 0x00, 0x10, 0x00,
    0x00, 0x00, 0x00, 0x00, 0xe6, 0x0a, 0x10, 0x00, 0x03, 0x00, 0x00, 0x00, 0x46, 0x7e, 0x10, 0x00,
    0x00, 0x00, 0x00, 0x00, 0x00, 0x60, 0x10, 0x00, 0x00, 0x00, 0x00, 0x00, 0x32, 0x00, 0x00, 0x09,
    0x12, 0x00, 0x10, 0x00, 0x00, 0x00, 0x00, 0x00, 0x0a, 0x00, 0x10, 0x00, 0x00, 0x00, 0x00, 0x00,
    0x01, 0x40, 0x00, 0x00, 0x00, 0x00, 0x7f, 0x43, 0x01, 0x40, 0x00, 0x00, 0x00, 0x00, 0x00, 0x3f,
    0x38, 0x00, 0x00, 0x07, 0x42, 0x00, 0x10, 0x00, 0x06, 0x00, 0x00, 0x00, 0x0a, 0x00, 0x10, 0x00,
    0x00, 0x00, 0x00, 0x00, 0x01, 0x40, 0x00, 0x00, 0x00, 0x00, 0x80, 0x3b, 0x45, 0x00, 0x00, 0x8b,
    0xc2, 0x00, 0x00, 0x80, 0x43, 0x55, 0x15, 0x00, 0xf2, 0x00, 0x10, 0x00, 0x03, 0x00, 0x00, 0x00,
    0xe6, 0x0a, 0x10, 0x00, 0x06, 0x00, 0x00, 0x00, 0x46, 0x7e, 0x10, 0x00, 0x01, 0x00, 0x00, 0x00,
    0x00, 0x60, 0x10, 0x00, 0x01, 0x00, 0x00, 0x00, 0x00, 0x00, 0x00, 0x08, 0xf2, 0x00, 0x10, 0x00,
    0x04, 0x00, 0x00, 0x00, 0x46, 0x0e, 0x10, 0x80, 0x41, 0x00, 0x00, 0x00, 0x05, 0x00, 0x00, 0x00,
    0x46, 0x0e, 0x10, 0x00, 0x04, 0x00, 0x00, 0x00, 0x32, 0x00, 0x00, 0x09, 0xf2, 0x00, 0x10, 0x00,
    0x04, 0x00, 0x00, 0x00, 0x56, 0x05, 0x10, 0x00, 0x02, 0x00, 0x00, 0x00, 0x46, 0x0e, 0x10, 0x00,
    0x04, 0x00, 0x00, 0x00, 0x46, 0x0e, 0x10, 0x00, 0x05, 0x00, 0x00, 0x00, 0x00, 0x00, 0x00, 0x08,
    0xf2, 0x00, 0x10, 0x00, 0x03, 0x00, 0x00, 0x00, 0x46, 0x0e, 0x10, 0x80, 0x41, 0x00, 0x00, 0x00,
    0x07, 0x00, 0x00, 0x00, 0x46, 0x0e, 0x10, 0x00, 0x03, 0x00, 0x00, 0x00, 0x32, 0x00, 0x00, 0x09,
    0xf2, 0x00, 0x10, 0x00, 0x03, 0x00, 0x00, 0x00, 0x56, 0x05, 0x10, 0x00, 0x02, 0x00, 0x00, 0x00,
    0x46, 0x0e, 0x10, 0x00, 0x03, 0x00, 0x00, 0x00, 0x46, 0x0e, 0x10, 0x00, 0x07, 0x00, 0x00, 0x00,
    0x00, 0x00, 0x00, 0x08, 0xf2, 0x00, 0x10, 0x00, 0x03, 0x00, 0x00, 0x00, 0x46, 0x0e, 0x10, 0x80,
    0x41, 0x00, 0x00, 0x00, 0x04, 0x00, 0x00, 0x00, 0x46, 0x0e, 0x10, 0x00, 0x03, 0x00, 0x00, 0x00,
    0x32, 0x00, 0x00, 0x09, 0xf2, 0x00, 0x10, 0x00, 0x01, 0x00, 0x00, 0x00, 0x06, 0x00, 0x10, 0x00,
    0x02, 0x00, 0x00, 0x00, 0x46, 0x0e, 0x10, 0x00, 0x03, 0x00, 0x00, 0x00, 0x46, 0x0e, 0x10, 0x00,
    0x04, 0x00, 0x00, 0x00, 0x12, 0x00, 0x00, 0x01, 0x18, 0x00, 0x00, 0x08, 0x12, 0x00, 0x10, 0x00,
    0x00, 0x00, 0x00, 0x00, 0x1a, 0x80, 0x20, 0x00, 0x00, 0x00, 0x00, 0x00, 0x00, 0x00, 0x00, 0x00,
    0x01, 0x40, 0x00, 0x00, 0x00, 0x00, 0xc0, 0x40, 0x1f, 0x00, 0x04, 0x03, 0x0a, 0x00, 0x10, 0x00,
    0x00, 0x00, 0x00, 0x00, 0x45, 0x00, 0x00, 0x8b, 0xc2, 0x00, 0x00, 0x80, 0x43, 0x55, 0x15, 0x00,
    0x12, 0x00, 0x10, 0x00, 0x02, 0x00, 0x00, 0x00, 0x46, 0x10, 0x10, 0x00, 0x01, 0x00, 0x00, 0x00,
    0x46, 0x7e, 0x10, 0x00, 0x00, 0x00, 0x00, 0x00, 0x00, 0x60, 0x10, 0x00, 0x00, 0x00, 0x00, 0x00,
    0x45, 0x00, 0x00, 0x8b, 0xc2, 0x00, 0x00, 0x80, 0x43, 0x55, 0x15, 0x00, 0x62, 0x00, 0x10, 0x00,
    0x02, 0x00, 0x00, 0x00, 0x46, 0x10, 0x10, 0x00, 0x01, 0x00, 0x00, 0x00, 0x26, 0x7d, 0x10, 0x00,
    0x01, 0x00, 0x00, 0x00, 0x00, 0x60, 0x10, 0x00, 0x00, 0x00, 0x00, 0x00, 0x00, 0x00, 0x00, 0x08,
    0x72, 0x00, 0x10, 0x00, 0x02, 0x00, 0x00, 0x00, 0x46, 0x02, 0x10, 0x00, 0x02, 0x00, 0x00, 0x00,
    0x46, 0x82, 0x20, 0x00, 0x00, 0x00, 0x00, 0x00, 0x03, 0x00, 0x00, 0x00, 0x10, 0x00, 0x00, 0x08,
    0x12, 0x00, 0x10, 0x00, 0x01, 0x00, 0x00, 0x00, 0x46, 0x02, 0x10, 0x00, 0x02, 0x00, 0x00, 0x00,
    0x46, 0x82, 0x20, 0x00, 0x00, 0x00, 0x00, 0x00, 0x04, 0x00, 0x00, 0x00, 0x10, 0x00, 0x00, 0x08,
    0x22, 0x00, 0x10, 0x00, 0x01, 0x00, 0x00, 0x00, 0x46, 0x02, 0x10, 0x00, 0x02, 0x00, 0x00, 0x00,
    0x46, 0x82, 0x20, 0x00, 0x00, 0x00, 0x00, 0x00, 0x05, 0x00, 0x00, 0x00, 0x10, 0x00, 0x00, 0x08,
    0x42, 0x00, 0x10, 0x00, 0x01, 0x00, 0x00, 0x00, 0x46, 0x02, 0x10, 0x00, 0x02, 0x00, 0x00, 0x00,
    0x46, 0x82, 0x20, 0x00, 0x00, 0x00, 0x00, 0x00, 0x06, 0x00, 0x00, 0x00, 0x12, 0x00, 0x00, 0x01,
    0x18, 0x00, 0x00, 0x08, 0x12, 0x00, 0x10, 0x00, 0x00, 0x00, 0x00, 0x00, 0x1a, 0x80, 0x20, 0x00,
    0x00, 0x00, 0x00, 0x00, 0x00, 0x00, 0x00, 0x00, 0x01, 0x40, 0x00, 0x00, 0x00, 0x00, 0xe0, 0x40,
    0x1f, 0x00, 0x04, 0x03, 0x0a, 0x00, 0x10, 0x00, 0x00, 0x00, 0x00, 0x00, 0x45, 0x00, 0x00, 0x8b,
    0xc2, 0x00, 0x00, 0x80, 0x43, 0x55, 0x15, 0x00, 0x12, 0x00, 0x10, 0x00, 0x02, 0x00, 0x00, 0x00,
    0x46, 0x10, 0x10, 0x00, 0x01, 0x00, 0x00, 0x00, 0x46, 0x7e, 0x10, 0x00, 0x00, 0x00, 0x00, 0x00,
    0x00, 0x60, 0x10, 0x00, 0x00, 0x00, 0x00, 0x00, 0x45, 0x00, 0x00, 0x8b, 0xc2, 0x00, 0x00, 0x80,
    0x43, 0x55, 0x15, 0x00, 0x62, 0x00, 0x10, 0x00, 0x02, 0x00, 0x00, 0x00, 0x46, 0x10, 0x10, 0x00,
    0x01, 0x00, 0x00, 0x00, 0x66, 0x7c, 0x10, 0x00, 0x01, 0x00, 0x00, 0x00, 0x00, 0x60, 0x10, 0x00,
    0x00, 0x00, 0x00, 0x00, 0x00, 0x00, 0x00, 0x08, 0x72, 0x00, 0x10, 0x00, 0x02, 0x00, 0x00, 0x00,
    0x46, 0x02, 0x10, 0x00, 0x02, 0x00, 0x00, 0x00, 0x46, 0x82, 0x20, 0x00, 0x00, 0x00, 0x00, 0x00,
    0x03, 0x00, 0x00, 0x00, 0x10, 0x00, 0x00, 0x08, 0x12, 0x00, 0x10, 0x00, 0x01, 0x00, 0x00, 0x00,
    0x46, 0x02, 0x10, 0x00, 0x02, 0x00, 0x00, 0x00, 0x46, 0x82, 0x20, 0x00, 0x00, 0x00, 0x00, 0x00,
    0x04, 0x00, 0x00, 0x00, 0x10, 0x00, 0x00, 0x08, 0x22, 0x00, 0x10, 0x00, 0x01, 0x00, 0x00, 0x00,
    0x46, 0x02, 0x10, 0x00, 0x02, 0x00, 0x00, 0x00, 0x46, 0x82, 0x20, 0x00, 0x00, 0x00, 0x00, 0x00,
    0x05, 0x00, 0x00, 0x00, 0x10, 0x00, 0x00, 0x08, 0x42, 0x00, 0x10, 0x00, 0x01, 0x00, 0x00, 0x00,
    0x46, 0x02, 0x10, 0x00, 0x02, 0x00, 0x00, 0x00, 0x46, 0x82, 0x20, 0x00, 0x00, 0x00, 0x00, 0x00,
    0x06, 0x00, 0x00, 0x00, 0x12, 0x00, 0x00, 0x01, 0x18, 0x00, 0x00, 0x08, 0x12, 0x00, 0x10, 0x00,
    0x00, 0x00, 0x00, 0x00, 0x1a, 0x80, 0x20, 0x00, 0x00, 0x00, 0x00, 0x00, 0x00, 0x00, 0x00, 0x00,
    0x01, 0x40, 0x00, 0x00, 0x00, 0x00, 0x00, 0x41, 0x1f, 0x00, 0x04, 0x03, 0x0a, 0x00, 0x10, 0x00,
    0x00, 0x00, 0x00, 0x00, 0x45, 0x00, 0x00, 0x8b, 0xc2, 0x00, 0x00, 0x80, 0x43, 0x55, 0x15, 0x00,
    0x12, 0x00, 0x10, 0x00, 0x02, 0x00, 0x00, 0x00, 0x46, 0x10, 0x10, 0x00, 0x01, 0x00, 0x00, 0x00,
    0x46, 0x7e, 0x10, 0x00, 0x00, 0x00, 0x00, 0x00, 0x00, 0x60, 0x10, 0x00, 0x00, 0x00, 0x00, 0x00,
    0x45, 0x00, 0x00, 0x8b, 0xc2, 0x00, 0x00, 0x80, 0x43, 0x55, 0x15, 0x00, 0x22, 0x00, 0x10, 0x00,
    0x02, 0x00, 0x00, 0x00, 0x46, 0x10, 0x10, 0x00, 0x01, 0x00, 0x00, 0x00, 0x16, 0x7e, 0x10, 0x00,
    0x01, 0x00, 0x00, 0x00, 0x00, 0x60, 0x10, 0x00, 0x00, 0x00, 0x00, 0x00, 0x45, 0x00, 0x00, 0x8b,
    0xc2, 0x00, 0x00, 0x80, 0x43, 0x55, 0x15, 0x00, 0x42, 0x00, 0x10, 0x00, 0x02, 0x00, 0x00, 0x00,
    0x46, 0x10, 0x10, 0x00, 0x01, 0x00, 0x00, 0x00, 0x96, 0x7c, 0x10, 0x00, 0x02, 0x00, 0x00, 0x00,
    0x00, 0x60, 0x10, 0x00, 0x00, 0x00, 0x00, 0x00, 0x00, 0x00, 0x00, 0x08, 0x72, 0x00, 0x10, 0x00,
    0x02, 0x00, 0x00, 0x00, 0x46, 0x02, 0x10, 0x00, 0x02, 0x00, 0x00, 0x00, 0x46, 0x82, 0x20, 0x00,
    0x00, 0x00, 0x00, 0x00, 0x03, 0x00, 0x00, 0x00, 0x10, 0x00, 0x00, 0x08, 0x12, 0x00, 0x10, 0x00,
    0x01, 0x00, 0x00, 0x00, 0x46, 0x02, 0x10, 0x00, 0x02, 0x00, 0x00, 0x00, 0x46, 0x82, 0x20, 0x00,
    0x00, 0x00, 0x00, 0x00, 0x04, 0x00, 0x00, 0x00, 0x10, 0x00, 0x00, 0x08, 0x22, 0x00, 0x10, 0x00,
    0x01, 0x00, 0x00, 0x00, 0x46, 0x02, 0x10, 0x00, 0x02, 0x00, 0x00, 0x00, 0x46, 0x82, 0x20, 0x00,
    0x00, 0x00, 0x00, 0x00, 0x05, 0x00, 0x00, 0x00, 0x10, 0x00, 0x00, 0x08, 0x42, 0x00, 0x10, 0x00,
    0x01, 0x00, 0x00, 0x00, 0x46, 0x02, 0x10, 0x00, 0x02, 0x00, 0x00, 0x00, 0x46, 0x82, 0x20, 0x00,
    0x00, 0x00, 0x00, 0x00, 0x06, 0x00, 0x00, 0x00, 0x12, 0x00, 0x00, 0x01, 0x36, 0x00, 0x00, 0x08,
    0x72, 0x00, 0x10, 0x00, 0x01, 0x00, 0x00, 0x00, 0x02, 0x40, 0x00, 0x00, 0x00, 0x00, 0x80, 0x3f,
    0x00, 0x00, 0x00, 0x00, 0x00, 0x00, 0x80, 0x3f, 0x00, 0x00, 0x00, 0x00, 0x15, 0x00, 0x00, 0x01,
    0x15, 0x00, 0x00, 0x01, 0x15, 0x00, 0x00, 0x01, 0x36, 0x00, 0x00, 0x05, 0x82, 0x00, 0x10, 0x00,
    0x01, 0x00, 0x00, 0x00, 0x01, 0x40, 0x00, 0x00, 0x00, 0x00, 0x80, 0x3f, 0x15, 0x00, 0x00, 0x01,
    0x15, 0x00, 0x00, 0x01, 0x15, 0x00, 0x00, 0x01, 0x15, 0x00, 0x00, 0x01, 0x15, 0x00, 0x00, 0x01,
    0x15, 0x00, 0x00, 0x01, 0x2f, 0x00, 0x00, 0x06, 0x72, 0x00, 0x10, 0x00, 0x02, 0x00, 0x00, 0x00,
    0x46, 0x02, 0x10, 0x80, 0x81, 0x00, 0x00, 0x00, 0x01, 0x00, 0x00, 0x00, 0x38, 0x00, 0x00, 0x0a,
    0x72, 0x00, 0x10, 0x00, 0x02, 0x00, 0x00, 0x00, 0x46, 0x02, 0x10, 0x00, 0x02, 0x00, 0x00, 0x00,
    0x02, 0x40, 0x00, 0x00, 0xac, 0xcd, 0x4f, 0x3c, 0xac, 0xcd, 0x4f, 0x3c, 0xac, 0xcd, 0x4f, 0x3c,
    0x00, 0x00, 0x00, 0x00, 0x19, 0x00, 0x00, 0x05, 0x72, 0x00, 0x10, 0x00, 0x02, 0x00, 0x00, 0x00,
    0x46, 0x02, 0x10, 0x00, 0x02, 0x00, 0x00, 0x00, 0x00, 0x00, 0x00, 0x0a, 0x72, 0x00, 0x10, 0x00,
    0x03, 0x00, 0x00, 0x00, 0x46, 0x02, 0x10, 0x00, 0x02, 0x00, 0x00, 0x00, 0x02, 0x40, 0x00, 0x00,
    0x00, 0x00, 0x56, 0xbf, 0x00, 0x00, 0x56, 0xbf, 0x00, 0x00, 0x56, 0xbf, 0x00, 0x00, 0x00, 0x00,
    0x34, 0x00, 0x00, 0x0a, 0x72, 0x00, 0x10, 0x00, 0x03, 0x00, 0x00, 0x00, 0x46, 0x02, 0x10, 0x00,
    0x03, 0x00, 0x00, 0x00, 0x02, 0x40, 0x00, 0x00, 0x00, 0x00, 0x00, 0x00, 0x00, 0x00, 0x00, 0x00,
    0x00, 0x00, 0x00, 0x00, 0x00, 0x00, 0x00, 0x00, 0x32, 0x00, 0x00, 0x10, 0x72, 0x00, 0x10, 0x00,
    0x02, 0x00, 0x00, 0x00, 0x46, 0x02, 0x10, 0x80, 0x41, 0x00, 0x00, 0x00, 0x02, 0x00, 0x00, 0x00,
    0x02, 0x40, 0x00, 0x00, 0x00, 0x80, 0x95, 0x41, 0x00, 0x80, 0x95, 0x41, 0x00, 0x80, 0x95, 0x41,
    0x00, 0x00, 0x00, 0x00, 0x02, 0x40, 0x00, 0x00, 0x00, 0xd0, 0x96, 0x41, 0x00, 0xd0, 0x96, 0x41,
    0x00, 0xd0, 0x96, 0x41, 0x00, 0x00, 0x00, 0x00, 0x0e, 0x00, 0x00, 0x07, 0x72, 0x00, 0x10, 0x00,
    0x02, 0x00, 0x00, 0x00, 0x46, 0x02, 0x10, 0x00, 0x03, 0x00, 0x00, 0x00, 0x46, 0x02, 0x10, 0x00,
    0x02, 0x00, 0x00, 0x00, 0x2f, 0x00, 0x00, 0x06, 0x72, 0x00, 0x10, 0x00, 0x02, 0x00, 0x00, 0x00,
    0x46, 0x02, 0x10, 0x80, 0x81, 0x00, 0x00, 0x00, 0x02, 0x00, 0x00, 0x00, 0x38, 0x00, 0x00, 0x0a,
    0x72, 0x00, 0x10, 0x00, 0x02, 0x00, 0x00, 0x00, 0x46, 0x02, 0x10, 0x00, 0x02, 0x00, 0x00, 0x00,
    0x02, 0x40, 0x00, 0x00, 0x6b, 0xe0, 0xc8, 0x40, 0x6b, 0xe0, 0xc8, 0x40, 0x6b, 0xe0, 0xc8, 0x40,
    0x00, 0x00, 0x00, 0x00, 0x19, 0x00, 0x00, 0x05, 0x72, 0x00, 0x10, 0x00, 0x02, 0x00, 0x00, 0x00,
    0x46, 0x02, 0x10, 0x00, 0x02, 0x00, 0x00, 0x00, 0x38, 0x00, 0x00, 0x0a, 0x72, 0x00, 0x10, 0x00,
    0x02, 0x00, 0x00, 0x00, 0x46, 0x02, 0x10, 0x00, 0x02, 0x00, 0x00, 0x00, 0x02, 0x40, 0x00, 0x00,
    0x00, 0x40, 0x1c, 0x46, 0x00, 0x40, 0x1c, 0x46, 0x00, 0x40, 0x1c, 0x46, 0x00, 0x00, 0x00, 0x00,
    0x0e, 0x00, 0x00, 0x08, 0x72, 0x00, 0x10, 0x00, 0x02, 0x00, 0x00, 0x00, 0x46, 0x02, 0x10, 0x00,
    0x02, 0x00, 0x00, 0x00, 0xf6, 0x8f, 0x20, 0x00, 0x00, 0x00, 0x00, 0x00, 0x02, 0x00, 0x00, 0x00,
    0x37, 0x00, 0x00, 0x09, 0x72, 0x00, 0x10, 0x00, 0x02, 0x00, 0x00, 0x00, 0x56, 0x05, 0x10, 0x00,
    0x00, 0x00, 0x00, 0x00, 0x46, 0x02, 0x10, 0x00, 0x02, 0x00, 0x00, 0x00, 0x46, 0x02, 0x10, 0x00,
    0x01, 0x00, 0x00, 0x00, 0x39, 0x00, 0x00, 0x08, 0x12, 0x00, 0x10, 0x00, 0x00, 0x00, 0x00, 0x00,
    0x0a, 0x80, 0x20, 0x00, 0x00, 0x00, 0x00, 0x00, 0x02, 0x00, 0x00, 0x00, 0x01, 0x40, 0x00, 0x00,
    0x00, 0x00, 0x00, 0x00, 0x38, 0x00, 0x00, 0x08, 0x72, 0x00, 0x10, 0x00, 0x03, 0x00, 0x00, 0x00,
    0x46, 0x02, 0x10, 0x00, 0x02, 0x00, 0x00, 0x00, 0x56, 0x85, 0x20, 0x00, 0x00, 0x00, 0x00, 0x00,
    0x02, 0x00, 0x00, 0x00, 0x18, 0x00, 0x00, 0x0b, 0x32, 0x00, 0x10, 0x00, 0x04, 0x00, 0x00, 0x00,
    0x06, 0x80, 0x20, 0x00, 0x00, 0x00, 0x00, 0x00, 0x02, 0x00, 0x00, 0x00, 0x02, 0x40, 0x00, 0x00,
    0x00, 0x00, 0x80, 0x3f, 0x00, 0x00, 0x00, 0x40, 0x00, 0x00, 0x00, 0x00, 0x00, 0x00, 0x00, 0x00,
    0x10, 0x00, 0x00, 0x0a, 0x12, 0x00, 0x10, 0x00, 0x05, 0x00, 0x00, 0x00, 0x02, 0x40, 0x00, 0x00,
    0x8c, 0x9d, 0x20, 0x3f, 0xc8, 0x97, 0xa8, 0x3e, 0xf9, 0x68, 0x31, 0x3d, 0x00, 0x00, 0x00, 0x00,
    0x46, 0x02, 0x10, 0x00, 0x02, 0x00, 0x00, 0x00, 0x10, 0x00, 0x00, 0x0a, 0x22, 0x00, 0x10, 0x00,
    0x05, 0x00, 0x00, 0x00, 0x02, 0x40, 0x00, 0x00, 0xba, 0x82, 0x8d, 0x3d, 0x0a, 0x67, 0x6b, 0x3f,
    0xaf, 0x27, 0x3a, 0x3c, 0x00, 0x00, 0x00, 0x00, 0x46, 0x02, 0x10, 0x00, 0x02, 0x00, 0x00, 0x00,
    0x10, 0x00, 0x00, 0x0a, 0x42, 0x00, 0x10, 0x00, 0x05, 0x00, 0x00, 0x00, 0x02, 0x40, 0x00, 0x00,
    0x6b, 0x46, 0x86, 0x3c, 0x29, 0x40, 0xb4, 0x3d, 0xb7, 0x45, 0x65, 0x3f, 0x00, 0x00, 0x00, 0x00,
    0x46, 0x02, 0x10, 0x00, 0x02, 0x00, 0x00, 0x00, 0x37, 0x00, 0x00, 0x09, 0x72, 0x00, 0x10, 0x00,
    0x05, 0x00, 0x00, 0x00, 0xa6, 0x0a, 0x10, 0x00, 0x00, 0x00, 0x00, 0x00, 0x46, 0x02, 0x10, 0x00,
    0x05, 0x00, 0x00, 0x00, 0x46, 0x02, 0x10, 0x00, 0x02, 0x00, 0x00, 0x00, 0x34, 0x00, 0x00, 0x07,
    0x82, 0x00, 0x10, 0x00, 0x02, 0x00, 0x00, 0x00, 0x2a, 0x00, 0x10, 0x00, 0x05, 0x00, 0x00, 0x00,
    0x1a, 0x00, 0x10, 0x00, 0x05, 0x00, 0x00, 0x00, 0x34, 0x00, 0x00, 0x07, 0x82, 0x00, 0x10, 0x00,
    0x02, 0x00, 0x00, 0x00, 0x3a, 0x00, 0x10, 0x00, 0x02, 0x00, 0x00, 0x00, 0x0a, 0x00, 0x10, 0x00,
    0x05, 0x00, 0x00, 0x00, 0x31, 0x00, 0x00, 0x07, 0x82, 0x00, 0x10, 0x00, 0x03, 0x00, 0x00, 0x00,
    0x01, 0x40, 0x00, 0x00, 0x00, 0x00, 0x00, 0x00, 0x3a, 0x00, 0x10, 0x00, 0x02, 0x00, 0x00, 0x00,
    0x32, 0x00, 0x00, 0x0d, 0xc2, 0x00, 0x10, 0x00, 0x04, 0x00, 0x00, 0x00, 0x56, 0x89, 0x20, 0x00,
    0x00, 0x00, 0x00, 0x00, 0x02, 0x00, 0x00, 0x00, 0xf6, 0x0f, 0x10, 0x00, 0x02, 0x00, 0x00, 0x00,
    0x02, 0x40, 0x00, 0x00, 0x00, 0x00, 0x00, 0x00, 0x00, 0x00, 0x00, 0x00, 0x00, 0x00, 0x80, 0x3f,
    0x00, 0x00, 0x80, 0x3f, 0x0e, 0x00, 0x00, 0x07, 0x82, 0x00, 0x10, 0x00, 0x02, 0x00, 0x00, 0x00,
    0x2a, 0x00, 0x10, 0x00, 0x04, 0x00, 0x00, 0x00, 0x3a, 0x00, 0x10, 0x00, 0x04, 0x00, 0x00, 0x00,
    0x38, 0x00, 0x00, 0x07, 0x72, 0x00, 0x10, 0x00, 0x06, 0x00, 0x00, 0x00, 0xf6, 0x0f, 0x10, 0x00,
    0x02, 0x00, 0x00, 0x00, 0x46, 0x02, 0x10, 0x00, 0x05, 0x00, 0x00, 0x00, 0x37, 0x00, 0x00, 0x09,
    0x72, 0x00, 0x10, 0x00, 0x05, 0x00, 0x00, 0x00, 0xf6, 0x0f, 0x10, 0x00, 0x03, 0x00, 0x00, 0x00,
    0x46, 0x02, 0x10, 0x00, 0x06, 0x00, 0x00, 0x00, 0x46, 0x02, 0x10, 0x00, 0x05, 0x00, 0x00, 0x00,
    0x10, 0x00, 0x00, 0x0a, 0x12, 0x00, 0x10, 0x00, 0x06, 0x00, 0x00, 0x00, 0x02, 0x40, 0x00, 0x00,
    0x22, 0x8b, 0xd4, 0x3f, 0xa0, 0x70, 0x16, 0xbf, 0x23, 0x2d, 0x95, 0xbd, 0x00, 0x00, 0x00, 0x00,
    0x46, 0x02, 0x10, 0x00, 0x05, 0x00, 0x00, 0x00, 0x10, 0x00, 0x00, 0x0a, 0x22, 0x00, 0x10, 0x00,
    0x06, 0x00, 0x00, 0x00, 0x02, 0x40, 0x00, 0x00, 0x7f, 0x12, 0xff, 0xbd, 0xb4, 0x02, 0x91, 0x3f,
    0x0d, 0xc6, 0x08, 0xbc, 0x00, 0x00, 0x00, 0x00, 0x46, 0x02, 0x10, 0x00, 0x05, 0x00, 0x00, 0x00,
    0x10, 0x00, 0x00, 0x0a, 0x42, 0x00, 0x10, 0x00, 0x06, 0x00, 0x00, 0x00, 0x02, 0x40, 0x00, 0x00,
    0xb3, 0xb7, 0x94, 0xbc, 0xcd, 0x05, 0xce, 0xbd, 0x3c, 0x33, 0x8f, 0x3f, 0x00, 0x00, 0x00, 0x00,
    0x46, 0x02, 0x10, 0x00, 0x05, 0x00, 0x00, 0x00, 0x37, 0x00, 0x00, 0x09, 0x72, 0x00, 0x10, 0x00,
    0x05, 0x00, 0x00, 0x00, 0xa6, 0x0a, 0x10, 0x00, 0x00, 0x00, 0x00, 0x00, 0x46, 0x02, 0x10, 0x00,
    0x06, 0x00, 0x00, 0x00, 0x46, 0x02, 0x10, 0x00, 0x05, 0x00, 0x00, 0x00, 0x37, 0x00, 0x00, 0x09,
    0xe2, 0x00, 0x10, 0x00, 0x04, 0x00, 0x00, 0x00, 0x56, 0x05, 0x10, 0x00, 0x04, 0x00, 0x00, 0x00,
    0x06, 0x09, 0x10, 0x00, 0x05, 0x00, 0x00, 0x00, 0x06, 0x09, 0x10, 0x00, 0x02, 0x00, 0x00, 0x00,
    0x37, 0x00, 0x00, 0x09, 0x72, 0x00, 0x10, 0x00, 0x03, 0x00, 0x00, 0x00, 0x06, 0x00, 0x10, 0x00,
    0x04, 0x00, 0x00, 0x00, 0x46, 0x02, 0x10, 0x00, 0x03, 0x00, 0x00, 0x00, 0x96, 0x07, 0x10, 0x00,
    0x04, 0x00, 0x00, 0x00, 0x37, 0x00, 0x00, 0x09, 0x72, 0x00, 0x10, 0x00, 0x02, 0x00, 0x00, 0x00,
    0x06, 0x00, 0x10, 0x00, 0x00, 0x00, 0x00, 0x00, 0x46, 0x02, 0x10, 0x00, 0x03, 0x00, 0x00, 0x00,
    0x46, 0x02, 0x10, 0x00, 0x02, 0x00, 0x00, 0x00, 0x1f, 0x00, 0x04, 0x03, 0x3a, 0x00, 0x10, 0x00,
    0x00, 0x00, 0x00, 0x00, 0x39, 0x00, 0x00, 0x0b, 0x12, 0x00, 0x10, 0x00, 0x00, 0x00, 0x00, 0x00,
    0x02, 0x40, 0x00, 0x00, 0x00, 0x00, 0x00, 0x00, 0x00, 0x00, 0x00, 0x00, 0x00, 0x00, 0x00, 0x00,
    0x00, 0x00, 0x00, 0x00, 0x0a, 0x80, 0x20, 0x00, 0x00, 0x00, 0x00, 0x00, 0x00, 0x00, 0x00, 0x00,
    0x1f, 0x00, 0x04, 0x03, 0x0a, 0x00, 0x10, 0x00, 0x00, 0x00, 0x00, 0x00, 0x1d, 0x00, 0x00, 0x0a,
    0x72, 0x00, 0x10, 0x00, 0x03, 0x00, 0x00, 0x00, 0x02, 0x40, 0x00, 0x00, 0xe6, 0xae, 0x25, 0x3d,
    0xe6, 0xae, 0x25, 0x3d, 0xe6, 0xae, 0x25, 0x3d, 0x00, 0x00, 0x00, 0x00, 0x46, 0x02, 0x10, 0x00,
    0x02, 0x00, 0x00, 0x00, 0x38, 0x00, 0x00, 0x0a, 0x72, 0x00, 0x10, 0x00, 0x04, 0x00, 0x00, 0x00,
    0x46, 0x02, 0x10, 0x00, 0x02, 0x00, 0x00, 0x00, 0x02, 0x40, 0x00, 0x00, 0x91, 0x83, 0x9e, 0x3d,
    0x91, 0x83, 0x9e, 0x3d, 0x91, 0x83, 0x9e, 0x3d, 0x00, 0x00, 0x00, 0x00, 0x00, 0x00, 0x00, 0x0a,
    0x72, 0x00, 0x10, 0x00, 0x05, 0x00, 0x00, 0x00, 0x46, 0x02, 0x10, 0x00, 0x02, 0x00, 0x00, 0x00,
    0x02, 0x40, 0x00, 0x00, 0xae, 0x47, 0x61, 0x3d, 0xae, 0x47, 0x61, 0x3d, 0xae, 0x47, 0x61, 0x3d,
    0x00, 0x00, 0x00, 0x00, 0x38, 0x00, 0x00, 0x0b, 0x72, 0x00, 0x10, 0x00, 0x05, 0x00, 0x00, 0x00,
    0x46, 0x02, 0x10, 0x80, 0x81, 0x00, 0x00, 0x00, 0x05, 0x00, 0x00, 0x00, 0x02, 0x40, 0x00, 0x00,
    0x6f, 0xa7, 0x72, 0x3f, 0x6f, 0xa7, 0x72, 0x3f, 0x6f, 0xa7, 0x72, 0x3f, 0x00, 0x00, 0x00, 0x00,
    0x2f, 0x00, 0x00, 0x05, 0x72, 0x00, 0x10, 0x00, 0x05, 0x00, 0x00, 0x00, 0x46, 0x02, 0x10, 0x00,
    0x05, 0x00, 0x00, 0x00, 0x38, 0x00, 0x00, 0x0a, 0x72, 0x00, 0x10, 0x00, 0x05, 0x00, 0x00, 0x00,
    0x46, 0x02, 0x10, 0x00, 0x05, 0x00, 0x00, 0x00, 0x02, 0x40, 0x00, 0x00, 0x9a, 0x99, 0x19, 0x40,
    0x9a, 0x99, 0x19, 0x40, 0x9a, 0x99, 0x19, 0x40, 0x00, 0x00, 0x00, 0x00, 0x19, 0x00, 0x00, 0x05,
    0x72, 0x00, 0x10, 0x00, 0x05, 0x00, 0x00, 0x00, 0x46, 0x02, 0x10, 0x00, 0x05, 0x00, 0x00, 0x00,
    0x37, 0x00, 0x00, 0x09, 0x72, 0x00, 0x10, 0x00, 0x02, 0x00, 0x00, 0x00, 0x46, 0x02, 0x10, 0x00,
    0x03, 0x00, 0x00, 0x00, 0x46, 0x02, 0x10, 0x00, 0x04, 0x00, 0x00, 0x00, 0x46, 0x02, 0x10, 0x00,
    0x05, 0x00, 0x00, 0x00, 0x15, 0x00, 0x00, 0x01, 0x38, 0x00, 0x00, 0x08, 0x72, 0x00, 0x10, 0x00,
    0x01, 0x00, 0x00, 0x00, 0x46, 0x02, 0x10, 0x00, 0x02, 0x00, 0x00, 0x00, 0xf6, 0x8f, 0x20, 0x00,
    0x00, 0x00, 0x00, 0x00, 0x00, 0x00, 0x00, 0x00, 0x12, 0x00, 0x00, 0x01, 0x1f, 0x00, 0x04, 0x03,
    0x2a, 0x00, 0x10, 0x00, 0x00, 0x00, 0x00, 0x00, 0x38, 0x00, 0x00, 0x08, 0x72, 0x00, 0x10, 0x00,
    0x01, 0x00, 0x00, 0x00, 0x46, 0x02, 0x10, 0x00, 0x02, 0x00, 0x00, 0x00, 0xf6, 0x8f, 0x20, 0x00,
    0x00, 0x00, 0x00, 0x00, 0x00, 0x00, 0x00, 0x00, 0x39, 0x00, 0x00, 0x0b, 0x12, 0x00, 0x10, 0x00,
    0x00, 0x00, 0x00, 0x00, 0x02, 0x40, 0x00, 0x00, 0x00, 0x00, 0x00, 0x00, 0x00, 0x00, 0x00, 0x00,
    0x00, 0x00, 0x00, 0x00, 0x00, 0x00, 0x00, 0x00, 0x0a, 0x80, 0x20, 0x00, 0x00, 0x00, 0x00, 0x00,
    0x00, 0x00, 0x00, 0x00, 0x1f, 0x00, 0x00, 0x03, 0x0a, 0x00, 0x10, 0x00, 0x00, 0x00, 0x00, 0x00,
    0x1d, 0x00, 0x00, 0x0a, 0xd2, 0x00, 0x10, 0x00, 0x00, 0x00, 0x00, 0x00, 0x02, 0x40, 0x00, 0x00,
    0x1c, 0x2e, 0x4d, 0x3b, 0x00, 0x00, 0x00, 0x00, 0x1c, 0x2e, 0x4d, 0x3b, 0x1c, 0x2e, 0x4d, 0x3b,
    0x06, 0x09, 0x10, 0x00, 0x01, 0x00, 0x00, 0x00, 0x38, 0x00, 0x00, 0x0a, 0x72, 0x00, 0x10, 0x00,
    0x03, 0x00, 0x00, 0x00, 0x46, 0x02, 0x10, 0x00, 0x01, 0x00, 0x00, 0x00, 0x02, 0x40, 0x00, 0x00,
    0x52, 0xb8, 0x4e, 0x41, 0x52, 0xb8, 0x4e, 0x41, 0x52, 0xb8, 0x4e, 0x41, 0x00, 0x00, 0x00, 0x00,
    0x2f, 0x00, 0x00, 0x06, 0x72, 0x00, 0x10, 0x00, 0x04, 0x00, 0x00, 0x00, 0x46, 0x02, 0x10, 0x80,
    0x81, 0x00, 0x00, 0x00, 0x01, 0x00, 0x00, 0x00, 0x38, 0x00, 0x00, 0x0a, 0x72, 0x00, 0x10, 0x00,
    0x04, 0x00, 0x00, 0x00, 0x46, 0x02, 0x10, 0x00, 0x04, 0x00, 0x00, 0x00, 0x02, 0x40, 0x00, 0x00,
    0x55, 0x55, 0xd5, 0x3e, 0x55, 0x55, 0xd5, 0x3e, 0x55, 0x55, 0xd5, 0x3e, 0x00, 0x00, 0x00, 0x00,
    0x19, 0x00, 0x00, 0x05, 0x72, 0x00, 0x10, 0x00, 0x04, 0x00, 0x00, 0x00, 0x46, 0x02, 0x10, 0x00,
    0x04, 0x00, 0x00, 0x00, 0x32, 0x00, 0x00, 0x0f, 0x72, 0x00, 0x10, 0x00, 0x04, 0x00, 0x00, 0x00,
    0x46, 0x02, 0x10, 0x00, 0x04, 0x00, 0x00, 0x00, 0x02, 0x40, 0x00, 0x00, 0x3d, 0x0a, 0x87, 0x3f,
    0x3d, 0x0a, 0x87, 0x3f, 0x3d, 0x0a, 0x87, 0x3f, 0x00, 0x00, 0x00, 0x00, 0x02, 0x40, 0x00, 0x00,
    0xae, 0x47, 0x61, 0xbd, 0xae, 0x47, 0x61, 0xbd, 0xae, 0x47, 0x61, 0xbd, 0x00, 0x00, 0x00, 0x00,
    0x37, 0x20, 0x00, 0x09, 0x72, 0x00, 0x10, 0x00, 0x01, 0x00, 0x00, 0x00, 0x86, 0x03, 0x10, 0x00,
    0x00, 0x00, 0x00, 0x00, 0x46, 0x02, 0x10, 0x00, 0x03, 0x00, 0x00, 0x00, 0x46, 0x02, 0x10, 0x00,
    0x04, 0x00, 0x00, 0x00, 0x15, 0x00, 0x00, 0x01, 0x12, 0x00, 0x00, 0x01, 0x1f, 0x00, 0x04, 0x03,
    0x1a, 0x00, 0x10, 0x00, 0x00, 0x00, 0x00, 0x00, 0x10, 0x00, 0x00, 0x0a, 0x12, 0x00, 0x10, 0x00,
    0x00, 0x00, 0x00, 0x00, 0x02, 0x40, 0x00, 0x00, 0x22, 0x8b, 0xd4, 0x3f, 0xa0, 0x70, 0x16, 0xbf,
    0x23, 0x2d, 0x95, 0xbd, 0x00, 0x00, 0x00, 0x00, 0x46, 0x02, 0x10, 0x00, 0x02, 0x00, 0x00, 0x00,
    0x10, 0x00, 0x00, 0x0a, 0x22, 0x00, 0x10, 0x00, 0x00, 0x00, 0x00, 0x00, 0x02, 0x40, 0x00, 0x00,
    0x7f, 0x12, 0xff, 0xbd, 0xb4, 0x02, 0x91, 0x3f, 0x0d, 0xc6, 0x08, 0xbc, 0x00, 0x00, 0x00, 0x00,
    0x46, 0x02, 0x10, 0x00, 0x02, 0x00, 0x00, 0x00, 0x10, 0x00, 0x00, 0x0a, 0x42, 0x00, 0x10, 0x00,
    0x00, 0x00, 0x00, 0x00, 0x02, 0x40, 0x00, 0x00, 0xb3, 0xb7, 0x94, 0xbc, 0xcd, 0x05, 0xce, 0xbd,
    0x3c, 0x33, 0x8f, 0x3f, 0x00, 0x00, 0x00, 0x00, 0x46, 0x02, 0x10, 0x00, 0x02, 0x00, 0x00, 0x00,
    0x38, 0x00, 0x00, 0x08, 0x72, 0x00, 0x10, 0x00, 0x01, 0x00, 0x00, 0x00, 0x46, 0x02, 0x10, 0x00,
    0x00, 0x00, 0x00, 0x00, 0xf6, 0x8f, 0x20, 0x00, 0x00, 0x00, 0x00, 0x00, 0x00, 0x00, 0x00, 0x00,
    0x39, 0x00, 0x00, 0x0b, 0x12, 0x00, 0x10, 0x00, 0x00, 0x00, 0x00, 0x00, 0x02, 0x40, 0x00, 0x00,
    0x00, 0x00, 0x00, 0x00, 0x00, 0x00, 0x00, 0x00, 0x00, 0x00, 0x00, 0x00, 0x00, 0x00, 0x00, 0x00,
    0x0a, 0x80, 0x20, 0x00, 0x00, 0x00, 0x00, 0x00, 0x00, 0x00, 0x00, 0x00, 0x1f, 0x00, 0x00, 0x03,
    0x0a, 0x00, 0x10, 0x00, 0x00, 0x00, 0x00, 0x00, 0x1d, 0x00, 0x00, 0x0a, 0x72, 0x00, 0x10, 0x00,
    0x00, 0x00, 0x00, 0x00, 0x02, 0x40, 0x00, 0x00, 0x1c, 0x2e, 0x4d, 0x3b, 0x1c, 0x2e, 0x4d, 0x3b,
    0x1c, 0x2e, 0x4d, 0x3b, 0x00, 0x00, 0x00, 0x00, 0x46, 0x02, 0x10, 0x00, 0x01, 0x00, 0x00, 0x00,
    0x38, 0x00, 0x00, 0x0a, 0x72, 0x00, 0x10, 0x00, 0x03, 0x00, 0x00, 0x00, 0x46, 0x02, 0x10, 0x00,
    0x01, 0x00, 0x00, 0x00, 0x02, 0x40, 0x00, 0x00, 0x52, 0xb8, 0x4e, 0x41, 0x52, 0xb8, 0x4e, 0x41,
    0x52, 0xb8, 0x4e, 0x41, 0x00, 0x00, 0x00, 0x00, 0x2f, 0x00, 0x00, 0x06, 0x72, 0x00, 0x10, 0x00,
    0x04, 0x00, 0x00, 0x00, 0x46, 0x02, 0x10, 0x80, 0x81, 0x00, 0x00, 0x00, 0x01, 0x00, 0x00, 0x00,
    0x38, 0x00, 0x00, 0x0a, 0x72, 0x00, 0x10, 0x00, 0x04, 0x00, 0x00, 0x00, 0x46, 0x02, 0x10, 0x00,
    0x04, 0x00, 0x00, 0x00, 0x02, 0x40, 0x00, 0x00, 0x55, 0x55, 0xd5, 0x3e, 0x55, 0x55, 0xd5, 0x3e,
    0x55, 0x55, 0xd5, 0x3e, 0x00, 0x00, 0x00, 0x00, 0x19, 0x00, 0x00, 0x05, 0x72, 0x00, 0x10, 0x00,
    0x04, 0x00, 0x00, 0x00, 0x46, 0x02, 0x10, 0x00, 0x04, 0x00, 0x00, 0x00, 0x32, 0x00, 0x00, 0x0f,
    0x72, 0x00, 0x10, 0x00, 0x04, 0x00, 0x00, 0x00, 0x46, 0x02, 0x10, 0x00, 0x04, 0x00, 0x00, 0x00,
    0x02, 0x40, 0x00, 0x00, 0x3d, 0x0a, 0x87, 0x3f, 0x3d, 0x0a, 0x87, 0x3f, 0x3d, 0x0a, 0x87, 0x3f,
    0x00, 0x00, 0x00, 0x00, 0x02, 0x40, 0x00, 0x00, 0xae, 0x47, 0x61, 0xbd, 0xae, 0x47, 0x61, 0xbd,
    0xae, 0x47, 0x61, 0xbd, 0x00, 0x00, 0x00, 0x00, 0x37, 0x20, 0x00, 0x09, 0x72, 0x00, 0x10, 0x00,
    0x01, 0x00, 0x00, 0x00, 0x46, 0x02, 0x10, 0x00, 0x00, 0x00, 0x00, 0x00, 0x46, 0x02, 0x10, 0x00,
    0x03, 0x00, 0x00, 0x00, 0x46, 0x02, 0x10, 0x00, 0x04, 0x00, 0x00, 0x00, 0x15, 0x00, 0x00, 0x01,
    0x12, 0x00, 0x00, 0x01, 0x38, 0x00, 0x00, 0x08, 0x72, 0x00, 0x10, 0x00, 0x01, 0x00, 0x00, 0x00,
    0x46, 0x02, 0x10, 0x00, 0x02, 0x00, 0x00, 0x00, 0xf6, 0x8f, 0x20, 0x00, 0x00, 0x00, 0x00, 0x00,
    0x00, 0x00, 0x00, 0x00, 0x15, 0x00, 0x00, 0x01, 0x15, 0x00, 0x00, 0x01, 0x15, 0x00, 0x00, 0x01,
    0x38, 0x00, 0x00, 0x07, 0xf2, 0x20, 0x10, 0x00, 0x00, 0x00, 0x00, 0x00, 0x46, 0x0e, 0x10, 0x00,
    0x01, 0x00, 0x00, 0x00, 0x46, 0x1e, 0x10, 0x00, 0x02, 0x00, 0x00, 0x00, 0x3e, 0x00, 0x00, 0x01,
    0x53, 0x54, 0x41, 0x54, 0x94, 0x00, 0x00, 0x00, 0xf6, 0x00, 0x00, 0x00, 0x08, 0x00, 0x00, 0x00,
    0x00, 0x00, 0x00, 0x00, 0x03, 0x00, 0x00, 0x00, 0x9b, 0x00, 0x00, 0x00, 0x00, 0x00, 0x00, 0x00,
    0x00, 0x00, 0x00, 0x00, 0x0d, 0x00, 0x00, 0x00, 0x0f, 0x00, 0x00, 0x00, 0x00, 0x00, 0x00, 0x00,
    0x00, 0x00, 0x00, 0x00, 0x00, 0x00, 0x00, 0x00, 0x00, 0x00, 0x00, 0x00, 0x00, 0x00, 0x00, 0x00,
    0x1a, 0x00, 0x00, 0x00, 0x00, 0x00, 0x00, 0x00, 0x00, 0x00, 0x00, 0x00, 0x00, 0x00, 0x00, 0x00,
    0x01, 0x00, 0x00, 0x00, 0x08, 0x00, 0x00, 0x00, 0x0a, 0x00, 0x00, 0x00, 0x0b, 0x00, 0x00, 0x00,
    0x00, 0x00, 0x00, 0x00, 0x00, 0x00, 0x00, 0x00, 0x00, 0x00, 0x00, 0x00, 0x00, 0x00, 0x00, 0x00,
    0x00, 0x00, 0x00, 0x00, 0x00, 0x00, 0x00, 0x00, 0x00, 0x00, 0x00, 0x00, 0x00, 0x00, 0x00, 0x00,
    0x00, 0x00, 0x00, 0x00, 0x00, 0x00, 0x00, 0x00, 0x00, 0x00, 0x00, 0x00, 0x00, 0x00, 0x00, 0x00,
    0x00, 0x00, 0x00, 0x00, 0x00, 0x00, 0x00, 0x00, 0x00, 0x00, 0x00, 0x00,
];

/// `D3D11_PixelShader_Textures_PQ`, from `D3D11_PixelShader_Textures_PQ.h`.
#[rustfmt::skip]
static D3D11_PIXEL_SHADER_TEXTURES_PQ: [u8; 8436] = [
    0x44, 0x58, 0x42, 0x43, 0xe5, 0xfd, 0x7e, 0xe1, 0xd7, 0x40, 0x6b, 0x53, 0x50, 0xec, 0x38, 0xe7,
    0xad, 0x9a, 0xe2, 0xf0, 0x01, 0x00, 0x00, 0x00, 0xf4, 0x20, 0x00, 0x00, 0x05, 0x00, 0x00, 0x00,
    0x34, 0x00, 0x00, 0x00, 0xa8, 0x04, 0x00, 0x00, 0x1c, 0x05, 0x00, 0x00, 0x50, 0x05, 0x00, 0x00,
    0x58, 0x20, 0x00, 0x00, 0x52, 0x44, 0x45, 0x46, 0x6c, 0x04, 0x00, 0x00, 0x01, 0x00, 0x00, 0x00,
    0x34, 0x01, 0x00, 0x00, 0x06, 0x00, 0x00, 0x00, 0x3c, 0x00, 0x00, 0x00, 0x00, 0x05, 0xff, 0xff,
    0x00, 0x01, 0x00, 0x00, 0x44, 0x04, 0x00, 0x00, 0x52, 0x44, 0x31, 0x31, 0x3c, 0x00, 0x00, 0x00,
    0x18, 0x00, 0x00, 0x00, 0x20, 0x00, 0x00, 0x00, 0x28, 0x00, 0x00, 0x00, 0x24, 0x00, 0x00, 0x00,
    0x0c, 0x00, 0x00, 0x00, 0x00, 0x00, 0x00, 0x00, 0xfc, 0x00, 0x00, 0x00, 0x03, 0x00, 0x00, 0x00,
    0x00, 0x00, 0x00, 0x00, 0x00, 0x00, 0x00, 0x00, 0x00, 0x00, 0x00, 0x00, 0x00, 0x00, 0x00, 0x00,
    0x01, 0x00, 0x00, 0x00, 0x01, 0x00, 0x00, 0x00, 0x05, 0x01, 0x00, 0x00, 0x03, 0x00, 0x00, 0x00,
    0x00, 0x00, 0x00, 0x00, 0x00, 0x00, 0x00, 0x00, 0x00, 0x00, 0x00, 0x00, 0x01, 0x00, 0x00, 0x00,
    0x01, 0x00, 0x00, 0x00, 0x01, 0x00, 0x00, 0x00, 0x0e, 0x01, 0x00, 0x00, 0x02, 0x00, 0x00, 0x00,
    0x05, 0x00, 0x00, 0x00, 0x04, 0x00, 0x00, 0x00, 0xff, 0xff, 0xff, 0xff, 0x00, 0x00, 0x00, 0x00,
    0x01, 0x00, 0x00, 0x00, 0x0d, 0x00, 0x00, 0x00, 0x17, 0x01, 0x00, 0x00, 0x02, 0x00, 0x00, 0x00,
    0x05, 0x00, 0x00, 0x00, 0x04, 0x00, 0x00, 0x00, 0xff, 0xff, 0xff, 0xff, 0x01, 0x00, 0x00, 0x00,
    0x01, 0x00, 0x00, 0x00, 0x0d, 0x00, 0x00, 0x00, 0x20, 0x01, 0x00, 0x00, 0x02, 0x00, 0x00, 0x00,
    0x05, 0x00, 0x00, 0x00, 0x04, 0x00, 0x00, 0x00, 0xff, 0xff, 0xff, 0xff, 0x02, 0x00, 0x00, 0x00,
    0x01, 0x00, 0x00, 0x00, 0x0d, 0x00, 0x00, 0x00, 0x29, 0x01, 0x00, 0x00, 0x00, 0x00, 0x00, 0x00,
    0x00, 0x00, 0x00, 0x00, 0x00, 0x00, 0x00, 0x00, 0x00, 0x00, 0x00, 0x00, 0x00, 0x00, 0x00, 0x00,
    0x01, 0x00, 0x00, 0x00, 0x01, 0x00, 0x00, 0x00, 0x73, 0x61, 0x6d, 0x70, 0x6c, 0x65, 0x72, 0x30,
    0x00, 0x73, 0x61, 0x6d, 0x70, 0x6c, 0x65, 0x72, 0x31, 0x00, 0x74, 0x65, 0x78, 0x74, 0x75, 0x72,
    0x65, 0x30, 0x00, 0x74, 0x65, 0x78, 0x74, 0x75, 0x72, 0x65, 0x31, 0x00, 0x74, 0x65, 0x78, 0x74,
    0x75, 0x72, 0x65, 0x32, 0x00, 0x43, 0x6f, 0x6e, 0x73, 0x74, 0x61, 0x6e, 0x74, 0x73, 0x00, 0xab,
    0x29, 0x01, 0x00, 0x00, 0x0d, 0x00, 0x00, 0x00, 0x4c, 0x01, 0x00, 0x00, 0x70, 0x00, 0x00, 0x00,
    0x00, 0x00, 0x00, 0x00, 0x00, 0x00, 0x00, 0x00, 0x54, 0x03, 0x00, 0x00, 0x00, 0x00, 0x00, 0x00,
    0x04, 0x00, 0x00, 0x00, 0x00, 0x00, 0x00, 0x00, 0x68, 0x03, 0x00, 0x00, 0x00, 0x00, 0x00, 0x00,
    0xff, 0xff, 0xff, 0xff, 0x00, 0x00, 0x00, 0x00, 0xff, 0xff, 0xff, 0xff, 0x00, 0x00, 0x00, 0x00,
    0x8c, 0x03, 0x00, 0x00, 0x04, 0x00, 0x00, 0x00, 0x04, 0x00, 0x00, 0x00, 0x02, 0x00, 0x00, 0x00,
    0x68, 0x03, 0x00, 0x00, 0x00, 0x00, 0x00, 0x00, 0xff, 0xff, 0xff, 0xff, 0x00, 0x00, 0x00, 0x00,
    0xff, 0xff, 0xff, 0xff, 0x00, 0x00, 0x00, 0x00, 0x99, 0x03, 0x00, 0x00, 0x08, 0x00, 0x00, 0x00,
    0x04, 0x00, 0x00, 0x00, 0x02, 0x00, 0x00, 0x00, 0x68, 0x03, 0x00, 0x00, 0x00, 0x00, 0x00, 0x00,
    0xff, 0xff, 0xff, 0xff, 0x00, 0x00, 0x00, 0x00, 0xff, 0xff, 0xff, 0xff, 0x00, 0x00, 0x00, 0x00,
    0xa4, 0x03, 0x00, 0x00, 0x0c, 0x00, 0x00, 0x00, 0x04, 0x00, 0x00, 0x00, 0x02, 0x00, 0x00, 0x00,
    0x68, 0x03, 0x00, 0x00, 0x00, 0x00, 0x00, 0x00, 0xff, 0xff, 0xff, 0xff, 0x00, 0x00, 0x00, 0x00,
    0xff, 0xff, 0xff, 0xff, 0x00, 0x00, 0x00, 0x00, 0xb0, 0x03, 0x00, 0x00, 0x10, 0x00, 0x00, 0x00,
    0x10, 0x00, 0x00, 0x00, 0x02, 0x00, 0x00, 0x00, 0xc4, 0x03, 0x00, 0x00, 0x00, 0x00, 0x00, 0x00,
    0xff, 0xff, 0xff, 0xff, 0x00, 0x00, 0x00, 0x00, 0xff, 0xff, 0xff, 0xff, 0x00, 0x00, 0x00, 0x00,
    0xe8, 0x03, 0x00, 0x00, 0x20, 0x00, 0x00, 0x00, 0x04, 0x00, 0x00, 0x00, 0x02, 0x00, 0x00, 0x00,
    0x68, 0x03, 0x00, 0x00, 0x00, 0x00, 0x00, 0x00, 0xff, 0xff, 0xff, 0xff, 0x00, 0x00, 0x00, 0x00,
    0xff, 0xff, 0xff, 0xff, 0x00, 0x00, 0x00, 0x00, 0xf7, 0x03, 0x00, 0x00, 0x24, 0x00, 0x00, 0x00,
    0x04, 0x00, 0x00, 0x00, 0x02, 0x00, 0x00, 0x00, 0x68, 0x03, 0x00, 0x00, 0x00, 0x00, 0x00, 0x00,
    0xff, 0xff, 0xff, 0xff, 0x00, 0x00, 0x00, 0x00, 0xff, 0xff, 0xff, 0xff, 0x00, 0x00, 0x00, 0x00,
    0x07, 0x04, 0x00, 0x00, 0x28, 0x00, 0x00, 0x00, 0x04, 0x00, 0x00, 0x00, 0x02, 0x00, 0x00, 0x00,
    0x68, 0x03, 0x00, 0x00, 0x00, 0x00, 0x00, 0x00, 0xff, 0xff, 0xff, 0xff, 0x00, 0x00, 0x00, 0x00,
    0xff, 0xff, 0xff, 0xff, 0x00, 0x00, 0x00, 0x00, 0x17, 0x04, 0x00, 0x00, 0x2c, 0x00, 0x00, 0x00,
    0x04, 0x00, 0x00, 0x00, 0x02, 0x00, 0x00, 0x00, 0x68, 0x03, 0x00, 0x00, 0x00, 0x00, 0x00, 0x00,
    0xff, 0xff, 0xff, 0xff, 0x00, 0x00, 0x00, 0x00, 0xff, 0xff, 0xff, 0xff, 0x00, 0x00, 0x00, 0x00,
    0x27, 0x04, 0x00, 0x00, 0x30, 0x00, 0x00, 0x00, 0x10, 0x00, 0x00, 0x00, 0x02, 0x00, 0x00, 0x00,
    0xc4, 0x03, 0x00, 0x00, 0x00, 0x00, 0x00, 0x00, 0xff, 0xff, 0xff, 0xff, 0x00, 0x00, 0x00, 0x00,
    0xff, 0xff, 0xff, 0xff, 0x00, 0x00, 0x00, 0x00, 0x2f, 0x04, 0x00, 0x00, 0x40, 0x00, 0x00, 0x00,
    0x10, 0x00, 0x00, 0x00, 0x02, 0x00, 0x00, 0x00, 0xc4, 0x03, 0x00, 0x00, 0x00, 0x00, 0x00, 0x00,
    0xff, 0xff, 0xff, 0xff, 0x00, 0x00, 0x00, 0x00, 0xff, 0xff, 0xff, 0xff, 0x00, 0x00, 0x00, 0x00,
    0x36, 0x04, 0x00, 0x00, 0x50, 0x00, 0x00, 0x00, 0x10, 0x00, 0x00, 0x00, 0x02, 0x00, 0x00, 0x00,
    0xc4, 0x03, 0x00, 0x00, 0x00, 0x00, 0x00, 0x00, 0xff, 0xff, 0xff, 0xff, 0x00, 0x00, 0x00, 0x00,
    0xff, 0xff, 0xff, 0xff, 0x00, 0x00, 0x00, 0x00, 0x3d, 0x04, 0x00, 0x00, 0x60, 0x00, 0x00, 0x00,
    0x10, 0x00, 0x00, 0x00, 0x02, 0x00, 0x00, 0x00, 0xc4, 0x03, 0x00, 0x00, 0x00, 0x00, 0x00, 0x00,
    0xff, 0xff, 0xff, 0xff, 0x00, 0x00, 0x00, 0x00, 0xff, 0xff, 0xff, 0xff, 0x00, 0x00, 0x00, 0x00,
    0x73, 0x63, 0x52, 0x47, 0x42, 0x5f, 0x6f, 0x75, 0x74, 0x70, 0x75, 0x74, 0x00, 0x66, 0x6c, 0x6f,
    0x61, 0x74, 0x00, 0xab, 0x00, 0x00, 0x03, 0x00, 0x01, 0x00, 0x01, 0x00, 0x00, 0x00, 0x00, 0x00,
    0x00, 0x00, 0x00, 0x00, 0x00, 0x00, 0x00, 0x00, 0x00, 0x00, 0x00, 0x00, 0x00, 0x00, 0x00, 0x00,
    0x00, 0x00, 0x00, 0x00, 0x61, 0x03, 0x00, 0x00, 0x74, 0x65, 0x78, 0x74, 0x75, 0x72, 0x65, 0x5f,
    0x74, 0x79, 0x70, 0x65, 0x00, 0x69, 0x6e, 0x70, 0x75, 0x74, 0x5f, 0x74, 0x79, 0x70, 0x65, 0x00,
    0x63, 0x6f, 0x6c, 0x6f, 0x72, 0x5f, 0x73, 0x63, 0x61, 0x6c, 0x65, 0x00, 0x74, 0x65, 0x78, 0x65,
    0x6c, 0x5f, 0x73, 0x69, 0x7a, 0x65, 0x00, 0x66, 0x6c, 0x6f, 0x61, 0x74, 0x34, 0x00, 0xab, 0xab,
    0x01, 0x00, 0x03, 0x00, 0x01, 0x00, 0x04, 0x00, 0x00, 0x00, 0x00, 0x00, 0x00, 0x00, 0x00, 0x00,
    0x00, 0x00, 0x00, 0x00, 0x00, 0x00, 0x00, 0x00, 0x00, 0x00, 0x00, 0x00, 0x00, 0x00, 0x00, 0x00,
    0xbb, 0x03, 0x00, 0x00, 0x74, 0x6f, 0x6e, 0x65, 0x6d, 0x61, 0x70, 0x5f, 0x6d, 0x65, 0x74, 0x68,
    0x6f, 0x64, 0x00, 0x74, 0x6f, 0x6e, 0x65, 0x6d, 0x61, 0x70, 0x5f, 0x66, 0x61, 0x63, 0x74, 0x6f,
    0x72, 0x31, 0x00, 0x74, 0x6f, 0x6e, 0x65, 0x6d, 0x61, 0x70, 0x5f, 0x66, 0x61, 0x63, 0x74, 0x6f,
    0x72, 0x32, 0x00, 0x73, 0x64, 0x72, 0x5f, 0x77, 0x68, 0x69, 0x74, 0x65, 0x5f, 0x70, 0x6f, 0x69,
    0x6e, 0x74, 0x00, 0x59, 0x6f, 0x66, 0x66, 0x73, 0x65, 0x74, 0x00, 0x52, 0x63, 0x6f, 0x65, 0x66,
    0x66, 0x00, 0x47, 0x63, 0x6f, 0x65, 0x66, 0x66, 0x00, 0x42, 0x63, 0x6f, 0x65, 0x66, 0x66, 0x00,
    0x4d, 0x69, 0x63, 0x72, 0x6f, 0x73, 0x6f, 0x66, 0x74, 0x20, 0x28, 0x52, 0x29, 0x20, 0x48, 0x4c,
    0x53, 0x4c, 0x20, 0x53, 0x68, 0x61, 0x64, 0x65, 0x72, 0x20, 0x43, 0x6f, 0x6d, 0x70, 0x69, 0x6c,
    0x65, 0x72, 0x20, 0x31, 0x30, 0x2e, 0x31, 0x00, 0x49, 0x53, 0x47, 0x4e, 0x6c, 0x00, 0x00, 0x00,
    0x03, 0x00, 0x00, 0x00, 0x08, 0x00, 0x00, 0x00, 0x50, 0x00, 0x00, 0x00, 0x00, 0x00, 0x00, 0x00,
    0x01, 0x00, 0x00, 0x00, 0x03, 0x00, 0x00, 0x00, 0x00, 0x00, 0x00, 0x00, 0x0f, 0x00, 0x00, 0x00,
    0x5c, 0x00, 0x00, 0x00, 0x00, 0x00, 0x00, 0x00, 0x00, 0x00, 0x00, 0x00, 0x03, 0x00, 0x00, 0x00,
    0x01, 0x00, 0x00, 0x00, 0x03, 0x03, 0x00, 0x00, 0x65, 0x00, 0x00, 0x00, 0x00, 0x00, 0x00, 0x00,
    0x00, 0x00, 0x00, 0x00, 0x03, 0x00, 0x00, 0x00, 0x02, 0x00, 0x00, 0x00, 0x0f, 0x0f, 0x00, 0x00,
    0x53, 0x56, 0x5f, 0x50, 0x4f, 0x53, 0x49, 0x54, 0x49, 0x4f, 0x4e, 0x00, 0x54, 0x45, 0x58, 0x43,
    0x4f, 0x4f, 0x52, 0x44, 0x00, 0x43, 0x4f, 0x4c, 0x4f, 0x52, 0x00, 0xab, 0x4f, 0x53, 0x47, 0x4e,
    0x2c, 0x00, 0x00, 0x00, 0x01, 0x00, 0x00, 0x00, 0x08, 0x00, 0x00, 0x00, 0x20, 0x00, 0x00, 0x00,
    0x00, 0x00, 0x00, 0x00, 0x00, 0x00, 0x00, 0x00, 0x03, 0x00, 0x00, 0x00, 0x00, 0x00, 0x00, 0x00,
    0x0f, 0x00, 0x00, 0x00, 0x53, 0x56, 0x5f, 0x54, 0x41, 0x52, 0x47, 0x45, 0x54, 0x00, 0xab, 0xab,
    0x53, 0x48, 0x45, 0x58, 0x00, 0x1b, 0x00, 0x00, 0x50, 0x00, 0x00, 0x00, 0xc0, 0x06, 0x00, 0x00,
    0x6a, 0x08, 0x00, 0x01, 0x59, 0x00, 0x00, 0x04, 0x46, 0x8e, 0x20, 0x00, 0x00, 0x00, 0x00, 0x00,
    0x07, 0x00, 0x00, 0x00, 0x5a, 0x00, 0x00, 0x03, 0x00, 0x60, 0x10, 0x00, 0x00, 0x00, 0x00, 0x00,
    0x5a, 0x00, 0x00, 0x03, 0x00, 0x60, 0x10, 0x00, 0x01, 0x00, 0x00, 0x00, 0x58, 0x18, 0x00, 0x04,
    0x00, 0x70, 0x10, 0x00, 0x00, 0x00, 0x00, 0x00, 0x55, 0x55, 0x00, 0x00, 0x58, 0x18, 0x00, 0x04,
    0x00, 0x70, 0x10, 0x00, 0x01, 0x00, 0x00, 0x00, 0x55, 0x55, 0x00, 0x00, 0x58, 0x18, 0x00, 0x04,
    0x00, 0x70, 0x10, 0x00, 0x02, 0x00, 0x00, 0x00, 0x55, 0x55, 0x00, 0x00, 0x62, 0x10, 0x00, 0x03,
    0x32, 0x10, 0x10, 0x00, 0x01, 0x00, 0x00, 0x00, 0x62, 0x10, 0x00, 0x03, 0xf2, 0x10, 0x10, 0x00,
    0x02, 0x00, 0x00, 0x00, 0x65, 0x00, 0x00, 0x03, 0xf2, 0x20, 0x10, 0x00, 0x00, 0x00, 0x00, 0x00,
    0x68, 0x00, 0x00, 0x02, 0x07, 0x00, 0x00, 0x00, 0x18, 0x00, 0x00, 0x0b, 0x32, 0x00, 0x10, 0x00,
    0x00, 0x00, 0x00, 0x00, 0x96, 0x85, 0x20, 0x00, 0x00, 0x00, 0x00, 0x00, 0x00, 0x00, 0x00, 0x00,
    0x02, 0x40, 0x00, 0x00, 0x00, 0x00, 0x00, 0x00, 0x00, 0x00, 0x40, 0x40, 0x00, 0x00, 0x00, 0x00,
    0x00, 0x00, 0x00, 0x00, 0x1f, 0x00, 0x04, 0x03, 0x0a, 0x00, 0x10, 0x00, 0x00, 0x00, 0x00, 0x00,
    0x36, 0x00, 0x00, 0x08, 0xf2, 0x00, 0x10, 0x00, 0x01, 0x00, 0x00, 0x00, 0x02, 0x40, 0x00, 0x00,
    0x00, 0x00, 0x80, 0x3f, 0x00, 0x00, 0x80, 0x3f, 0x00, 0x00, 0x80, 0x3f, 0x00, 0x00, 0x80, 0x3f,
    0x12, 0x00, 0x00, 0x01, 0x18, 0x00, 0x00, 0x08, 0x12, 0x00, 0x10, 0x00, 0x00, 0x00, 0x00, 0x00,
    0x1a, 0x80, 0x20, 0x00, 0x00, 0x00, 0x00, 0x00, 0x00, 0x00, 0x00, 0x00, 0x01, 0x40, 0x00, 0x00,
    0x00, 0x00, 0x80, 0x3f, 0x1f, 0x00, 0x04, 0x03, 0x0a, 0x00, 0x10, 0x00, 0x00, 0x00, 0x00, 0x00,
    0x45, 0x00, 0x00, 0x8b, 0xc2, 0x00, 0x00, 0x80, 0x43, 0x55, 0x15, 0x00, 0xf2, 0x00, 0x10, 0x00,
    0x01, 0x00, 0x00, 0x00, 0x46, 0x10, 0x10, 0x00, 0x01, 0x00, 0x00, 0x00, 0x46, 0x7e, 0x10, 0x00,
    0x00, 0x00, 0x00, 0x00, 0x00, 0x60, 0x10, 0x00, 0x00, 0x00, 0x00, 0x00, 0x12, 0x00, 0x00, 0x01,
    0x18, 0x00, 0x00, 0x08, 0x12, 0x00, 0x10, 0x00, 0x00, 0x00, 0x00, 0x00, 0x1a, 0x80, 0x20, 0x00,
    0x00, 0x00, 0x00, 0x00, 0x00, 0x00, 0x00, 0x00, 0x01, 0x40, 0x00, 0x00, 0x00, 0x00, 0x00, 0x40,
    0x1f, 0x00, 0x04, 0x03, 0x0a, 0x00, 0x10, 0x00, 0x00, 0x00, 0x00, 0x00, 0x7a, 0x00, 0x00, 0x05,
    0x52, 0x00, 0x10, 0x00, 0x00, 0x00, 0x00, 0x00, 0x06, 0x11, 0x10, 0x00, 0x01, 0x00, 0x00, 0x00,
    0x7c, 0x00, 0x00, 0x05, 0x32, 0x00, 0x10, 0x00, 0x02, 0x00, 0x00, 0x00, 0x46, 0x10, 0x10, 0x00,
    0x01, 0x00, 0x00, 0x00, 0x00, 0x00, 0x00, 0x09, 0xc2, 0x00, 0x10, 0x00, 0x02, 0x00, 0x00, 0x00,
    0x06, 0x08, 0x10, 0x80, 0x81, 0x00, 0x00, 0x00, 0x00, 0x00, 0x00, 0x00, 0x06, 0x04, 0x10, 0x80,
    0x81, 0x00, 0x00, 0x00, 0x02, 0x00, 0x00, 0x00, 0x38, 0x00, 0x00, 0x08, 0xc2, 0x00, 0x10, 0x00,
    0x02, 0x00, 0x00, 0x00, 0xa6, 0x0e, 0x10, 0x00, 0x02, 0x00, 0x00, 0x00, 0xa6, 0x8e, 0x20, 0x00,
    0x00, 0x00, 0x00, 0x00, 0x01, 0x00, 0x00, 0x00, 0x34, 0x00, 0x00, 0x0a, 0xc2, 0x00, 0x10, 0x00,
    0x02, 0x00, 0x00, 0x00, 0xa6, 0x0e, 0x10, 0x00, 0x02, 0x00, 0x00, 0x00, 0x02, 0x40, 0x00, 0x00,
    0x00, 0x00, 0x00, 0x00, 0x00, 0x00, 0x00, 0x00, 0xac, 0xc5, 0x27, 0x37, 0xac, 0xc5, 0x27, 0x37,
    0x33, 0x00, 0x00, 0x0a, 0xc2, 0x00, 0x10, 0x00, 0x02, 0x00, 0x00, 0x00, 0xa6, 0x0e, 0x10, 0x00,
    0x02, 0x00, 0x00, 0x00, 0x02, 0x40, 0x00, 0x00, 0x00, 0x00, 0x00, 0x00, 0x00, 0x00, 0x00, 0x00,
    0x00, 0x00, 0x80, 0x3f, 0x00, 0x00, 0x80, 0x3f, 0x38, 0x00, 0x00, 0x0a, 0x32, 0x00, 0x10, 0x00,
    0x03, 0x00, 0x00, 0x00, 0xe6, 0x0a, 0x10, 0x00, 0x02, 0x00, 0x00, 0x00, 0x02, 0x40, 0x00, 0x00,
    0x00, 0x00, 0x00, 0x3f, 0x00, 0x00, 0x00, 0x3f, 0x00, 0x00, 0x00, 0x00, 0x00, 0x00, 0x00, 0x00,
    0x32, 0x00, 0x00, 0x0b, 0x32, 0x00, 0x10, 0x00, 0x03, 0x00, 0x00, 0x00, 0x46, 0x10, 0x10, 0x00,
    0x01, 0x00, 0x00, 0x00, 0xe6, 0x8a, 0x20, 0x00, 0x00, 0x00, 0x00, 0x00, 0x01, 0x00, 0x00, 0x00,
    0x46, 0x00, 0x10, 0x80, 0x41, 0x00, 0x00, 0x00, 0x03, 0x00, 0x00, 0x00, 0x00, 0x00, 0x00, 0x0b,
    0xc2, 0x00, 0x10, 0x00, 0x02, 0x00, 0x00, 0x00, 0xa6, 0x0e, 0x10, 0x80, 0x41, 0x00, 0x00, 0x00,
    0x02, 0x00, 0x00, 0x00, 0x02, 0x40, 0x00, 0x00, 0x00, 0x00, 0x00, 0x00, 0x00, 0x00, 0x00, 0x00,
    0x00, 0x00, 0x80, 0x3f, 0x00, 0x00, 0x80, 0x3f, 0x1a, 0x00, 0x00, 0x05, 0xc2, 0x00, 0x10, 0x00,
    0x03, 0x00, 0x00, 0x00, 0x06, 0x04, 0x10, 0x00, 0x03, 0x00, 0x00, 0x00, 0x00, 0x00, 0x00, 0x0b,
    0x32, 0x00, 0x10, 0x00, 0x04, 0x00, 0x00, 0x00, 0xe6, 0x0a, 0x10, 0x80, 0x41, 0x00, 0x00, 0x00,
    0x02, 0x00, 0x00, 0x00, 0x02, 0x40, 0x00, 0x00, 0x00, 0x00, 0x80, 0x3f, 0x00, 0x00, 0x80, 0x3f,
    0x00, 0x00, 0x00, 0x00, 0x00, 0x00, 0x00, 0x00, 0x00, 0x00, 0x00, 0x08, 0xc2, 0x00, 0x10, 0x00,
    0x02, 0x00, 0x00, 0x00, 0xa6, 0x0e, 0x10, 0x80, 0x41, 0x00, 0x00, 0x00, 0x02, 0x00, 0x00, 0x00,
    0xa6, 0x0e, 0x10, 0x00, 0x03, 0x00, 0x00, 0x00, 0x0e, 0x00, 0x00, 0x0a, 0xc2, 0x00, 0x10, 0x00,
    0x03, 0x00, 0x00, 0x00, 0x02, 0x40, 0x00, 0x00, 0x00, 0x00, 0x80, 0x3f, 0x00, 0x00, 0x80, 0x3f,
    0x00, 0x00, 0x80, 0x3f, 0x00, 0x00, 0x80, 0x3f, 0x06, 0x04, 0x10, 0x00, 0x04, 0x00, 0x00, 0x00,
    0x38, 0x20, 0x00, 0x07, 0xc2, 0x00, 0x10, 0x00, 0x02, 0x00, 0x00, 0x00, 0xa6, 0x0e, 0x10, 0x00,
    0x02, 0x00, 0x00, 0x00, 0xa6, 0x0e, 0x10, 0x00, 0x03, 0x00, 0x00, 0x00, 0x32, 0x00, 0x00, 0x0f,
    0xc2, 0x00, 0x10, 0x00, 0x03, 0x00, 0x00, 0x00, 0xa6, 0x0e, 0x10, 0x00, 0x02, 0x00, 0x00, 0x00,
    0x02, 0x40, 0x00, 0x00, 0x00, 0x00, 0x00, 0x00, 0x00, 0x00, 0x00, 0x00, 0x00, 0x00, 0x00, 0xc0,
    0x00, 0x00, 0x00, 0xc0, 0x02, 0x40, 0x00, 0x00, 0x00, 0x00, 0x00, 0x00, 0x00, 0x00, 0x00, 0x00,
    0x00, 0x00, 0x40, 0x40, 0x00, 0x00, 0x40, 0x40, 0x38, 0x00, 0x00, 0x07, 0xc2, 0x00, 0x10, 0x00,
    0x02, 0x00, 0x00, 0x00, 0xa6, 0x0e, 0x10, 0x00, 0x02, 0x00, 0x00, 0x00, 0xa6, 0x0e, 0x10, 0x00,
    0x02, 0x00, 0x00, 0x00, 0x41, 0x00, 0x00, 0x05, 0x32, 0x00, 0x10, 0x00, 0x03, 0x00, 0x00, 0x00,
    0x46, 0x00, 0x10, 0x00, 0x03, 0x00, 0x00, 0x00, 0x32, 0x00, 0x00, 0x09, 0xc2, 0x00, 0x10, 0x00,
    0x02, 0x00, 0x00, 0x00, 0xa6, 0x0e, 0x10, 0x00, 0x03, 0x00, 0x00, 0x00, 0xa6, 0x0e, 0x10, 0x00,
    0x02, 0x00, 0x00, 0x00, 0x06, 0x04, 0x10, 0x00, 0x03, 0x00, 0x00, 0x00, 0x00, 0x00, 0x00, 0x0a,
    0xc2, 0x00, 0x10, 0x00, 0x02, 0x00, 0x00, 0x00, 0xa6, 0x0e, 0x10, 0x00, 0x02, 0x00, 0x00, 0x00,
    0x02, 0x40, 0x00, 0x00, 0x00, 0x00, 0x00, 0x00, 0x00, 0x00, 0x00, 0x00, 0x00, 0x00, 0x00, 0x3f,
    0x00, 0x00, 0x00, 0x3f, 0x38, 0x00, 0x00, 0x08, 0xc2, 0x00, 0x10, 0x00, 0x02, 0x00, 0x00, 0x00,
    0xa6, 0x0e, 0x10, 0x00, 0x02, 0x00, 0x00, 0x00, 0x06, 0x84, 0x20, 0x00, 0x00, 0x00, 0x00, 0x00,
    0x01, 0x00, 0x00, 0x00, 0x49, 0x00, 0x00, 0x8f, 0xc2, 0x00, 0x00, 0x80, 0x43, 0x55, 0x15, 0x00,
    0xf2, 0x00, 0x10, 0x00, 0x01, 0x00, 0x00, 0x00, 0xe6, 0x0a, 0x10, 0x00, 0x02, 0x00, 0x00, 0x00,
    0x46, 0x7e, 0x10, 0x00, 0x00, 0x00, 0x00, 0x00, 0x00, 0x60, 0x10, 0x00, 0x00, 0x00, 0x00, 0x00,
    0x86, 0x00, 0x10, 0x00, 0x00, 0x00, 0x00, 0x00, 0x46, 0x00, 0x10, 0x00, 0x02, 0x00, 0x00, 0x00,
    0x12, 0x00, 0x00, 0x01, 0x18, 0x00, 0x00, 0x08, 0x12, 0x00, 0x10, 0x00, 0x00, 0x00, 0x00, 0x00,
    0x1a, 0x80, 0x20, 0x00, 0x00, 0x00, 0x00, 0x00, 0x00, 0x00, 0x00, 0x00, 0x01, 0x40, 0x00, 0x00,
    0x00, 0x00, 0x40, 0x40, 0x1f, 0x00, 0x04, 0x03, 0x0a, 0x00, 0x10, 0x00, 0x00, 0x00, 0x00, 0x00,
    0x45, 0x00, 0x00, 0x8b, 0xc2, 0x00, 0x00, 0x80, 0x43, 0x55, 0x15, 0x00, 0x12, 0x00, 0x10, 0x00,
    0x00, 0x00, 0x00, 0x00, 0x46, 0x10, 0x10, 0x00, 0x01, 0x00, 0x00, 0x00, 0x46, 0x7e, 0x10, 0x00,
    0x00, 0x00, 0x00, 0x00, 0x00, 0x60, 0x10, 0x00, 0x00, 0x00, 0x00, 0x00, 0x32, 0x00, 0x00, 0x09,
    0x12, 0x00, 0x10, 0x00, 0x00, 0x00, 0x00, 0x00, 0x0a, 0x00, 0x10, 0x00, 0x00, 0x00, 0x00, 0x00,
    0x01, 0x40, 0x00, 0x00, 0x00, 0x00, 0x7f, 0x43, 0x01, 0x40, 0x00, 0x00, 0x00, 0x00, 0x00, 0x3f,
    0x38, 0x00, 0x00, 0x07, 0x12, 0x00, 0x10, 0x00, 0x02, 0x00, 0x00, 0x00, 0x0a, 0x00, 0x10, 0x00,
    0x00, 0x00, 0x00, 0x00, 0x01, 0x40, 0x00, 0x00, 0x00, 0x00, 0x80, 0x3b, 0x36, 0x00, 0x00, 0x05,
    0x22, 0x00, 0x10, 0x00, 0x02, 0x00, 0x00, 0x00, 0x01, 0x40, 0x00, 0x00, 0x00, 0x00, 0x00, 0x3f,
    0x45, 0x00, 0x00, 0x8b, 0xc2, 0x00, 0x00, 0x80, 0x43, 0x55, 0x15, 0x00, 0xf2, 0x00, 0x10, 0x00,
    0x01, 0x00, 0x00, 0x00, 0x46, 0x00, 0x10, 0x00, 0x02, 0x00, 0x00, 0x00, 0x46, 0x7e, 0x10, 0x00,
    0x01, 0x00, 0x00, 0x00, 0x00, 0x60, 0x10, 0x00, 0x01, 0x00, 0x00, 0x00, 0x12, 0x00, 0x00, 0x01,
    0x18, 0x00, 0x00, 0x08, 0x12, 0x00, 0x10, 0x00, 0x00, 0x00, 0x00, 0x00, 0x1a, 0x80, 0x20, 0x00,
    0x00, 0x00, 0x00, 0x00, 0x00, 0x00, 0x00, 0x00, 0x01, 0x40, 0x00, 0x00, 0x00, 0x00, 0x80, 0x40,
    0x1f, 0x00, 0x04, 0x03, 0x0a, 0x00, 0x10, 0x00, 0x00, 0x00, 0x00, 0x00, 0x32, 0x00, 0x00, 0x0d,
    0x52, 0x00, 0x10, 0x00, 0x00, 0x00, 0x00, 0x00, 0x06, 0x11, 0x10, 0x00, 0x01, 0x00, 0x00, 0x00,
    0xa6, 0x8b, 0x20, 0x00, 0x00, 0x00, 0x00, 0x00, 0x01, 0x00, 0x00, 0x00, 0x02, 0x40, 0x00, 0x00,
    0x00, 0x00, 0x00, 0x3f, 0x00, 0x00, 0x00, 0x00, 0x00, 0x00, 0x00, 0x3f, 0x00, 0x00, 0x00, 0x00,
    0x41, 0x00, 0x00, 0x05, 0xf2, 0x00, 0x10, 0x00, 0x02, 0x00, 0x00, 0x00, 0x86, 0x08, 0x10, 0x00,
    0x00, 0x00, 0x00, 0x00, 0x00, 0x00, 0x00, 0x0a, 0xf2, 0x00, 0x10, 0x00, 0x02, 0x00, 0x00, 0x00,
    0x46, 0x0e, 0x10, 0x00, 0x02, 0x00, 0x00, 0x00, 0x02, 0x40, 0x00, 0x00, 0x00, 0x00, 0x00, 0xbf,
    0x00, 0x00, 0x00, 0xbf, 0x00, 0x00, 0x00, 0x3f, 0x00, 0x00, 0x00, 0x3f, 0x38, 0x00, 0x00, 0x08,
    0xf2, 0x00, 0x10, 0x00, 0x02, 0x00, 0x00, 0x00, 0x46, 0x0e, 0x10, 0x00, 0x02, 0x00, 0x00, 0x00,
    0x46, 0x84, 0x20, 0x00, 0x00, 0x00, 0x00, 0x00, 0x01, 0x00, 0x00, 0x00, 0x1a, 0x00, 0x00, 0x05,
    0x52, 0x00, 0x10, 0x00, 0x00, 0x00, 0x00, 0x00, 0x06, 0x02, 0x10, 0x00, 0x00, 0x00, 0x00, 0x00,
    0x45, 0x00, 0x00, 0x8b, 0xc2, 0x00, 0x00, 0x80, 0x43, 0x55, 0x15, 0x00, 0x82, 0x00, 0x10, 0x00,
    0x00, 0x00, 0x00, 0x00, 0x46, 0x00, 0x10, 0x00, 0x02, 0x00, 0x00, 0x00, 0x96, 0x73, 0x10, 0x00,
    0x00, 0x00, 0x00, 0x00, 0x00, 0x60, 0x10, 0x00, 0x00, 0x00, 0x00, 0x00, 0x32, 0x00, 0x00, 0x09,
    0x82, 0x00, 0x10, 0x00, 0x00, 0x00, 0x00, 0x00, 0x3a, 0x00, 0x10, 0x00, 0x00, 0x00, 0x00, 0x00,
    0x01, 0x40, 0x00, 0x00, 0x00, 0x00, 0x7f, 0x43, 0x01, 0x40, 0x00, 0x00, 0x00, 0x00, 0x00, 0x3f,
    0x38, 0x00, 0x00, 0x07, 0x12, 0x00, 0x10, 0x00, 0x03, 0x00, 0x00, 0x00, 0x3a, 0x00, 0x10, 0x00,
    0x00, 0x00, 0x00, 0x00, 0x01, 0x40, 0x00, 0x00, 0x00, 0x00, 0x80, 0x3b, 0x36, 0x00, 0x00, 0x08,
    0xa2, 0x00, 0x10, 0x00, 0x03, 0x00, 0x00, 0x00, 0x02, 0x40, 0x00, 0x00, 0x00, 0x00, 0x00, 0x00,
    0x00, 0x00, 0x00, 0x3f, 0x00, 0x00, 0x00, 0x00, 0x00, 0x00, 0x00, 0x3f, 0x45, 0x00, 0x00, 0x8b,
    0xc2, 0x00, 0x00, 0x80, 0x43, 0x55, 0x15, 0x00, 0xf2, 0x00, 0x10, 0x00, 0x04, 0x00, 0x00, 0x00,
    0x46, 0x00, 0x10, 0x00, 0x03, 0x00, 0x00, 0x00, 0x46, 0x7e, 0x10, 0x00, 0x01, 0x00, 0x00, 0x00,
    0x00, 0x60, 0x10, 0x00, 0x01, 0x00, 0x00, 0x00, 0x45, 0x00, 0x00, 0x8b, 0xc2, 0x00, 0x00, 0x80,
    0x43, 0x55, 0x15, 0x00, 0x82, 0x00, 0x10, 0x00, 0x00, 0x00, 0x00, 0x00, 0xc6, 0x00, 0x10, 0x00,
    0x02, 0x00, 0x00, 0x00, 0x96, 0x73, 0x10, 0x00, 0x00, 0x00, 0x00, 0x00, 0x00, 0x60, 0x10, 0x00,
    0x00, 0x00, 0x00, 0x00, 0x32, 0x00, 0x00, 0x09, 0x82, 0x00, 0x10, 0x00, 0x00, 0x00, 0x00, 0x00,
    0x3a, 0x00, 0x10, 0x00, 0x00, 0x00, 0x00, 0x00, 0x01, 0x40, 0x00, 0x00, 0x00, 0x00, 0x7f, 0x43,
    0x01, 0x40, 0x00, 0x00, 0x00, 0x00, 0x00, 0x3f, 0x38, 0x00, 0x00, 0x07, 0x42, 0x00, 0x10, 0x00,
    0x03, 0x00, 0x00, 0x00, 0x3a, 0x00, 0x10, 0x00, 0x00, 0x00, 0x00, 0x00, 0x01, 0x40, 0x00, 0x00,
    0x00, 0x00, 0x80, 0x3b, 0x45, 0x00, 0x00, 0x8b, 0xc2, 0x00, 0x00, 0x80, 0x43, 0x55, 0x15, 0x00,
    0xf2, 0x00, 0x10, 0x00, 0x03, 0x00, 0x00, 0x00, 0xe6, 0x0a, 0x10, 0x00, 0x03, 0x00, 0x00, 0x00,
    0x46, 0x7e, 0x10, 0x00, 0x01, 0x00, 0x00, 0x00, 0x00, 0x60, 0x10, 0x00, 0x01, 0x00, 0x00, 0x00,
    0x45, 0x00, 0x00, 0x8b, 0xc2, 0x00, 0x00, 0x80, 0x43, 0x55, 0x15, 0x00, 0x82, 0x00, 0x10, 0x00,
    0x00, 0x00, 0x00, 0x00, 0x66, 0x0a, 0x10, 0x00, 0x02, 0x00, 0x00, 0x00, 0x96, 0x73, 0x10, 0x00,
    0x00, 0x00, 0x00, 0x00, 0x00, 0x60, 0x10, 0x00, 0x00, 0x00, 0x00, 0x00, 0x32, 0x00, 0x00, 0x09,
    0x82, 0x00, 0x10, 0x00, 0x00, 0x00, 0x00, 0x00, 0x3a, 0x00, 0x10, 0x00, 0x00, 0x00, 0x00, 0x00,
    0x01, 0x40, 0x00, 0x00, 0x00, 0x00, 0x7f, 0x43, 0x01, 0x40, 0x00, 0x00, 0x00, 0x00, 0x00, 0x3f,
    0x38, 0x00, 0x00, 0x07, 0x12, 0x00, 0x10, 0x00, 0x05, 0x00, 0x00, 0x00, 0x3a, 0x00, 0x10, 0x00,
    0x00, 0x00, 0x00, 0x00, 0x01, 0x40, 0x00, 0x00, 0x00, 0x00, 0x80, 0x3b, 0x36, 0x00, 0x00, 0x08,
    0xa2, 0x00, 0x10, 0x00, 0x05, 0x00, 0x00, 0x00, 0x02, 0x40, 0x00, 0x00, 0x00, 0x00, 0x00, 0x00,
    0x00, 0x00, 0x00, 0x3f, 0x00, 0x00, 0x00, 0x00, 0x00, 0x00, 0x00, 0x3f, 0x45, 0x00, 0x00, 0x8b,
    0xc2, 0x00, 0x00, 0x80, 0x43, 0x55, 0x15, 0x00, 0xf2, 0x00, 0x10, 0x00, 0x06, 0x00, 0x00, 0x00,
    0x46, 0x00, 0x10, 0x00, 0x05, 0x00, 0x00, 0x00, 0x46, 0x7e, 0x10, 0x00, 0x01, 0x00, 0x00, 0x00,
    0x00, 0x60, 0x10, 0x00, 0x01, 0x00, 0x00, 0x00, 0x45, 0x00, 0x00, 0x8b, 0xc2, 0x00, 0x00, 0x80,
    0x43, 0x55, 0x15, 0x00, 0x82, 0x00, 0x10, 0x00, 0x00, 0x00, 0x00, 0x00, 0xe6, 0x0a, 0x10, 0x00,
    0x02, 0x00, 0x00, 0x00, 0x96, 0x73, 0x10, 0x00, 0x00, 0x00, 0x00, 0x00, 0x00, 0x60, 0x10, 0x00,
    0x00, 0x00, 0x00, 0x00, 0x32, 0x00, 0x00, 0x09, 0x82, 0x00, 0x10, 0x00, 0x00, 0x00, 0x00, 0x00,
    0x3a, 0x00, 0x10, 0x00, 0x00, 0x00, 0x00, 0x00, 0x01, 0x40, 0x00, 0x00, 0x00, 0x00, 0x7f, 0x43,
    0x01, 0x40, 0x00, 0x00, 0x00, 0x00, 0x00, 0x3f, 0x38, 0x00, 0x00, 0x07, 0x42, 0x00, 0x10, 0x00,
    0x05, 0x00, 0x00, 0x00, 0x3a, 0x00, 0x10, 0x00, 0x00, 0x00, 0x00, 0x00, 0x01, 0x40, 0x00, 0x00,
    0x00, 0x00, 0x80, 0x3b, 0x45, 0x00, 0x00, 0x8b, 0xc2, 0x00, 0x00, 0x80, 0x43, 0x55, 0x15, 0x00,
    0xf2, 0x00, 0x10, 0x00, 0x02, 0x00, 0x00, 0x00, 0xe6, 0x0a, 0x10, 0x00, 0x05, 0x00, 0x00, 0x00,
    0x46, 0x7e, 0x10, 0x00, 0x01, 0x00, 0x00, 0x00, 0x00, 0x60, 0x10, 0x00, 0x01, 0x00, 0x00, 0x00,
    0x00, 0x00, 0x00, 0x08, 0xf2, 0x00, 0x10, 0x00, 0x03, 0x00, 0x00, 0x00, 0x46, 0x0e, 0x10, 0x80,
    0x41, 0x00, 0x00, 0x00, 0x04, 0x00, 0x00, 0x00, 0x46, 0x0e, 0x10, 0x00, 0x03, 0x00, 0x00, 0x00,
    0x32, 0x00, 0x00, 0x09, 0xf2, 0x00, 0x10, 0x00, 0x03, 0x00, 0x00, 0x00, 0xa6, 0x0a, 0x10, 0x00,
    0x00, 0x00, 0x00, 0x00, 0x46, 0x0e, 0x10, 0x00, 0x03, 0x00, 0x00, 0x00, 0x46, 0x0e, 0x10, 0x00,
    0x04, 0x00, 0x00, 0x00, 0x00, 0x00, 0x00, 0x08, 0xf2, 0x00, 0x10, 0x00, 0x02, 0x00, 0x00, 0x00,
    0x46, 0x0e, 0x10, 0x80, 0x41, 0x00, 0x00, 0x00, 0x06, 0x00, 0x00, 0x00, 0x46, 0x0e, 0x10, 0x00,
    0x02, 0x00, 0x00, 0x00, 0x32, 0x00, 0x00, 0x09, 0xf2, 0x00, 0x10, 0x00, 0x02, 0x00, 0x00, 0x00,
    0xa6, 0x0a, 0x10, 0x00, 0x00, 0x00, 0x00, 0x00, 0x46, 0x0e, 0x10, 0x00, 0x02, 0x00, 0x00, 0x00,
    0x46, 0x0e, 0x10, 0x00, 0x06, 0x00, 0x00, 0x00, 0x00, 0x00, 0x00, 0x08, 0xf2, 0x00, 0x10, 0x00,
    0x02, 0x00, 0x00, 0x00, 0x46, 0x0e, 0x10, 0x80, 0x41, 0x00, 0x00, 0x00, 0x03, 0x00, 0x00, 0x00,
    0x46, 0x0e, 0x10, 0x00, 0x02, 0x00, 0x00, 0x00, 0x32, 0x00, 0x00, 0x09, 0xf2, 0x00, 0x10, 0x00,
    0x01, 0x00, 0x00, 0x00, 0x06, 0x00, 0x10, 0x00, 0x00, 0x00, 0x00, 0x00, 0x46, 0x0e, 0x10, 0x00,
    0x02, 0x00, 0x00, 0x00, 0x46, 0x0e, 0x10, 0x00, 0x03, 0x00, 0x00, 0x00, 0x12, 0x00, 0x00, 0x01,
    0x18, 0x00, 0x00, 0x08, 0x12, 0x00, 0x10, 0x00, 0x00, 0x00, 0x00, 0x00, 0x1a, 0x80, 0x20, 0x00,
    0x00, 0x00, 0x00, 0x00, 0x00, 0x00, 0x00, 0x00, 0x01, 0x40, 0x00, 0x00, 0x00, 0x00, 0xa0, 0x40,
    0x1f, 0x00, 0x04, 0x03, 0x0a, 0x00, 0x10, 0x00, 0x00, 0x00, 0x00, 0x00, 0x7a, 0x00, 0x00, 0x05,
    0x52, 0x00, 0x10, 0x00, 0x00, 0x00, 0x00, 0x00, 0x06, 0x11, 0x10, 0x00, 0x01, 0x00, 0x00, 0x00,
    0x7c, 0x00, 0x00, 0x05, 0x32, 0x00, 0x10, 0x00, 0x02, 0x00, 0x00, 0x00, 0x46, 0x10, 0x10, 0x00,
    0x01, 0x00, 0x00, 0x00, 0x00, 0x00, 0x00, 0x09, 0x52, 0x00, 0x10, 0x00, 0x00, 0x00, 0x00, 0x00,
    0x06, 0x02, 0x10, 0x80, 0x81, 0x00, 0x00, 0x00, 0x00, 0x00, 0x00, 0x00, 0x06, 0x01, 0x10, 0x80,
    0x81, 0x00, 0x00, 0x00, 0x02, 0x00, 0x00, 0x00, 0x38, 0x00, 0x00, 0x08, 0x52, 0x00, 0x10, 0x00,
    0x00, 0x00, 0x00, 0x00, 0x06, 0x02, 0x10, 0x00, 0x00, 0x00, 0x00, 0x00, 0xa6, 0x8b, 0x20, 0x00,
    0x00, 0x00, 0x00, 0x00, 0x01, 0x00, 0x00, 0x00, 0x34, 0x00, 0x00, 0x0a, 0x52, 0x00, 0x10, 0x00,
    0x00, 0x00, 0x00, 0x00, 0x06, 0x02, 0x10, 0x00, 0x00, 0x00, 0x00, 0x00, 0x02, 0x40, 0x00, 0x00,
    0xac, 0xc5, 0x27, 0x37, 0x00, 0x00, 0x00, 0x00, 0xac, 0xc5, 0x27, 0x37, 0x00, 0x00, 0x00, 0x00,
    0x33, 0x00, 0x00, 0x0a, 0x52, 0x00, 0x10, 0x00, 0x00, 0x00, 0x00, 0x00, 0x06, 0x02, 0x10, 0x00,
    0x00, 0x00, 0x00, 0x00, 0x02, 0x40, 0x00, 0x00, 0x00, 0x00, 0x80, 0x3f, 0x00, 0x00, 0x00, 0x00,
    0x00, 0x00, 0x80, 0x3f, 0x00, 0x00, 0x00, 0x00, 0x38, 0x00, 0x00, 0x0a, 0x32, 0x00, 0x10, 0x00,
    0x02, 0x00, 0x00, 0x00, 0x86, 0x00, 0x10, 0x00, 0x00, 0x00, 0x00, 0x00, 0x02, 0x40, 0x00, 0x00,
    0x00, 0x00, 0x00, 0x3f, 0x00, 0x00, 0x00, 0x3f, 0x00, 0x00, 0x00, 0x00, 0x00, 0x00, 0x00, 0x00,
    0x32, 0x00, 0x00, 0x0b, 0x32, 0x00, 0x10, 0x00, 0x02, 0x00, 0x00, 0x00, 0x46, 0x10, 0x10, 0x00,
    0x01, 0x00, 0x00, 0x00, 0xe6, 0x8a, 0x20, 0x00, 0x00, 0x00, 0x00, 0x00, 0x01, 0x00, 0x00, 0x00,
    0x46, 0x00, 0x10, 0x80, 0x41, 0x00, 0x00, 0x00, 0x02, 0x00, 0x00, 0x00, 0x00, 0x00, 0x00, 0x0b,
    0x52, 0x00, 0x10, 0x00, 0x00, 0x00, 0x00, 0x00, 0x06, 0x02, 0x10, 0x80, 0x41, 0x00, 0x00, 0x00,
    0x00, 0x00, 0x00, 0x00, 0x02, 0x40, 0x00, 0x00, 0x00, 0x00, 0x80, 0x3f, 0x00, 0x00, 0x00, 0x00,
    0x00, 0x00, 0x80, 0x3f, 0x00, 0x00, 0x00, 0x00, 0x1a, 0x00, 0x00, 0x05, 0xc2, 0x00, 0x10, 0x00,
    0x02, 0x00, 0x00, 0x00, 0x06, 0x04, 0x10, 0x00, 0x02, 0x00, 0x00, 0x00, 0x00, 0x00, 0x00, 0x0b,
    0x32, 0x00, 0x10, 0x00, 0x03, 0x00, 0x00, 0x00, 0x86, 0x00, 0x10, 0x80, 0x41, 0x00, 0x00, 0x00,
    0x00, 0x00, 0x00, 0x00, 0x02, 0x40, 0x00, 0x00, 0x00, 0x00, 0x80, 0x3f, 0x00, 0x00, 0x80, 0x3f,
    0x00, 0x00, 0x00, 0x00, 0x00, 0x00, 0x00, 0x00, 0x00, 0x00, 0x00, 0x08, 0x52, 0x00, 0x10, 0x00,
    0x00, 0x00, 0x00, 0x00, 0x06, 0x02, 0x10, 0x80, 0x41, 0x00, 0x00, 0x00, 0x00, 0x00, 0x00, 0x00,
    0xa6, 0x0b, 0x10, 0x00, 0x02, 0x00, 0x00, 0x00, 0x0e, 0x00, 0x00, 0x0a, 0xc2, 0x00, 0x10, 0x00,
    0x02, 0x00, 0x00, 0x00, 0x02, 0x40, 0x00, 0x00, 0x00, 0x00, 0x80, 0x3f, 0x00, 0x00, 0x80, 0x3f,
    0x00, 0x00, 0x80, 0x3f, 0x00, 0x00, 0x80, 0x3f, 0x06, 0x04, 0x10, 0x00, 0x03, 0x00, 0x00, 0x00,
    0x38, 0x20, 0x00, 0x07, 0x52, 0x00, 0x10, 0x00, 0x00, 0x00, 0x00, 0x00, 0x06, 0x02, 0x10, 0x00,
    0x00, 0x00, 0x00, 0x00, 0xa6, 0x0b, 0x10, 0x00, 0x02, 0x00, 0x00, 0x00, 0x32, 0x00, 0x00, 0x0f,
    0xc2, 0x00, 0x10, 0x00, 0x02, 0x00, 0x00, 0x00, 0x06, 0x08, 0x10, 0x00, 0x00, 0x00, 0x00, 0x00,
    0x02, 0x40, 0x00, 0x00, 0x00, 0x00, 0x00, 0x00, 0x00, 0x00, 0x00, 0x00, 0x00, 0x00, 0x00, 0xc0,
    0x00, 0x00, 0x00, 0xc0, 0x02, 0x40, 0x00, 0x00, 0x00, 0x00, 0x00, 0x00, 0x00, 0x00, 0x00, 0x00,
    0x00, 0x00, 0x40, 0x40, 0x00, 0x00, 0x40, 0x40, 0x38, 0x00, 0x00, 0x07, 0x52, 0x00, 0x10, 0x00,
    0x00, 0x00, 0x00, 0x00, 0x06, 0x02, 0x10, 0x00, 0x00, 0x00, 0x00, 0x00, 0x06, 0x02, 0x10, 0x00,
    0x00, 0x00, 0x00, 0x00, 0x41, 0x00, 0x00, 0x05, 0x32, 0x00, 0x10, 0x00, 0x02, 0x00, 0x00, 0x00,
    0x46, 0x00, 0x10, 0x00, 0x02, 0x00, 0x00, 0x00, 0x32, 0x00, 0x00, 0x09, 0x52, 0x00, 0x10, 0x00,
    0x00, 0x00, 0x00, 0x00, 0xa6, 0x0b, 0x10, 0x00, 0x02, 0x00, 0x00, 0x00, 0x06, 0x02, 0x10, 0x00,
    0x00, 0x00, 0x00, 0x00, 0x06, 0x01, 0x10, 0x00, 0x02, 0x00, 0x00, 0x00, 0x00, 0x00, 0x00, 0x0a,
    0x52, 0x00, 0x10, 0x00, 0x00, 0x00, 0x00, 0x00, 0x06, 0x02, 0x10, 0x00, 0x00, 0x00, 0x00, 0x00,
    0x02, 0x40, 0x00, 0x00, 0x00, 0x00, 0x00, 0x3f, 0x00, 0x00, 0x00, 0x00, 0x00, 0x00, 0x00, 0x3f,
    0x00, 0x00, 0x00, 0x00, 0x38, 0x00, 0x00, 0x08, 0x52, 0x00, 0x10, 0x00, 0x00, 0x00, 0x00, 0x00,
    0x06, 0x02, 0x10, 0x00, 0x00, 0x00, 0x00, 0x00, 0x06, 0x81, 0x20, 0x00, 0x00, 0x00, 0x00, 0x00,
    0x01, 0x00, 0x00, 0x00, 0x32, 0x00, 0x00, 0x0d, 0x52, 0x00, 0x10, 0x00, 0x00, 0x00, 0x00, 0x00,
    0x06, 0x02, 0x10, 0x00, 0x00, 0x00, 0x00, 0x00, 0xa6, 0x8b, 0x20, 0x00, 0x00, 0x00, 0x00, 0x00,
    0x01, 0x00, 0x00, 0x00, 0x02, 0x40, 0x00, 0x00, 0x00, 0x00, 0x00, 0x3f, 0x00, 0x00, 0x00, 0x00,
    0x00, 0x00, 0x00, 0x3f, 0x00, 0x00, 0x00, 0x00, 0x41, 0x00, 0x00, 0x05, 0xf2, 0x00, 0x10, 0x00,
    0x02, 0x00, 0x00, 0x00, 0x86, 0x08, 0x10, 0x00, 0x00, 0x00, 0x00, 0x00, 0x00, 0x00, 0x00, 0x0a,
    0xf2, 0x00, 0x10, 0x00, 0x02, 0x00, 0x00, 0x00, 0x46, 0x0e, 0x10, 0x00, 0x02, 0x00, 0x00, 0x00,
    0x02, 0x40, 0x00, 0x00, 0x00, 0x00, 0x00, 0xbf, 0x00, 0x00, 0x00, 0xbf, 0x00, 0x00, 0x00, 0x3f,
    0x00, 0x00, 0x00, 0x3f, 0x38, 0x00, 0x00, 0x08, 0xf2, 0x00, 0x10, 0x00, 0x02, 0x00, 0x00, 0x00,
    0x46, 0x0e, 0x10, 0x00, 0x02, 0x00, 0x00, 0x00, 0x46, 0x84, 0x20, 0x00, 0x00, 0x00, 0x00, 0x00,
    0x01, 0x00, 0x00, 0x00, 0x1a, 0x00, 0x00, 0x05, 0x52, 0x00, 0x10, 0x00, 0x00, 0x00, 0x00, 0x00,
    0x06, 0x02, 0x10, 0x00, 0x00, 0x00, 0x00, 0x00, 0x45, 0x00, 0x00, 0x8b, 0xc2, 0x00, 0x00, 0x80,
    0x43, 0x55, 0x15, 0x00, 0x82, 0x00, 0x10, 0x00, 0x00, 0x00, 0x00, 0x00, 0x46, 0x00, 0x10, 0x00,
    0x02, 0x00, 0x00, 0x00, 0x96, 0x73, 0x10, 0x00, 0x00, 0x00, 0x00, 0x00, 0x00, 0x60, 0x10, 0x00,
    0x00, 0x00, 0x00, 0x00, 0x32, 0x00, 0x00, 0x09, 0x82, 0x00, 0x10, 0x00, 0x00, 0x00, 0x00, 0x00,
    0x3a, 0x00, 0x10, 0x00, 0x00, 0x00, 0x00, 0x00, 0x01, 0x40, 0x00, 0x00, 0x00, 0x00, 0x7f, 0x43,
    0x01, 0x40, 0x00, 0x00, 0x00, 0x00, 0x00, 0x3f, 0x38, 0x00, 0x00, 0x07, 0x12, 0x00, 0x10, 0x00,
    0x03, 0x00, 0x00, 0x00, 0x3a, 0x00, 0x10, 0x00, 0x00, 0x00, 0x00, 0x00, 0x01, 0x40, 0x00, 0x00,
    0x00, 0x00, 0x80, 0x3b, 0x36, 0x00, 0x00, 0x08, 0xa2, 0x00, 0x10, 0x00, 0x03, 0x00, 0x00, 0x00,
    0x02, 0x40, 0x00, 0x00, 0x00, 0x00, 0x00, 0x00, 0x00, 0x00, 0x00, 0x3f, 0x00, 0x00, 0x00, 0x00,
    0x00, 0x00, 0x00, 0x3f, 0x45, 0x00, 0x00, 0x8b, 0xc2, 0x00, 0x00, 0x80, 0x43, 0x55, 0x15, 0x00,
    0xf2, 0x00, 0x10, 0x00, 0x04, 0x00, 0x00, 0x00, 0x46, 0x00, 0x10, 0x00, 0x03, 0x00, 0x00, 0x00,
    0x46, 0x7e, 0x10, 0x00, 0x01, 0x00, 0x00, 0x00, 0x00, 0x60, 0x10, 0x00, 0x01, 0x00, 0x00, 0x00,
    0x45, 0x00, 0x00, 0x8b, 0xc2, 0x00, 0x00, 0x80, 0x43, 0x55, 0x15, 0x00, 0x82, 0x00, 0x10, 0x00,
    0x00, 0x00, 0x00, 0x00, 0xc6, 0x00, 0x10, 0x00, 0x02, 0x00, 0x00, 0x00, 0x96, 0x73, 0x10, 0x00,
    0x00, 0x00, 0x00, 0x00, 0x00, 0x60, 0x10, 0x00, 0x00, 0x00, 0x00, 0x00, 0x32, 0x00, 0x00, 0x09,
    0x82, 0x00, 0x10, 0x00, 0x00, 0x00, 0x00, 0x00, 0x3a, 0x00, 0x10, 0x00, 0x00, 0x00, 0x00, 0x00,
    0x01, 0x40, 0x00, 0x00, 0x00, 0x00, 0x7f, 0x43, 0x01, 0x40, 0x00, 0x00, 0x00, 0x00, 0x00, 0x3f,
    0x38, 0x00, 0x00, 0x07, 0x42, 0x00, 0x10, 0x00, 0x03, 0x00, 0x00, 0x00, 0x3a, 0x00, 0x10, 0x00,
    0x00, 0x00, 0x00, 0x00, 0x01, 0x40, 0x00, 0x00, 0x00, 0x00, 0x80, 0x3b, 0x45, 0x00, 0x00, 0x8b,
    0xc2, 0x00, 0x00, 0x80, 0x43, 0x55, 0x15, 0x00, 0xf2, 0x00, 0x10, 0x00, 0x03, 0x00, 0x00, 0x00,
    0xe6, 0x0a, 0x10, 0x00, 0x03, 0x00, 0x00, 0x00, 0x46, 0x7e, 0x10, 0x00, 0x01, 0x00, 0x00, 0x00,
    0x00, 0x60, 0x10, 0x00, 0x01, 0x00, 0x00, 0x00, 0x45, 0x00, 0x00, 0x8b, 0xc2, 0x00, 0x00, 0x80,
    0x43, 0x55, 0x15, 0x00, 0x82, 0x00, 0x10, 0x00, 0x00, 0x00, 0x00, 0x00, 0x66, 0x0a, 0x10, 0x00,
    0x02, 0x00, 0x00, 0x00, 0x96, 0x73, 0x10, 0x00, 0x00, 0x00, 0x00, 0x00, 0x00, 0x60, 0x10, 0x00,
    0x00, 0x00, 0x00, 0x00, 0x32, 0x00, 0x00, 0x09, 0x82, 0x00, 0x10, 0x00, 0x00, 0x00, 0x00, 0x00,
    0x3a, 0x00, 0x10, 0x00, 0x00, 0x00, 0x00, 0x00, 0x01, 0x40, 0x00, 0x00, 0x00, 0x00, 0x7f, 0x43,
    0x01, 0x40, 0x00, 0x00, 0x00, 0x00, 0x00, 0x3f, 0x38, 0x00, 0x00, 0x07, 0x12, 0x00, 0x10, 0x00,
    0x05, 0x00, 0x00, 0x00, 0x3a, 0x00, 0x10, 0x00, 0x00, 0x00, 0x00, 0x00, 0x01, 0x40, 0x00, 0x00,
    0x00, 0x00, 0x80, 0x3b, 0x36, 0x00, 0x00, 0x08, 0xa2, 0x00, 0x10, 0x00, 0x05, 0x00, 0x00, 0x00,
    0x02, 0x40, 0x00, 0x00, 0x00, 0x00, 0x00, 0x00, 0x00, 0x00, 0x00, 0x3f, 0x00, 0x00, 0x00, 0x00,
    0x00, 0x00, 0x00, 0x3f, 0x45, 0x00, 0x00, 0x8b, 0xc2, 0x00, 0x00, 0x80, 0x43, 0x55, 0x15, 0x00,
    0xf2, 0x00, 0x10, 0x00, 0x06, 0x00, 0x00, 0x00, 0x46, 0x00, 0x10, 0x00, 0x05, 0x00, 0x00, 0x00,
    0x46, 0x7e, 0x10, 0x00, 0x01, 0x00, 0x00, 0x00, 0x00, 0x60, 0x10, 0x00, 0x01, 0x00, 0x00, 0x00,
    0x45, 0x00, 0x00, 0x8b, 0xc2, 0x00, 0x00, 0x80, 0x43, 0x55, 0x15, 0x00, 0x82, 0x00, 0x10, 0x00,
    0x00, 0x00, 0x00, 0x00, 0xe6, 0x0a, 0x10, 0x00, 0x02, 0x00, 0x00, 0x00, 0x96, 0x73, 0x10, 0x00,
    0x00, 0x00, 0x00, 0x00, 0x00, 0x60, 0x10, 0x00, 0x00, 0x00, 0x00, 0x00, 0x32, 0x00, 0x00, 0x09,
    0x82, 0x00, 0x10, 0x00, 0x00, 0x00, 0x00, 0x00, 0x3a, 0x00, 0x10, 0x00, 0x00, 0x00, 0x00, 0x00,
    0x01, 0x40, 0x00, 0x00, 0x00, 0x00, 0x7f, 0x43, 0x01, 0x40, 0x00, 0x00, 0x00, 0x00, 0x00, 0x3f,
    0x38, 0x00, 0x00, 0x07, 0x42, 0x00, 0x10, 0x00, 0x05, 0x00, 0x00, 0x00, 0x3a, 0x00, 0x10, 0x00,
    0x00, 0x00, 0x00, 0x00, 0x01, 0x40, 0x00, 0x00, 0x00, 0x00, 0x80, 0x3b, 0x45, 0x00, 0x00, 0x8b,
    0xc2, 0x00, 0x00, 0x80, 0x43, 0x55, 0x15, 0x00, 0xf2, 0x00, 0x10, 0x00, 0x02, 0x00, 0x00, 0x00,
    0xe6, 0x0a, 0x10, 0x00, 0x05, 0x00, 0x00, 0x00, 0x46, 0x7e, 0x10, 0x00, 0x01, 0x00, 0x00, 0x00,
    0x00, 0x60, 0x10, 0x00, 0x01, 0x00, 0x00, 0x00, 0x00, 0x00, 0x00, 0x08, 0xf2, 0x00, 0x10, 0x00,
    0x03, 0x00, 0x00, 0x00, 0x46, 0x0e, 0x10, 0x80, 0x41, 0x00, 0x00, 0x00, 0x04, 0x00, 0x00, 0x00,
    0x46, 0x0e, 0x10, 0x00, 0x03, 0x00, 0x00, 0x00, 0x32, 0x00, 0x00, 0x09, 0xf2, 0x00, 0x10, 0x00,
    0x03, 0x00, 0x00, 0x00, 0xa6, 0x0a, 0x10, 0x00, 0x00, 0x00, 0x00, 0x00, 0x46, 0x0e, 0x10, 0x00,
    0x03, 0x00, 0x00, 0x00, 0x46, 0x0e, 0x10, 0x00, 0x04, 0x00, 0x00, 0x00, 0x00, 0x00, 0x00, 0x08,
    0xf2, 0x00, 0x10, 0x00, 0x02, 0x00, 0x00, 0x00, 0x46, 0x0e, 0x10, 0x80, 0x41, 0x00, 0x00, 0x00,
    0x06, 0x00, 0x00, 0x00, 0x46, 0x0e, 0x10, 0x00, 0x02, 0x00, 0x00, 0x00, 0x32, 0x00, 0x00, 0x09,
    0xf2, 0x00, 0x10, 0x00, 0x02, 0x00, 0x00, 0x00, 0xa6, 0x0a, 0x10, 0x00, 0x00, 0x00, 0x00, 0x00,
    0x46, 0x0e, 0x10, 0x00, 0x02, 0x00, 0x00, 0x00, 0x46, 0x0e, 0x10, 0x00, 0x06, 0x00, 0x00, 0x00,
    0x00, 0x00, 0x00, 0x08, 0xf2, 0x00, 0x10, 0x00, 0x02, 0x00, 0x00, 0x00, 0x46, 0x0e, 0x10, 0x80,
    0x41, 0x00, 0x00, 0x00, 0x03, 0x00, 0x00, 0x00, 0x46, 0x0e, 0x10, 0x00, 0x02, 0x00, 0x00, 0x00,
    0x32, 0x00, 0x00, 0x09, 0xf2, 0x00, 0x10, 0x00, 0x01, 0x00, 0x00, 0x00, 0x06, 0x00, 0x10, 0x00,
    0x00, 0x00, 0x00, 0x00, 0x46, 0x0e, 0x10, 0x00, 0x02, 0x00, 0x00, 0x00, 0x46, 0x0e, 0x10, 0x00,
    0x03, 0x00, 0x00, 0x00, 0x12, 0x00, 0x00, 0x01, 0x18, 0x00, 0x00, 0x08, 0x12, 0x00, 0x10, 0x00,
    0x00, 0x00, 0x00, 0x00, 0x1a, 0x80, 0x20, 0x00, 0x00, 0x00, 0x00, 0x00, 0x00, 0x00, 0x00, 0x00,
    0x01, 0x40, 0x00, 0x00, 0x00, 0x00, 0xc0, 0x40, 0x1f, 0x00, 0x04, 0x03, 0x0a, 0x00, 0x10, 0x00,
    0x00, 0x00, 0x00, 0x00, 0x45, 0x00, 0x00, 0x8b, 0xc2, 0x00, 0x00, 0x80, 0x43, 0x55, 0x15, 0x00,
    0x12, 0x00, 0x10, 0x00, 0x00, 0x00, 0x00, 0x00, 0x46, 0x10, 0x10, 0x00, 0x01, 0x00, 0x00, 0x00,
    0xc6, 0x79, 0x10, 0x00, 0x00, 0x00, 0x00, 0x00, 0x00, 0x60, 0x10, 0x00, 0x00, 0x00, 0x00, 0x00,
    0x45, 0x00, 0x00, 0x8b, 0xc2, 0x00, 0x00, 0x80, 0x43, 0x55, 0x15, 0x00, 0xc2, 0x00, 0x10, 0x00,
    0x00, 0x00, 0x00, 0x00, 0x46, 0x10, 0x10, 0x00, 0x01, 0x00, 0x00, 0x00, 0xe6, 0x74, 0x10, 0x00,
    0x01, 0x00, 0x00, 0x00, 0x00, 0x60, 0x10, 0x00, 0x00, 0x00, 0x00, 0x00, 0x00, 0x00, 0x00, 0x08,
    0xd2, 0x00, 0x10, 0x00, 0x00, 0x00, 0x00, 0x00, 0x06, 0x0e, 0x10, 0x00, 0x00, 0x00, 0x00, 0x00,
    0x06, 0x89, 0x20, 0x00, 0x00, 0x00, 0x00, 0x00, 0x03, 0x00, 0x00, 0x00, 0x10, 0x00, 0x00, 0x08,
    0x12, 0x00, 0x10, 0x00, 0x01, 0x00, 0x00, 0x00, 0x86, 0x03, 0x10, 0x00, 0x00, 0x00, 0x00, 0x00,
    0x46, 0x82, 0x20, 0x00, 0x00, 0x00, 0x00, 0x00, 0x04, 0x00, 0x00, 0x00, 0x10, 0x00, 0x00, 0x08,
    0x22, 0x00, 0x10, 0x00, 0x01, 0x00, 0x00, 0x00, 0x86, 0x03, 0x10, 0x00, 0x00, 0x00, 0x00, 0x00,
    0x46, 0x82, 0x20, 0x00, 0x00, 0x00, 0x00, 0x00, 0x05, 0x00, 0x00, 0x00, 0x10, 0x00, 0x00, 0x08,
    0x42, 0x00, 0x10, 0x00, 0x01, 0x00, 0x00, 0x00, 0x86, 0x03, 0x10, 0x00, 0x00, 0x00, 0x00, 0x00,
    0x46, 0x82, 0x20, 0x00, 0x00, 0x00, 0x00, 0x00, 0x06, 0x00, 0x00, 0x00, 0x12, 0x00, 0x00, 0x01,
    0x18, 0x00, 0x00, 0x08, 0x12, 0x00, 0x10, 0x00, 0x00, 0x00, 0x00, 0x00, 0x1a, 0x80, 0x20, 0x00,
    0x00, 0x00, 0x00, 0x00, 0x00, 0x00, 0x00, 0x00, 0x01, 0x40, 0x00, 0x00, 0x00, 0x00, 0xe0, 0x40,
    0x1f, 0x00, 0x04, 0x03, 0x0a, 0x00, 0x10, 0x00, 0x00, 0x00, 0x00, 0x00, 0x45, 0x00, 0x00, 0x8b,
    0xc2, 0x00, 0x00, 0x80, 0x43, 0x55, 0x15, 0x00, 0x12, 0x00, 0x10, 0x00, 0x00, 0x00, 0x00, 0x00,
    0x46, 0x10, 0x10, 0x00, 0x01, 0x00, 0x00, 0x00, 0xc6, 0x79, 0x10, 0x00, 0x00, 0x00, 0x00, 0x00,
    0x00, 0x60, 0x10, 0x00, 0x00, 0x00, 0x00, 0x00, 0x45, 0x00, 0x00, 0x8b, 0xc2, 0x00, 0x00, 0x80,
    0x43, 0x55, 0x15, 0x00, 0xc2, 0x00, 0x10, 0x00, 0x00, 0x00, 0x00, 0x00, 0x46, 0x10, 0x10, 0x00,
    0x01, 0x00, 0x00, 0x00, 0xe6, 0x71, 0x10, 0x00, 0x01, 0x00, 0x00, 0x00, 0x00, 0x60, 0x10, 0x00,
    0x00, 0x00, 0x00, 0x00, 0x00, 0x00, 0x00, 0x08, 0xd2, 0x00, 0x10, 0x00, 0x00, 0x00, 0x00, 0x00,
    0x06, 0x0e, 0x10, 0x00, 0x00, 0x00, 0x00, 0x00, 0x06, 0x89, 0x20, 0x00, 0x00, 0x00, 0x00, 0x00,
    0x03, 0x00, 0x00, 0x00, 0x10, 0x00, 0x00, 0x08, 0x12, 0x00, 0x10, 0x00, 0x01, 0x00, 0x00, 0x00,
    0x86, 0x03, 0x10, 0x00, 0x00, 0x00, 0x00, 0x00, 0x46, 0x82, 0x20, 0x00, 0x00, 0x00, 0x00, 0x00,
    0x04, 0x00, 0x00, 0x00, 0x10, 0x00, 0x00, 0x08, 0x22, 0x00, 0x10, 0x00, 0x01, 0x00, 0x00, 0x00,
    0x86, 0x03, 0x10, 0x00, 0x00, 0x00, 0x00, 0x00, 0x46, 0x82, 0x20, 0x00, 0x00, 0x00, 0x00, 0x00,
    0x05, 0x00, 0x00, 0x00, 0x10, 0x00, 0x00, 0x08, 0x42, 0x00, 0x10, 0x00, 0x01, 0x00, 0x00, 0x00,
    0x86, 0x03, 0x10, 0x00, 0x00, 0x00, 0x00, 0x00, 0x46, 0x82, 0x20, 0x00, 0x00, 0x00, 0x00, 0x00,
    0x06, 0x00, 0x00, 0x00, 0x12, 0x00, 0x00, 0x01, 0x18, 0x00, 0x00, 0x08, 0x12, 0x00, 0x10, 0x00,
    0x00, 0x00, 0x00, 0x00, 0x1a, 0x80, 0x20, 0x00, 0x00, 0x00, 0x00, 0x00, 0x00, 0x00, 0x00, 0x00,
    0x01, 0x40, 0x00, 0x00, 0x00, 0x00, 0x00, 0x41, 0x1f, 0x00, 0x04, 0x03, 0x0a, 0x00, 0x10, 0x00,
    0x00, 0x00, 0x00, 0x00, 0x45, 0x00, 0x00, 0x8b, 0xc2, 0x00, 0x00, 0x80, 0x43, 0x55, 0x15, 0x00,
    0x12, 0x00, 0x10, 0x00, 0x00, 0x00, 0x00, 0x00, 0x46, 0x10, 0x10, 0x00, 0x01, 0x00, 0x00, 0x00,
    0xc6, 0x79, 0x10, 0x00, 0x00, 0x00, 0x00, 0x00, 0x00, 0x60, 0x10, 0x00, 0x00, 0x00, 0x00, 0x00,
    0x45, 0x00, 0x00, 0x8b, 0xc2, 0x00, 0x00, 0x80, 0x43, 0x55, 0x15, 0x00, 0x42, 0x00, 0x10, 0x00,
    0x00, 0x00, 0x00, 0x00, 0x46, 0x10, 0x10, 0x00, 0x01, 0x00, 0x00, 0x00, 0xd6, 0x78, 0x10, 0x00,
    0x01, 0x00, 0x00, 0x00, 0x00, 0x60, 0x10, 0x00, 0x00, 0x00, 0x00, 0x00, 0x45, 0x00, 0x00, 0x8b,
    0xc2, 0x00, 0x00, 0x80, 0x43, 0x55, 0x15, 0x00, 0x82, 0x00, 0x10, 0x00, 0x00, 0x00, 0x00, 0x00,
    0x46, 0x10, 0x10, 0x00, 0x01, 0x00, 0x00, 0x00, 0xd6, 0x72, 0x10, 0x00, 0x02, 0x00, 0x00, 0x00,
    0x00, 0x60, 0x10, 0x00, 0x00, 0x00, 0x00, 0x00, 0x00, 0x00, 0x00, 0x08, 0xd2, 0x00, 0x10, 0x00,
    0x00, 0x00, 0x00, 0x00, 0x06, 0x0e, 0x10, 0x00, 0x00, 0x00, 0x00, 0x00, 0x06, 0x89, 0x20, 0x00,
    0x00, 0x00, 0x00, 0x00, 0x03, 0x00, 0x00, 0x00, 0x10, 0x00, 0x00, 0x08, 0x12, 0x00, 0x10, 0x00,
    0x01, 0x00, 0x00, 0x00, 0x86, 0x03, 0x10, 0x00, 0x00, 0x00, 0x00, 0x00, 0x46, 0x82, 0x20, 0x00,
    0x00, 0x00, 0x00, 0x00, 0x04, 0x00, 0x00, 0x00, 0x10, 0x00, 0x00, 0x08, 0x22, 0x00, 0x10, 0x00,
    0x01, 0x00, 0x00, 0x00, 0x86, 0x03, 0x10, 0x00, 0x00, 0x00, 0x00, 0x00, 0x46, 0x82, 0x20, 0x00,
    0x00, 0x00, 0x00, 0x00, 0x05, 0x00, 0x00, 0x00, 0x10, 0x00, 0x00, 0x08, 0x42, 0x00, 0x10, 0x00,
    0x01, 0x00, 0x00, 0x00, 0x86, 0x03, 0x10, 0x00, 0x00, 0x00, 0x00, 0x00, 0x46, 0x82, 0x20, 0x00,
    0x00, 0x00, 0x00, 0x00, 0x06, 0x00, 0x00, 0x00, 0x12, 0x00, 0x00, 0x01, 0x36, 0x00, 0x00, 0x08,
    0x72, 0x00, 0x10, 0x00, 0x01, 0x00, 0x00, 0x00, 0x02, 0x40, 0x00, 0x00, 0x00, 0x00, 0x80, 0x3f,
    0x00, 0x00, 0x00, 0x00, 0x00, 0x00, 0x80, 0x3f, 0x00, 0x00, 0x00, 0x00, 0x15, 0x00, 0x00, 0x01,
    0x15, 0x00, 0x00, 0x01, 0x15, 0x00, 0x00, 0x01, 0x36, 0x00, 0x00, 0x05, 0x82, 0x00, 0x10, 0x00,
    0x01, 0x00, 0x00, 0x00, 0x01, 0x40, 0x00, 0x00, 0x00, 0x00, 0x80, 0x3f, 0x15, 0x00, 0x00, 0x01,
    0x15, 0x00, 0x00, 0x01, 0x15, 0x00, 0x00, 0x01, 0x15, 0x00, 0x00, 0x01, 0x15, 0x00, 0x00, 0x01,
    0x15, 0x00, 0x00, 0x01, 0x1f, 0x00, 0x04, 0x03, 0x1a, 0x00, 0x10, 0x00, 0x00, 0x00, 0x00, 0x00,
    0x2f, 0x00, 0x00, 0x06, 0x72, 0x00, 0x10, 0x00, 0x00, 0x00, 0x00, 0x00, 0x46, 0x02, 0x10, 0x80,
    0x81, 0x00, 0x00, 0x00, 0x01, 0x00, 0x00, 0x00, 0x38, 0x00, 0x00, 0x0a, 0x72, 0x00, 0x10, 0x00,
    0x00, 0x00, 0x00, 0x00, 0x46, 0x02, 0x10, 0x00, 0x00, 0x00, 0x00, 0x00, 0x02, 0x40, 0x00, 0x00,
    0xac, 0xcd, 0x4f, 0x3c, 0xac, 0xcd, 0x4f, 0x3c, 0xac, 0xcd, 0x4f, 0x3c, 0x00, 0x00, 0x00, 0x00,
    0x19, 0x00, 0x00, 0x05, 0x72, 0x00, 0x10, 0x00, 0x00, 0x00, 0x00, 0x00, 0x46, 0x02, 0x10, 0x00,
    0x00, 0x00, 0x00, 0x00, 0x00, 0x00, 0x00, 0x0a, 0x72, 0x00, 0x10, 0x00, 0x02, 0x00, 0x00, 0x00,
    0x46, 0x02, 0x10, 0x00, 0x00, 0x00, 0x00, 0x00, 0x02, 0x40, 0x00, 0x00, 0x00, 0x00, 0x56, 0xbf,
    0x00, 0x00, 0x56, 0xbf, 0x00, 0x00, 0x56, 0xbf, 0x00, 0x00, 0x00, 0x00, 0x34, 0x00, 0x00, 0x0a,
    0x72, 0x00, 0x10, 0x00, 0x02, 0x00, 0x00, 0x00, 0x46, 0x02, 0x10, 0x00, 0x02, 0x00, 0x00, 0x00,
    0x02, 0x40, 0x00, 0x00, 0x00, 0x00, 0x00, 0x00, 0x00, 0x00, 0x00, 0x00, 0x00, 0x00, 0x00, 0x00,
    0x00, 0x00, 0x00, 0x00, 0x32, 0x00, 0x00, 0x10, 0x72, 0x00, 0x10, 0x00, 0x00, 0x00, 0x00, 0x00,
    0x46, 0x02, 0x10, 0x80, 0x41, 0x00, 0x00, 0x00, 0x00, 0x00, 0x00, 0x00, 0x02, 0x40, 0x00, 0x00,
    0x00, 0x80, 0x95, 0x41, 0x00, 0x80, 0x95, 0x41, 0x00, 0x80, 0x95, 0x41, 0x00, 0x00, 0x00, 0x00,
    0x02, 0x40, 0x00, 0x00, 0x00, 0xd0, 0x96, 0x41, 0x00, 0xd0, 0x96, 0x41, 0x00, 0xd0, 0x96, 0x41,
    0x00, 0x00, 0x00, 0x00, 0x0e, 0x00, 0x00, 0x07, 0x72, 0x00, 0x10, 0x00, 0x00, 0x00, 0x00, 0x00,
    0x46, 0x02, 0x10, 0x00, 0x02, 0x00, 0x00, 0x00, 0x46, 0x02, 0x10, 0x00, 0x00, 0x00, 0x00, 0x00,
    0x2f, 0x00, 0x00, 0x06, 0x72, 0x00, 0x10, 0x00, 0x00, 0x00, 0x00, 0x00, 0x46, 0x02, 0x10, 0x80,
    0x81, 0x00, 0x00, 0x00, 0x00, 0x00, 0x00, 0x00, 0x38, 0x00, 0x00, 0x0a, 0x72, 0x00, 0x10, 0x00,
    0x00, 0x00, 0x00, 0x00, 0x46, 0x02, 0x10, 0x00, 0x00, 0x00, 0x00, 0x00, 0x02, 0x40, 0x00, 0x00,
    0x6b, 0xe0, 0xc8, 0x40, 0x6b, 0xe0, 0xc8, 0x40, 0x6b, 0xe0, 0xc8, 0x40, 0x00, 0x00, 0x00, 0x00,
    0x19, 0x00, 0x00, 0x05, 0x72, 0x00, 0x10, 0x00, 0x00, 0x00, 0x00, 0x00, 0x46, 0x02, 0x10, 0x00,
    0x00, 0x00, 0x00, 0x00, 0x38, 0x00, 0x00, 0x0a, 0x72, 0x00, 0x10, 0x00, 0x00, 0x00, 0x00, 0x00,
    0x46, 0x02, 0x10, 0x00, 0x00, 0x00, 0x00, 0x00, 0x02, 0x40, 0x00, 0x00, 0x00, 0x40, 0x1c, 0x46,
    0x00, 0x40, 0x1c, 0x46, 0x00, 0x40, 0x1c, 0x46, 0x00, 0x00, 0x00, 0x00, 0x0e, 0x00, 0x00, 0x08,
    0x72, 0x00, 0x10, 0x00, 0x00, 0x00, 0x00, 0x00, 0x46, 0x02, 0x10, 0x00, 0x00, 0x00, 0x00, 0x00,
    0xf6, 0x8f, 0x20, 0x00, 0x00, 0x00, 0x00, 0x00, 0x02, 0x00, 0x00, 0x00, 0x12, 0x00, 0x00, 0x01,
    0x18, 0x00, 0x00, 0x08, 0x82, 0x00, 0x10, 0x00, 0x00, 0x00, 0x00, 0x00, 0x2a, 0x80, 0x20, 0x00,
    0x00, 0x00, 0x00, 0x00, 0x00, 0x00, 0x00, 0x00, 0x01, 0x40, 0x00, 0x00, 0x00, 0x00, 0x80, 0x3f,
    0x1f, 0x00, 0x04, 0x03, 0x3a, 0x00, 0x10, 0x00, 0x00, 0x00, 0x00, 0x00, 0x1d, 0x00, 0x00, 0x0a,
    0x72, 0x00, 0x10, 0x00, 0x02, 0x00, 0x00, 0x00, 0x02, 0x40, 0x00, 0x00, 0xe6, 0xae, 0x25, 0x3d,
    0xe6, 0xae, 0x25, 0x3d, 0xe6, 0xae, 0x25, 0x3d, 0x00, 0x00, 0x00, 0x00, 0x46, 0x02, 0x10, 0x00,
    0x01, 0x00, 0x00, 0x00, 0x38, 0x00, 0x00, 0x0a, 0x72, 0x00, 0x10, 0x00, 0x03, 0x00, 0x00, 0x00,
    0x46, 0x02, 0x10, 0x00, 0x01, 0x00, 0x00, 0x00, 0x02, 0x40, 0x00, 0x00, 0x91, 0x83, 0x9e, 0x3d,
    0x91, 0x83, 0x9e, 0x3d, 0x91, 0x83, 0x9e, 0x3d, 0x00, 0x00, 0x00, 0x00, 0x00, 0x00, 0x00, 0x0a,
    0x72, 0x00, 0x10, 0x00, 0x04, 0x00, 0x00, 0x00, 0x46, 0x02, 0x10, 0x00, 0x01, 0x00, 0x00, 0x00,
    0x02, 0x40, 0x00, 0x00, 0xae, 0x47, 0x61, 0x3d, 0xae, 0x47, 0x61, 0x3d, 0xae, 0x47, 0x61, 0x3d,
    0x00, 0x00, 0x00, 0x00, 0x38, 0x00, 0x00, 0x0b, 0x72, 0x00, 0x10, 0x00, 0x04, 0x00, 0x00, 0x00,
    0x46, 0x02, 0x10, 0x80, 0x81, 0x00, 0x00, 0x00, 0x04, 0x00, 0x00, 0x00, 0x02, 0x40, 0x00, 0x00,
    0x6f, 0xa7, 0x72, 0x3f, 0x6f, 0xa7, 0x72, 0x3f, 0x6f, 0xa7, 0x72, 0x3f, 0x00, 0x00, 0x00, 0x00,
    0x2f, 0x00, 0x00, 0x05, 0x72, 0x00, 0x10, 0x00, 0x04, 0x00, 0x00, 0x00, 0x46, 0x02, 0x10, 0x00,
    0x04, 0x00, 0x00, 0x00, 0x38, 0x00, 0x00, 0x0a, 0x72, 0x00, 0x10, 0x00, 0x04, 0x00, 0x00, 0x00,
    0x46, 0x02, 0x10, 0x00, 0x04, 0x00, 0x00, 0x00, 0x02, 0x40, 0x00, 0x00, 0x9a, 0x99, 0x19, 0x40,
    0x9a, 0x99, 0x19, 0x40, 0x9a, 0x99, 0x19, 0x40, 0x00, 0x00, 0x00, 0x00, 0x19, 0x00, 0x00, 0x05,
    0x72, 0x00, 0x10, 0x00, 0x04, 0x00, 0x00, 0x00, 0x46, 0x02, 0x10, 0x00, 0x04, 0x00, 0x00, 0x00,
    0x37, 0x00, 0x00, 0x09, 0x72, 0x00, 0x10, 0x00, 0x01, 0x00, 0x00, 0x00, 0x46, 0x02, 0x10, 0x00,
    0x02, 0x00, 0x00, 0x00, 0x46, 0x02, 0x10, 0x00, 0x03, 0x00, 0x00, 0x00, 0x46, 0x02, 0x10, 0x00,
    0x04, 0x00, 0x00, 0x00, 0x15, 0x00, 0x00, 0x01, 0x10, 0x00, 0x00, 0x0a, 0x12, 0x00, 0x10, 0x00,
    0x00, 0x00, 0x00, 0x00, 0x02, 0x40, 0x00, 0x00, 0x8c, 0x9d, 0x20, 0x3f, 0xc8, 0x97, 0xa8, 0x3e,
    0xf9, 0x68, 0x31, 0x3d, 0x00, 0x00, 0x00, 0x00, 0x46, 0x02, 0x10, 0x00, 0x01, 0x00, 0x00, 0x00,
    0x10, 0x00, 0x00, 0x0a, 0x22, 0x00, 0x10, 0x00, 0x00, 0x00, 0x00, 0x00, 0x02, 0x40, 0x00, 0x00,
    0xba, 0x82, 0x8d, 0x3d, 0x0a, 0x67, 0x6b, 0x3f, 0xaf, 0x27, 0x3a, 0x3c, 0x00, 0x00, 0x00, 0x00,
    0x46, 0x02, 0x10, 0x00, 0x01, 0x00, 0x00, 0x00, 0x10, 0x00, 0x00, 0x0a, 0x42, 0x00, 0x10, 0x00,
    0x00, 0x00, 0x00, 0x00, 0x02, 0x40, 0x00, 0x00, 0x6b, 0x46, 0x86, 0x3c, 0x29, 0x40, 0xb4, 0x3d,
    0xb7, 0x45, 0x65, 0x3f, 0x00, 0x00, 0x00, 0x00, 0x46, 0x02, 0x10, 0x00, 0x01, 0x00, 0x00, 0x00,
    0x15, 0x00, 0x00, 0x01, 0x39, 0x00, 0x00, 0x08, 0x82, 0x00, 0x10, 0x00, 0x00, 0x00, 0x00, 0x00,
    0x0a, 0x80, 0x20, 0x00, 0x00, 0x00, 0x00, 0x00, 0x02, 0x00, 0x00, 0x00, 0x01, 0x40, 0x00, 0x00,
    0x00, 0x00, 0x00, 0x00, 0x38, 0x00, 0x00, 0x08, 0x72, 0x00, 0x10, 0x00, 0x01, 0x00, 0x00, 0x00,
    0x46, 0x02, 0x10, 0x00, 0x00, 0x00, 0x00, 0x00, 0x56, 0x85, 0x20, 0x00, 0x00, 0x00, 0x00, 0x00,
    0x02, 0x00, 0x00, 0x00, 0x18, 0x00, 0x00, 0x0b, 0x32, 0x00, 0x10, 0x00, 0x02, 0x00, 0x00, 0x00,
    0x06, 0x80, 0x20, 0x00, 0x00, 0x00, 0x00, 0x00, 0x02, 0x00, 0x00, 0x00, 0x02, 0x40, 0x00, 0x00,
    0x00, 0x00, 0x80, 0x3f, 0x00, 0x00, 0x00, 0x40, 0x00, 0x00, 0x00, 0x00, 0x00, 0x00, 0x00, 0x00,
    0x34, 0x00, 0x00, 0x07, 0x42, 0x00, 0x10, 0x00, 0x02, 0x00, 0x00, 0x00, 0x2a, 0x00, 0x10, 0x00,
    0x00, 0x00, 0x00, 0x00, 0x1a, 0x00, 0x10, 0x00, 0x00, 0x00, 0x00, 0x00, 0x34, 0x00, 0x00, 0x07,
    0x42, 0x00, 0x10, 0x00, 0x02, 0x00, 0x00, 0x00, 0x0a, 0x00, 0x10, 0x00, 0x00, 0x00, 0x00, 0x00,
    0x2a, 0x00, 0x10, 0x00, 0x02, 0x00, 0x00, 0x00, 0x31, 0x00, 0x00, 0x07, 0x82, 0x00, 0x10, 0x00,
    0x02, 0x00, 0x00, 0x00, 0x01, 0x40, 0x00, 0x00, 0x00, 0x00, 0x00, 0x00, 0x2a, 0x00, 0x10, 0x00,
    0x02, 0x00, 0x00, 0x00, 0x32, 0x00, 0x00, 0x0d, 0x32, 0x00, 0x10, 0x00, 0x03, 0x00, 0x00, 0x00,
    0x96, 0x85, 0x20, 0x00, 0x00, 0x00, 0x00, 0x00, 0x02, 0x00, 0x00, 0x00, 0xa6, 0x0a, 0x10, 0x00,
    0x02, 0x00, 0x00, 0x00, 0x02, 0x40, 0x00, 0x00, 0x00, 0x00, 0x80, 0x3f, 0x00, 0x00, 0x80, 0x3f,
    0x00, 0x00, 0x00, 0x00, 0x00, 0x00, 0x00, 0x00, 0x0e, 0x00, 0x00, 0x07, 0x42, 0x00, 0x10, 0x00,
    0x02, 0x00, 0x00, 0x00, 0x0a, 0x00, 0x10, 0x00, 0x03, 0x00, 0x00, 0x00, 0x1a, 0x00, 0x10, 0x00,
    0x03, 0x00, 0x00, 0x00, 0x38, 0x00, 0x00, 0x07, 0x72, 0x00, 0x10, 0x00, 0x03, 0x00, 0x00, 0x00,
    0x46, 0x02, 0x10, 0x00, 0x00, 0x00, 0x00, 0x00, 0xa6, 0x0a, 0x10, 0x00, 0x02, 0x00, 0x00, 0x00,
    0x37, 0x00, 0x00, 0x09, 0x72, 0x00, 0x10, 0x00, 0x03, 0x00, 0x00, 0x00, 0xf6, 0x0f, 0x10, 0x00,
    0x02, 0x00, 0x00, 0x00, 0x46, 0x02, 0x10, 0x00, 0x03, 0x00, 0x00, 0x00, 0x46, 0x02, 0x10, 0x00,
    0x00, 0x00, 0x00, 0x00, 0x37, 0x00, 0x00, 0x09, 0xe2, 0x00, 0x10, 0x00, 0x02, 0x00, 0x00, 0x00,
    0x56, 0x05, 0x10, 0x00, 0x02, 0x00, 0x00, 0x00, 0x06, 0x09, 0x10, 0x00, 0x03, 0x00, 0x00, 0x00,
    0x06, 0x09, 0x10, 0x00, 0x00, 0x00, 0x00, 0x00, 0x37, 0x00, 0x00, 0x09, 0x72, 0x00, 0x10, 0x00,
    0x01, 0x00, 0x00, 0x00, 0x06, 0x00, 0x10, 0x00, 0x02, 0x00, 0x00, 0x00, 0x46, 0x02, 0x10, 0x00,
    0x01, 0x00, 0x00, 0x00, 0x96, 0x07, 0x10, 0x00, 0x02, 0x00, 0x00, 0x00, 0x37, 0x00, 0x00, 0x09,
    0x72, 0x00, 0x10, 0x00, 0x00, 0x00, 0x00, 0x00, 0xf6, 0x0f, 0x10, 0x00, 0x00, 0x00, 0x00, 0x00,
    0x46, 0x02, 0x10, 0x00, 0x01, 0x00, 0x00, 0x00, 0x46, 0x02, 0x10, 0x00, 0x00, 0x00, 0x00, 0x00,
    0x38, 0x00, 0x00, 0x07, 0x72, 0x00, 0x10, 0x00, 0x00, 0x00, 0x00, 0x00, 0x46, 0x02, 0x10, 0x00,
    0x00, 0x00, 0x00, 0x00, 0x46, 0x12, 0x10, 0x00, 0x02, 0x00, 0x00, 0x00, 0x38, 0x00, 0x00, 0x08,
    0x72, 0x00, 0x10, 0x00, 0x00, 0x00, 0x00, 0x00, 0x46, 0x02, 0x10, 0x00, 0x00, 0x00, 0x00, 0x00,
    0xf6, 0x8f, 0x20, 0x00, 0x00, 0x00, 0x00, 0x00, 0x00, 0x00, 0x00, 0x00, 0x38, 0x20, 0x00, 0x0a,
    0x72, 0x00, 0x10, 0x00, 0x00, 0x00, 0x00, 0x00, 0x46, 0x02, 0x10, 0x00, 0x00, 0x00, 0x00, 0x00,
    0x02, 0x40, 0x00, 0x00, 0x6e, 0x12, 0x03, 0x3c, 0x6e, 0x12, 0x03, 0x3c, 0x6e, 0x12, 0x03, 0x3c,
    0x00, 0x00, 0x00, 0x00, 0x2f, 0x00, 0x00, 0x05, 0x72, 0x00, 0x10, 0x00, 0x00, 0x00, 0x00, 0x00,
    0x46, 0x02, 0x10, 0x00, 0x00, 0x00, 0x00, 0x00, 0x38, 0x00, 0x00, 0x0a, 0x72, 0x00, 0x10, 0x00,
    0x00, 0x00, 0x00, 0x00, 0x46, 0x02, 0x10, 0x00, 0x00, 0x00, 0x00, 0x00, 0x02, 0x40, 0x00, 0x00,
    0x00, 0x20, 0x23, 0x3e, 0x00, 0x20, 0x23, 0x3e, 0x00, 0x20, 0x23, 0x3e, 0x00, 0x00, 0x00, 0x00,
    0x19, 0x00, 0x00, 0x05, 0x72, 0x00, 0x10, 0x00, 0x00, 0x00, 0x00, 0x00, 0x46, 0x02, 0x10, 0x00,
    0x00, 0x00, 0x00, 0x00, 0x32, 0x00, 0x00, 0x0f, 0x72, 0x00, 0x10, 0x00, 0x01, 0x00, 0x00, 0x00,
    0x46, 0x02, 0x10, 0x00, 0x00, 0x00, 0x00, 0x00, 0x02, 0x40, 0x00, 0x00, 0x00, 0xd0, 0x96, 0x41,
    0x00, 0xd0, 0x96, 0x41, 0x00, 0xd0, 0x96, 0x41, 0x00, 0x00, 0x00, 0x00, 0x02, 0x40, 0x00, 0x00,
    0x00, 0x00, 0x56, 0x3f, 0x00, 0x00, 0x56, 0x3f, 0x00, 0x00, 0x56, 0x3f, 0x00, 0x00, 0x00, 0x00,
    0x32, 0x00, 0x00, 0x0f, 0x72, 0x00, 0x10, 0x00, 0x00, 0x00, 0x00, 0x00, 0x46, 0x02, 0x10, 0x00,
    0x00, 0x00, 0x00, 0x00, 0x02, 0x40, 0x00, 0x00, 0x00, 0x80, 0x95, 0x41, 0x00, 0x80, 0x95, 0x41,
    0x00, 0x80, 0x95, 0x41, 0x00, 0x00, 0x00, 0x00, 0x02, 0x40, 0x00, 0x00, 0x00, 0x00, 0x80, 0x3f,
    0x00, 0x00, 0x80, 0x3f, 0x00, 0x00, 0x80, 0x3f, 0x00, 0x00, 0x00, 0x00, 0x0e, 0x00, 0x00, 0x07,
    0x72, 0x00, 0x10, 0x00, 0x00, 0x00, 0x00, 0x00, 0x46, 0x02, 0x10, 0x00, 0x01, 0x00, 0x00, 0x00,
    0x46, 0x02, 0x10, 0x00, 0x00, 0x00, 0x00, 0x00, 0x2f, 0x00, 0x00, 0x05, 0x72, 0x00, 0x10, 0x00,
    0x00, 0x00, 0x00, 0x00, 0x46, 0x02, 0x10, 0x00, 0x00, 0x00, 0x00, 0x00, 0x38, 0x00, 0x00, 0x0a,
    0x72, 0x00, 0x10, 0x00, 0x00, 0x00, 0x00, 0x00, 0x46, 0x02, 0x10, 0x00, 0x00, 0x00, 0x00, 0x00,
    0x02, 0x40, 0x00, 0x00, 0x00, 0xb0, 0x9d, 0x42, 0x00, 0xb0, 0x9d, 0x42, 0x00, 0xb0, 0x9d, 0x42,
    0x00, 0x00, 0x00, 0x00, 0x19, 0x00, 0x00, 0x05, 0x72, 0x20, 0x10, 0x00, 0x00, 0x00, 0x00, 0x00,
    0x46, 0x02, 0x10, 0x00, 0x00, 0x00, 0x00, 0x00, 0x38, 0x00, 0x00, 0x07, 0x82, 0x20, 0x10, 0x00,
    0x00, 0x00, 0x00, 0x00, 0x3a, 0x00, 0x10, 0x00, 0x01, 0x00, 0x00, 0x00, 0x3a, 0x10, 0x10, 0x00,
    0x02, 0x00, 0x00, 0x00, 0x3e, 0x00, 0x00, 0x01, 0x53, 0x54, 0x41, 0x54, 0x94, 0x00, 0x00, 0x00,
    0xdb, 0x00, 0x00, 0x00, 0x07, 0x00, 0x00, 0x00, 0x00, 0x00, 0x00, 0x00, 0x03, 0x00, 0x00, 0x00,
    0x92, 0x00, 0x00, 0x00, 0x00, 0x00, 0x00, 0x00, 0x00, 0x00, 0x00, 0x00, 0x0b, 0x00, 0x00, 0x00,
    0x0b, 0x00, 0x00, 0x00, 0x00, 0x00, 0x00, 0x00, 0x00, 0x00, 0x00, 0x00, 0x00, 0x00, 0x00, 0x00,
    0x00, 0x00, 0x00, 0x00, 0x00, 0x00, 0x00, 0x00, 0x1a, 0x00, 0x00, 0x00, 0x00, 0x00, 0x00, 0x00,
    0x00, 0x00, 0x00, 0x00, 0x00, 0x00, 0x00, 0x00, 0x01, 0x00, 0x00, 0x00, 0x08, 0x00, 0x00, 0x00,
    0x05, 0x00, 0x00, 0x00, 0x08, 0x00, 0x00, 0x00, 0x00, 0x00, 0x00, 0x00, 0x00, 0x00, 0x00, 0x00,
    0x00, 0x00, 0x00, 0x00, 0x00, 0x00, 0x00, 0x00, 0x00, 0x00, 0x00, 0x00, 0x00, 0x00, 0x00, 0x00,
    0x00, 0x00, 0x00, 0x00, 0x00, 0x00, 0x00, 0x00, 0x00, 0x00, 0x00, 0x00, 0x00, 0x00, 0x00, 0x00,
    0x00, 0x00, 0x00, 0x00, 0x00, 0x00, 0x00, 0x00, 0x00, 0x00, 0x00, 0x00, 0x00, 0x00, 0x00, 0x00,
    0x00, 0x00, 0x00, 0x00,
];

/// `D3D11_PixelShader_Textures_Simple`, from `D3D11_PixelShader_Textures_Simple.h`.
#[rustfmt::skip]
static D3D11_PIXEL_SHADER_TEXTURES_SIMPLE: [u8; 724] = [
    0x44, 0x58, 0x42, 0x43, 0x12, 0x08, 0x62, 0xf5, 0xf6, 0x56, 0x11, 0xb3, 0xfc, 0xb7, 0xfb, 0x36,
    0x57, 0x12, 0x3b, 0x9d, 0x01, 0x00, 0x00, 0x00, 0xd4, 0x02, 0x00, 0x00, 0x06, 0x00, 0x00, 0x00,
    0x38, 0x00, 0x00, 0x00, 0xa4, 0x00, 0x00, 0x00, 0x10, 0x01, 0x00, 0x00, 0x8c, 0x01, 0x00, 0x00,
    0x2c, 0x02, 0x00, 0x00, 0xa0, 0x02, 0x00, 0x00, 0x41, 0x6f, 0x6e, 0x39, 0x64, 0x00, 0x00, 0x00,
    0x64, 0x00, 0x00, 0x00, 0x00, 0x02, 0xff, 0xff, 0x3c, 0x00, 0x00, 0x00, 0x28, 0x00, 0x00, 0x00,
    0x00, 0x00, 0x28, 0x00, 0x00, 0x00, 0x28, 0x00, 0x00, 0x00, 0x28, 0x00, 0x01, 0x00, 0x24, 0x00,
    0x00, 0x00, 0x28, 0x00, 0x00, 0x00, 0x00, 0x00, 0x00, 0x02, 0xff, 0xff, 0x1f, 0x00, 0x00, 0x02,
    0x00, 0x00, 0x00, 0x80, 0x00, 0x00, 0x03, 0xb0, 0x1f, 0x00, 0x00, 0x02, 0x00, 0x00, 0x00, 0x90,
    0x00, 0x08, 0x0f, 0xa0, 0x42, 0x00, 0x00, 0x03, 0x00, 0x00, 0x0f, 0x80, 0x00, 0x00, 0xe4, 0xb0,
    0x00, 0x08, 0xe4, 0xa0, 0x01, 0x00, 0x00, 0x02, 0x00, 0x08, 0x0f, 0x80, 0x00, 0x00, 0xe4, 0x80,
    0xff, 0xff, 0x00, 0x00, 0x53, 0x48, 0x44, 0x52, 0x64, 0x00, 0x00, 0x00, 0x40, 0x00, 0x00, 0x00,
    0x19, 0x00, 0x00, 0x00, 0x5a, 0x00, 0x00, 0x03, 0x00, 0x60, 0x10, 0x00, 0x00, 0x00, 0x00, 0x00,
    0x58, 0x18, 0x00, 0x04, 0x00, 0x70, 0x10, 0x00, 0x00, 0x00, 0x00, 0x00, 0x55, 0x55, 0x00, 0x00,
    0x62, 0x10, 0x00, 0x03, 0x32, 0x10, 0x10, 0x00, 0x01, 0x00, 0x00, 0x00, 0x65, 0x00, 0x00, 0x03,
    0xf2, 0x20, 0x10, 0x00, 0x00, 0x00, 0x00, 0x00, 0x45, 0x00, 0x00, 0x09, 0xf2, 0x20, 0x10, 0x00,
    0x00, 0x00, 0x00, 0x00, 0x46, 0x10, 0x10, 0x00, 0x01, 0x00, 0x00, 0x00, 0x46, 0x7e, 0x10, 0x00,
    0x00, 0x00, 0x00, 0x00, 0x00, 0x60, 0x10, 0x00, 0x00, 0x00, 0x00, 0x00, 0x3e, 0x00, 0x00, 0x01,
    0x53, 0x54, 0x41, 0x54, 0x74, 0x00, 0x00, 0x00, 0x02, 0x00, 0x00, 0x00, 0x00, 0x00, 0x00, 0x00,
    0x00, 0x00, 0x00, 0x00, 0x02, 0x00, 0x00, 0x00, 0x00, 0x00, 0x00, 0x00, 0x00, 0x00, 0x00, 0x00,
    0x00, 0x00, 0x00, 0x00, 0x01, 0x00, 0x00, 0x00, 0x00, 0x00, 0x00, 0x00, 0x00, 0x00, 0x00, 0x00,
    0x00, 0x00, 0x00, 0x00, 0x00, 0x00, 0x00, 0x00, 0x00, 0x00, 0x00, 0x00, 0x00, 0x00, 0x00, 0x00,
    0x01, 0x00, 0x00, 0x00, 0x00, 0x00, 0x00, 0x00, 0x00, 0x00, 0x00, 0x00, 0x00, 0x00, 0x00, 0x00,
    0x00, 0x00, 0x00, 0x00, 0x00, 0x00, 0x00, 0x00, 0x00, 0x00, 0x00, 0x00, 0x00, 0x00, 0x00, 0x00,
    0x00, 0x00, 0x00, 0x00, 0x00, 0x00, 0x00, 0x00, 0x00, 0x00, 0x00, 0x00, 0x00, 0x00, 0x00, 0x00,
    0x00, 0x00, 0x00, 0x00, 0x00, 0x00, 0x00, 0x00, 0x00, 0x00, 0x00, 0x00, 0x52, 0x44, 0x45, 0x46,
    0x98, 0x00, 0x00, 0x00, 0x00, 0x00, 0x00, 0x00, 0x00, 0x00, 0x00, 0x00, 0x02, 0x00, 0x00, 0x00,
    0x1c, 0x00, 0x00, 0x00, 0x00, 0x04, 0xff, 0xff, 0x00, 0x01, 0x00, 0x00, 0x6e, 0x00, 0x00, 0x00,
    0x5c, 0x00, 0x00, 0x00, 0x03, 0x00, 0x00, 0x00, 0x00, 0x00, 0x00, 0x00, 0x00, 0x00, 0x00, 0x00,
    0x00, 0x00, 0x00, 0x00, 0x00, 0x00, 0x00, 0x00, 0x01, 0x00, 0x00, 0x00, 0x01, 0x00, 0x00, 0x00,
    0x65, 0x00, 0x00, 0x00, 0x02, 0x00, 0x00, 0x00, 0x05, 0x00, 0x00, 0x00, 0x04, 0x00, 0x00, 0x00,
    0xff, 0xff, 0xff, 0xff, 0x00, 0x00, 0x00, 0x00, 0x01, 0x00, 0x00, 0x00, 0x0d, 0x00, 0x00, 0x00,
    0x73, 0x61, 0x6d, 0x70, 0x6c, 0x65, 0x72, 0x30, 0x00, 0x74, 0x65, 0x78, 0x74, 0x75, 0x72, 0x65,
    0x30, 0x00, 0x4d, 0x69, 0x63, 0x72, 0x6f, 0x73, 0x6f, 0x66, 0x74, 0x20, 0x28, 0x52, 0x29, 0x20,
    0x48, 0x4c, 0x53, 0x4c, 0x20, 0x53, 0x68, 0x61, 0x64, 0x65, 0x72, 0x20, 0x43, 0x6f, 0x6d, 0x70,
    0x69, 0x6c, 0x65, 0x72, 0x20, 0x31, 0x30, 0x2e, 0x31, 0x00, 0xab, 0xab, 0x49, 0x53, 0x47, 0x4e,
    0x6c, 0x00, 0x00, 0x00, 0x03, 0x00, 0x00, 0x00, 0x08, 0x00, 0x00, 0x00, 0x50, 0x00, 0x00, 0x00,
    0x00, 0x00, 0x00, 0x00, 0x01, 0x00, 0x00, 0x00, 0x03, 0x00, 0x00, 0x00, 0x00, 0x00, 0x00, 0x00,
    0x0f, 0x00, 0x00, 0x00, 0x5c, 0x00, 0x00, 0x00, 0x00, 0x00, 0x00, 0x00, 0x00, 0x00, 0x00, 0x00,
    0x03, 0x00, 0x00, 0x00, 0x01, 0x00, 0x00, 0x00, 0x03, 0x03, 0x00, 0x00, 0x65, 0x00, 0x00, 0x00,
    0x00, 0x00, 0x00, 0x00, 0x00, 0x00, 0x00, 0x00, 0x03, 0x00, 0x00, 0x00, 0x02, 0x00, 0x00, 0x00,
    0x0f, 0x00, 0x00, 0x00, 0x53, 0x56, 0x5f, 0x50, 0x4f, 0x53, 0x49, 0x54, 0x49, 0x4f, 0x4e, 0x00,
    0x54, 0x45, 0x58, 0x43, 0x4f, 0x4f, 0x52, 0x44, 0x00, 0x43, 0x4f, 0x4c, 0x4f, 0x52, 0x00, 0xab,
    0x4f, 0x53, 0x47, 0x4e, 0x2c, 0x00, 0x00, 0x00, 0x01, 0x00, 0x00, 0x00, 0x08, 0x00, 0x00, 0x00,
    0x20, 0x00, 0x00, 0x00, 0x00, 0x00, 0x00, 0x00, 0x00, 0x00, 0x00, 0x00, 0x03, 0x00, 0x00, 0x00,
    0x00, 0x00, 0x00, 0x00, 0x0f, 0x00, 0x00, 0x00, 0x53, 0x56, 0x5f, 0x54, 0x41, 0x52, 0x47, 0x45,
    0x54, 0x00, 0xab, 0xab,
];

/// `D3D11_VertexShader`, from `D3D11_VertexShader.h`.
#[rustfmt::skip]
static D3D11_VERTEX_SHADER: [u8; 1420] = [
    0x44, 0x58, 0x42, 0x43, 0x98, 0xac, 0x51, 0x2d, 0xc6, 0xc8, 0x0c, 0x26, 0x8f, 0x04, 0xb2, 0xe4,
    0x9e, 0xaf, 0xa9, 0x40, 0x01, 0x00, 0x00, 0x00, 0x8c, 0x05, 0x00, 0x00, 0x06, 0x00, 0x00, 0x00,
    0x38, 0x00, 0x00, 0x00, 0x6c, 0x01, 0x00, 0x00, 0x34, 0x03, 0x00, 0x00, 0xb0, 0x03, 0x00, 0x00,
    0xa8, 0x04, 0x00, 0x00, 0x18, 0x05, 0x00, 0x00, 0x41, 0x6f, 0x6e, 0x39, 0x2c, 0x01, 0x00, 0x00,
    0x2c, 0x01, 0x00, 0x00, 0x00, 0x02, 0xfe, 0xff, 0xf8, 0x00, 0x00, 0x00, 0x34, 0x00, 0x00, 0x00,
    0x01, 0x00, 0x24, 0x00, 0x00, 0x00, 0x30, 0x00, 0x00, 0x00, 0x30, 0x00, 0x00, 0x00, 0x24, 0x00,
    0x01, 0x00, 0x30, 0x00, 0x00, 0x00, 0x00, 0x00, 0x08, 0x00, 0x01, 0x00, 0x00, 0x00, 0x00, 0x00,
    0x00, 0x00, 0x00, 0x00, 0x00, 0x02, 0xfe, 0xff, 0x1f, 0x00, 0x00, 0x02, 0x05, 0x00, 0x00, 0x80,
    0x00, 0x00, 0x0f, 0x90, 0x1f, 0x00, 0x00, 0x02, 0x05, 0x00, 0x01, 0x80, 0x01, 0x00, 0x0f, 0x90,
    0x1f, 0x00, 0x00, 0x02, 0x05, 0x00, 0x02, 0x80, 0x02, 0x00, 0x0f, 0x90, 0x05, 0x00, 0x00, 0x03,
    0x00, 0x00, 0x0f, 0x80, 0x00, 0x00, 0x55, 0x90, 0x02, 0x00, 0xe4, 0xa0, 0x04, 0x00, 0x00, 0x04,
    0x00, 0x00, 0x0f, 0x80, 0x00, 0x00, 0x00, 0x90, 0x01, 0x00, 0xe4, 0xa0, 0x00, 0x00, 0xe4, 0x80,
    0x04, 0x00, 0x00, 0x04, 0x00, 0x00, 0x0f, 0x80, 0x00, 0x00, 0xaa, 0x90, 0x03, 0x00, 0xe4, 0xa0,
    0x00, 0x00, 0xe4, 0x80, 0x02, 0x00, 0x00, 0x03, 0x00, 0x00, 0x0f, 0x80, 0x00, 0x00, 0xe4, 0x80,
    0x04, 0x00, 0xe4, 0xa0, 0x05, 0x00, 0x00, 0x03, 0x01, 0x00, 0x0f, 0x80, 0x00, 0x00, 0x55, 0x80,
    0x06, 0x00, 0xe4, 0xa0, 0x04, 0x00, 0x00, 0x04, 0x01, 0x00, 0x0f, 0x80, 0x00, 0x00, 0x00, 0x80,
    0x05, 0x00, 0xe4, 0xa0, 0x01, 0x00, 0xe4, 0x80, 0x04, 0x00, 0x00, 0x04, 0x01, 0x00, 0x0f, 0x80,
    0x00, 0x00, 0xaa, 0x80, 0x07, 0x00, 0xe4, 0xa0, 0x01, 0x00, 0xe4, 0x80, 0x04, 0x00, 0x00, 0x04,
    0x00, 0x00, 0x0f, 0x80, 0x00, 0x00, 0xff, 0x80, 0x08, 0x00, 0xe4, 0xa0, 0x01, 0x00, 0xe4, 0x80,
    0x04, 0x00, 0x00, 0x04, 0x00, 0x00, 0x03, 0xc0, 0x00, 0x00, 0xff, 0x80, 0x00, 0x00, 0xe4, 0xa0,
    0x00, 0x00, 0xe4, 0x80, 0x01, 0x00, 0x00, 0x02, 0x00, 0x00, 0x0c, 0xc0, 0x00, 0x00, 0xe4, 0x80,
    0x01, 0x00, 0x00, 0x02, 0x00, 0x00, 0x03, 0xe0, 0x01, 0x00, 0xe4, 0x90, 0x01, 0x00, 0x00, 0x02,
    0x01, 0x00, 0x0f, 0xe0, 0x02, 0x00, 0xe4, 0x90, 0xff, 0xff, 0x00, 0x00, 0x53, 0x48, 0x44, 0x52,
    0xc0, 0x01, 0x00, 0x00, 0x40, 0x00, 0x01, 0x00, 0x70, 0x00, 0x00, 0x00, 0x59, 0x00, 0x00, 0x04,
    0x46, 0x8e, 0x20, 0x00, 0x00, 0x00, 0x00, 0x00, 0x08, 0x00, 0x00, 0x00, 0x5f, 0x00, 0x00, 0x03,
    0x72, 0x10, 0x10, 0x00, 0x00, 0x00, 0x00, 0x00, 0x5f, 0x00, 0x00, 0x03, 0x32, 0x10, 0x10, 0x00,
    0x01, 0x00, 0x00, 0x00, 0x5f, 0x00, 0x00, 0x03, 0xf2, 0x10, 0x10, 0x00, 0x02, 0x00, 0x00, 0x00,
    0x67, 0x00, 0x00, 0x04, 0xf2, 0x20, 0x10, 0x00, 0x00, 0x00, 0x00, 0x00, 0x01, 0x00, 0x00, 0x00,
    0x65, 0x00, 0x00, 0x03, 0x32, 0x20, 0x10, 0x00, 0x01, 0x00, 0x00, 0x00, 0x65, 0x00, 0x00, 0x03,
    0xf2, 0x20, 0x10, 0x00, 0x02, 0x00, 0x00, 0x00, 0x68, 0x00, 0x00, 0x02, 0x02, 0x00, 0x00, 0x00,
    0x38, 0x00, 0x00, 0x08, 0xf2, 0x00, 0x10, 0x00, 0x00, 0x00, 0x00, 0x00, 0x56, 0x15, 0x10, 0x00,
    0x00, 0x00, 0x00, 0x00, 0x46, 0x8e, 0x20, 0x00, 0x00, 0x00, 0x00, 0x00, 0x01, 0x00, 0x00, 0x00,
    0x32, 0x00, 0x00, 0x0a, 0xf2, 0x00, 0x10, 0x00, 0x00, 0x00, 0x00, 0x00, 0x06, 0x10, 0x10, 0x00,
    0x00, 0x00, 0x00, 0x00, 0x46, 0x8e, 0x20, 0x00, 0x00, 0x00, 0x00, 0x00, 0x00, 0x00, 0x00, 0x00,
    0x46, 0x0e, 0x10, 0x00, 0x00, 0x00, 0x00, 0x00, 0x32, 0x00, 0x00, 0x0a, 0xf2, 0x00, 0x10, 0x00,
    0x00, 0x00, 0x00, 0x00, 0xa6, 0x1a, 0x10, 0x00, 0x00, 0x00, 0x00, 0x00, 0x46, 0x8e, 0x20, 0x00,
    0x00, 0x00, 0x00, 0x00, 0x02, 0x00, 0x00, 0x00, 0x46, 0x0e, 0x10, 0x00, 0x00, 0x00, 0x00, 0x00,
    0x00, 0x00, 0x00, 0x08, 0xf2, 0x00, 0x10, 0x00, 0x00, 0x00, 0x00, 0x00, 0x46, 0x0e, 0x10, 0x00,
    0x00, 0x00, 0x00, 0x00, 0x46, 0x8e, 0x20, 0x00, 0x00, 0x00, 0x00, 0x00, 0x03, 0x00, 0x00, 0x00,
    0x38, 0x00, 0x00, 0x08, 0xf2, 0x00, 0x10, 0x00, 0x01, 0x00, 0x00, 0x00, 0x56, 0x05, 0x10, 0x00,
    0x00, 0x00, 0x00, 0x00, 0x46, 0x8e, 0x20, 0x00, 0x00, 0x00, 0x00, 0x00, 0x05, 0x00, 0x00, 0x00,
    0x32, 0x00, 0x00, 0x0a, 0xf2, 0x00, 0x10, 0x00, 0x01, 0x00, 0x00, 0x00, 0x06, 0x00, 0x10, 0x00,
    0x00, 0x00, 0x00, 0x00, 0x46, 0x8e, 0x20, 0x00, 0x00, 0x00, 0x00, 0x00, 0x04, 0x00, 0x00, 0x00,
    0x46, 0x0e, 0x10, 0x00, 0x01, 0x00, 0x00, 0x00, 0x32, 0x00, 0x00, 0x0a, 0xf2, 0x00, 0x10, 0x00,
    0x01, 0x00, 0x00, 0x00, 0xa6, 0x0a, 0x10, 0x00, 0x00, 0x00, 0x00, 0x00, 0x46, 0x8e, 0x20, 0x00,
    0x00, 0x00, 0x00, 0x00, 0x06, 0x00, 0x00, 0x00, 0x46, 0x0e, 0x10, 0x00, 0x01, 0x00, 0x00, 0x00,
    0x32, 0x00, 0x00, 0x0a, 0xf2, 0x20, 0x10, 0x00, 0x00, 0x00, 0x00, 0x00, 0xf6, 0x0f, 0x10, 0x00,
    0x00, 0x00, 0x00, 0x00, 0x46, 0x8e, 0x20, 0x00, 0x00, 0x00, 0x00, 0x00, 0x07, 0x00, 0x00, 0x00,
    0x46, 0x0e, 0x10, 0x00, 0x01, 0x00, 0x00, 0x00, 0x36, 0x00, 0x00, 0x05, 0x32, 0x20, 0x10, 0x00,
    0x01, 0x00, 0x00, 0x00, 0x46, 0x10, 0x10, 0x00, 0x01, 0x00, 0x00, 0x00, 0x36, 0x00, 0x00, 0x05,
    0xf2, 0x20, 0x10, 0x00, 0x02, 0x00, 0x00, 0x00, 0x46, 0x1e, 0x10, 0x00, 0x02, 0x00, 0x00, 0x00,
    0x3e, 0x00, 0x00, 0x01, 0x53, 0x54, 0x41, 0x54, 0x74, 0x00, 0x00, 0x00, 0x0b, 0x00, 0x00, 0x00,
    0x02, 0x00, 0x00, 0x00, 0x00, 0x00, 0x00, 0x00, 0x06, 0x00, 0x00, 0x00, 0x08, 0x00, 0x00, 0x00,
    0x00, 0x00, 0x00, 0x00, 0x00, 0x00, 0x00, 0x00, 0x01, 0x00, 0x00, 0x00, 0x00, 0x00, 0x00, 0x00,
    0x00, 0x00, 0x00, 0x00, 0x00, 0x00, 0x00, 0x00, 0x00, 0x00, 0x00, 0x00, 0x00, 0x00, 0x00, 0x00,
    0x00, 0x00, 0x00, 0x00, 0x00, 0x00, 0x00, 0x00, 0x00, 0x00, 0x00, 0x00, 0x00, 0x00, 0x00, 0x00,
    0x00, 0x00, 0x00, 0x00, 0x00, 0x00, 0x00, 0x00, 0x02, 0x00, 0x00, 0x00, 0x00, 0x00, 0x00, 0x00,
    0x00, 0x00, 0x00, 0x00, 0x00, 0x00, 0x00, 0x00, 0x00, 0x00, 0x00, 0x00, 0x00, 0x00, 0x00, 0x00,
    0x00, 0x00, 0x00, 0x00, 0x00, 0x00, 0x00, 0x00, 0x00, 0x00, 0x00, 0x00, 0x00, 0x00, 0x00, 0x00,
    0x52, 0x44, 0x45, 0x46, 0xf0, 0x00, 0x00, 0x00, 0x01, 0x00, 0x00, 0x00, 0x54, 0x00, 0x00, 0x00,
    0x01, 0x00, 0x00, 0x00, 0x1c, 0x00, 0x00, 0x00, 0x00, 0x04, 0xfe, 0xff, 0x00, 0x01, 0x00, 0x00,
    0xc6, 0x00, 0x00, 0x00, 0x3c, 0x00, 0x00, 0x00, 0x00, 0x00, 0x00, 0x00, 0x00, 0x00, 0x00, 0x00,
    0x00, 0x00, 0x00, 0x00, 0x00, 0x00, 0x00, 0x00, 0x00, 0x00, 0x00, 0x00, 0x01, 0x00, 0x00, 0x00,
    0x01, 0x00, 0x00, 0x00, 0x56, 0x65, 0x72, 0x74, 0x65, 0x78, 0x53, 0x68, 0x61, 0x64, 0x65, 0x72,
    0x43, 0x6f, 0x6e, 0x73, 0x74, 0x61, 0x6e, 0x74, 0x73, 0x00, 0xab, 0xab, 0x3c, 0x00, 0x00, 0x00,
    0x02, 0x00, 0x00, 0x00, 0x6c, 0x00, 0x00, 0x00, 0x80, 0x00, 0x00, 0x00, 0x00, 0x00, 0x00, 0x00,
    0x00, 0x00, 0x00, 0x00, 0x9c, 0x00, 0x00, 0x00, 0x00, 0x00, 0x00, 0x00, 0x40, 0x00, 0x00, 0x00,
    0x02, 0x00, 0x00, 0x00, 0xa4, 0x00, 0x00, 0x00, 0x00, 0x00, 0x00, 0x00, 0xb4, 0x00, 0x00, 0x00,
    0x40, 0x00, 0x00, 0x00, 0x40, 0x00, 0x00, 0x00, 0x02, 0x00, 0x00, 0x00, 0xa4, 0x00, 0x00, 0x00,
    0x00, 0x00, 0x00, 0x00, 0x6d, 0x6f, 0x64, 0x65, 0x6c, 0x00, 0xab, 0xab, 0x02, 0x00, 0x03, 0x00,
    0x04, 0x00, 0x04, 0x00, 0x00, 0x00, 0x00, 0x00, 0x00, 0x00, 0x00, 0x00, 0x70, 0x72, 0x6f, 0x6a,
    0x65, 0x63, 0x74, 0x69, 0x6f, 0x6e, 0x41, 0x6e, 0x64, 0x56, 0x69, 0x65, 0x77, 0x00, 0x4d, 0x69,
    0x63, 0x72, 0x6f, 0x73, 0x6f, 0x66, 0x74, 0x20, 0x28, 0x52, 0x29, 0x20, 0x48, 0x4c, 0x53, 0x4c,
    0x20, 0x53, 0x68, 0x61, 0x64, 0x65, 0x72, 0x20, 0x43, 0x6f, 0x6d, 0x70, 0x69, 0x6c, 0x65, 0x72,
    0x20, 0x31, 0x30, 0x2e, 0x31, 0x00, 0xab, 0xab, 0x49, 0x53, 0x47, 0x4e, 0x68, 0x00, 0x00, 0x00,
    0x03, 0x00, 0x00, 0x00, 0x08, 0x00, 0x00, 0x00, 0x50, 0x00, 0x00, 0x00, 0x00, 0x00, 0x00, 0x00,
    0x00, 0x00, 0x00, 0x00, 0x03, 0x00, 0x00, 0x00, 0x00, 0x00, 0x00, 0x00, 0x07, 0x07, 0x00, 0x00,
    0x59, 0x00, 0x00, 0x00, 0x00, 0x00, 0x00, 0x00, 0x00, 0x00, 0x00, 0x00, 0x03, 0x00, 0x00, 0x00,
    0x01, 0x00, 0x00, 0x00, 0x03, 0x03, 0x00, 0x00, 0x62, 0x00, 0x00, 0x00, 0x00, 0x00, 0x00, 0x00,
    0x00, 0x00, 0x00, 0x00, 0x03, 0x00, 0x00, 0x00, 0x02, 0x00, 0x00, 0x00, 0x0f, 0x0f, 0x00, 0x00,
    0x50, 0x4f, 0x53, 0x49, 0x54, 0x49, 0x4f, 0x4e, 0x00, 0x54, 0x45, 0x58, 0x43, 0x4f, 0x4f, 0x52,
    0x44, 0x00, 0x43, 0x4f, 0x4c, 0x4f, 0x52, 0x00, 0x4f, 0x53, 0x47, 0x4e, 0x6c, 0x00, 0x00, 0x00,
    0x03, 0x00, 0x00, 0x00, 0x08, 0x00, 0x00, 0x00, 0x50, 0x00, 0x00, 0x00, 0x00, 0x00, 0x00, 0x00,
    0x01, 0x00, 0x00, 0x00, 0x03, 0x00, 0x00, 0x00, 0x00, 0x00, 0x00, 0x00, 0x0f, 0x00, 0x00, 0x00,
    0x5c, 0x00, 0x00, 0x00, 0x00, 0x00, 0x00, 0x00, 0x00, 0x00, 0x00, 0x00, 0x03, 0x00, 0x00, 0x00,
    0x01, 0x00, 0x00, 0x00, 0x03, 0x0c, 0x00, 0x00, 0x65, 0x00, 0x00, 0x00, 0x00, 0x00, 0x00, 0x00,
    0x00, 0x00, 0x00, 0x00, 0x03, 0x00, 0x00, 0x00, 0x02, 0x00, 0x00, 0x00, 0x0f, 0x00, 0x00, 0x00,
    0x53, 0x56, 0x5f, 0x50, 0x4f, 0x53, 0x49, 0x54, 0x49, 0x4f, 0x4e, 0x00, 0x54, 0x45, 0x58, 0x43,
    0x4f, 0x4f, 0x52, 0x44, 0x00, 0x43, 0x4f, 0x4c, 0x4f, 0x52, 0x00, 0xab,
];
