// Rust translation of src/render/direct3d12/SDL_shaders_d3d12.c, SDL_shaders_d3d12.h
// and the shader headers they include, from Simple DirectMedia Layer.
// Copyright (C) 1997-2026 Sam Lantinga <slouken@libsdl.org>
// This is an altered (translated) version of the original software; see LICENSE.txt.
// Generated by tools/gen_d3d12_render_shaders.py; do not edit.

//! The shaders of the Direct3D 12 renderer: DXIL (shader model 6.0)
//! compiled from the HLSL sources upstream (`compile_shaders.bat`, with
//! dxcoob 1.8.2502.11 (239921522)), a pixel and a vertex shader per [`Shader`],
//! and the root signatures (version 1.1) the vertex shaders declare, one
//! per [`RootSignature`].

/// The shaders. Translation of `D3D12_Shader`.
#[derive(Clone, Copy, PartialEq, Eq, Debug)]
pub(super) enum Shader {
    Solid,
    SolidPq,
    Rgb,
    Advanced,
    RgbPq,
    RgbSimple,
}

impl Shader {
    /// The number of shaders (`NUM_SHADERS`).
    pub(super) const COUNT: usize = 6;

    /// All the shaders, in order.
    pub(super) const ALL: [Shader; Shader::COUNT] = [
        Shader::Solid,
        Shader::SolidPq,
        Shader::Rgb,
        Shader::Advanced,
        Shader::RgbPq,
        Shader::RgbSimple,
    ];

    /// The bytecode of the shader's vertex shader. Translation of
    /// `D3D12_GetVertexShader()`.
    pub(super) fn vertex_shader(self) -> &'static [u8] {
        D3D12_SHADERS[self as usize].vs_shader_data
    }

    /// The bytecode of the shader's pixel shader. Translation of
    /// `D3D12_GetPixelShader()`.
    pub(super) fn pixel_shader(self) -> &'static [u8] {
        D3D12_SHADERS[self as usize].ps_shader_data
    }

    /// The root signature the shader's vertex shader declares.
    /// Translation of `D3D12_GetRootSignatureType()`.
    pub(super) fn root_signature_type(self) -> RootSignature {
        D3D12_SHADERS[self as usize].root_sig
    }
}

/// The root signatures. Translation of `D3D12_RootSignature`.
#[derive(Clone, Copy, PartialEq, Eq, Debug)]
pub(super) enum RootSignature {
    Color,
    Texture,
    Advanced,
}

impl RootSignature {
    /// The number of root signatures (`NUM_ROOTSIGS`).
    pub(super) const COUNT: usize = 3;

    /// All the root signatures, in order.
    pub(super) const ALL: [RootSignature; RootSignature::COUNT] = [
        RootSignature::Color,
        RootSignature::Texture,
        RootSignature::Advanced,
    ];

    /// The serialized root signature. Translation of
    /// `D3D12_GetRootSignatureData()`.
    pub(super) fn data(self) -> &'static [u8] {
        D3D12_ROOTSIGS[self as usize]
    }
}

/// An entry of `D3D12_shaders`.
struct ShaderEntry {
    ps_shader_data: &'static [u8],
    vs_shader_data: &'static [u8],
    root_sig: RootSignature,
}

/// The shaders of each [`Shader`]. Translation of `D3D12_shaders`.
static D3D12_SHADERS: [ShaderEntry; Shader::COUNT] = [
    ShaderEntry {
        ps_shader_data: &D3D12_PIXEL_SHADER_COLORS,
        vs_shader_data: &D3D12_VERTEX_SHADER_COLORS,
        root_sig: RootSignature::Color,
    },
    ShaderEntry {
        ps_shader_data: &D3D12_PIXEL_SHADER_COLORS_PQ,
        vs_shader_data: &D3D12_VERTEX_SHADER_COLORS,
        root_sig: RootSignature::Color,
    },
    ShaderEntry {
        ps_shader_data: &D3D12_PIXEL_SHADER_TEXTURES,
        vs_shader_data: &D3D12_VERTEX_SHADER_TEXTURES,
        root_sig: RootSignature::Texture,
    },
    ShaderEntry {
        ps_shader_data: &D3D12_PIXEL_SHADER_ADVANCED,
        vs_shader_data: &D3D12_VERTEX_SHADER_ADVANCED,
        root_sig: RootSignature::Advanced,
    },
    ShaderEntry {
        ps_shader_data: &D3D12_PIXEL_SHADER_TEXTURES_PQ,
        vs_shader_data: &D3D12_VERTEX_SHADER_ADVANCED,
        root_sig: RootSignature::Advanced,
    },
    ShaderEntry {
        ps_shader_data: &D3D12_PIXEL_SHADER_TEXTURES_SIMPLE,
        vs_shader_data: &D3D12_VERTEX_SHADER_TEXTURES,
        root_sig: RootSignature::Texture,
    },
];

/// The serialized root signature of each [`RootSignature`]. Translation
/// of `D3D12_rootsigs`.
static D3D12_ROOTSIGS: [&[u8]; RootSignature::COUNT] = [
    &D3D12_ROOT_SIG_COLOR,
    &D3D12_ROOT_SIG_TEXTURE,
    &D3D12_ROOT_SIG_ADVANCED,
];

/// `D3D12_PixelShader_Colors`, from `D3D12_PixelShader_Colors.h`.
#[rustfmt::skip]
static D3D12_PIXEL_SHADER_COLORS: [u8; 4072] = [
    0x44, 0x58, 0x42, 0x43, 0xb5, 0x5a, 0x6a, 0x5a, 0xf5, 0x06, 0xd8, 0xa9, 0x15, 0x6a, 0x4e, 0x07,
    0xcd, 0x34, 0xb8, 0x65, 0x01, 0x00, 0x00, 0x00, 0xe8, 0x0f, 0x00, 0x00, 0x08, 0x00, 0x00, 0x00,
    0x40, 0x00, 0x00, 0x00, 0x50, 0x00, 0x00, 0x00, 0xdc, 0x00, 0x00, 0x00, 0x18, 0x01, 0x00, 0x00,
    0x10, 0x02, 0x00, 0x00, 0x60, 0x02, 0x00, 0x00, 0xb8, 0x09, 0x00, 0x00, 0xd4, 0x09, 0x00, 0x00,
    0x53, 0x46, 0x49, 0x30, 0x08, 0x00, 0x00, 0x00, 0x00, 0x00, 0x00, 0x00, 0x00, 0x00, 0x00, 0x00,
    0x49, 0x53, 0x47, 0x31, 0x84, 0x00, 0x00, 0x00, 0x03, 0x00, 0x00, 0x00, 0x08, 0x00, 0x00, 0x00,
    0x00, 0x00, 0x00, 0x00, 0x68, 0x00, 0x00, 0x00, 0x00, 0x00, 0x00, 0x00, 0x01, 0x00, 0x00, 0x00,
    0x03, 0x00, 0x00, 0x00, 0x00, 0x00, 0x00, 0x00, 0x0f, 0x00, 0x00, 0x00, 0x00, 0x00, 0x00, 0x00,
    0x00, 0x00, 0x00, 0x00, 0x74, 0x00, 0x00, 0x00, 0x00, 0x00, 0x00, 0x00, 0x00, 0x00, 0x00, 0x00,
    0x03, 0x00, 0x00, 0x00, 0x01, 0x00, 0x00, 0x00, 0x03, 0x00, 0x00, 0x00, 0x00, 0x00, 0x00, 0x00,
    0x00, 0x00, 0x00, 0x00, 0x7d, 0x00, 0x00, 0x00, 0x00, 0x00, 0x00, 0x00, 0x00, 0x00, 0x00, 0x00,
    0x03, 0x00, 0x00, 0x00, 0x02, 0x00, 0x00, 0x00, 0x0f, 0x0f, 0x00, 0x00, 0x00, 0x00, 0x00, 0x00,
    0x53, 0x56, 0x5f, 0x50, 0x6f, 0x73, 0x69, 0x74, 0x69, 0x6f, 0x6e, 0x00, 0x54, 0x45, 0x58, 0x43,
    0x4f, 0x4f, 0x52, 0x44, 0x00, 0x43, 0x4f, 0x4c, 0x4f, 0x52, 0x00, 0x00, 0x4f, 0x53, 0x47, 0x31,
    0x34, 0x00, 0x00, 0x00, 0x01, 0x00, 0x00, 0x00, 0x08, 0x00, 0x00, 0x00, 0x00, 0x00, 0x00, 0x00,
    0x28, 0x00, 0x00, 0x00, 0x00, 0x00, 0x00, 0x00, 0x40, 0x00, 0x00, 0x00, 0x03, 0x00, 0x00, 0x00,
    0x00, 0x00, 0x00, 0x00, 0x0f, 0x00, 0x00, 0x00, 0x00, 0x00, 0x00, 0x00, 0x53, 0x56, 0x5f, 0x54,
    0x61, 0x72, 0x67, 0x65, 0x74, 0x00, 0x00, 0x00, 0x50, 0x53, 0x56, 0x30, 0xf0, 0x00, 0x00, 0x00,
    0x34, 0x00, 0x00, 0x00, 0x00, 0x00, 0x00, 0x00, 0x00, 0x00, 0x00, 0x00, 0x00, 0x00, 0x00, 0x00,
    0x00, 0x00, 0x00, 0x00, 0x00, 0x00, 0x00, 0x00, 0xff, 0xff, 0xff, 0xff, 0x00, 0x00, 0x00, 0x00,
    0x03, 0x01, 0x00, 0x03, 0x01, 0x00, 0x00, 0x00, 0x00, 0x00, 0x00, 0x00, 0x00, 0x00, 0x00, 0x00,
    0x00, 0x00, 0x00, 0x00, 0x10, 0x00, 0x00, 0x00, 0x01, 0x00, 0x00, 0x00, 0x18, 0x00, 0x00, 0x00,
    0x02, 0x00, 0x00, 0x00, 0x00, 0x00, 0x00, 0x00, 0x01, 0x00, 0x00, 0x00, 0x01, 0x00, 0x00, 0x00,
    0x0d, 0x00, 0x00, 0x00, 0x00, 0x00, 0x00, 0x00, 0x18, 0x00, 0x00, 0x00, 0x00, 0x54, 0x45, 0x58,
    0x43, 0x4f, 0x4f, 0x52, 0x44, 0x00, 0x43, 0x4f, 0x4c, 0x4f, 0x52, 0x00, 0x6d, 0x61, 0x69, 0x6e,
    0x00, 0x00, 0x00, 0x00, 0x01, 0x00, 0x00, 0x00, 0x00, 0x00, 0x00, 0x00, 0x10, 0x00, 0x00, 0x00,
    0x00, 0x00, 0x00, 0x00, 0x00, 0x00, 0x00, 0x00, 0x01, 0x00, 0x44, 0x03, 0x03, 0x04, 0x00, 0x00,
    0x01, 0x00, 0x00, 0x00, 0x00, 0x00, 0x00, 0x00, 0x01, 0x01, 0x42, 0x00, 0x03, 0x02, 0x00, 0x00,
    0x0a, 0x00, 0x00, 0x00, 0x00, 0x00, 0x00, 0x00, 0x01, 0x02, 0x44, 0x00, 0x03, 0x02, 0x00, 0x00,
    0x00, 0x00, 0x00, 0x00, 0x00, 0x00, 0x00, 0x00, 0x01, 0x00, 0x44, 0x10, 0x03, 0x00, 0x00, 0x00,
    0x00, 0x00, 0x00, 0x00, 0x00, 0x00, 0x00, 0x00, 0x00, 0x00, 0x00, 0x00, 0x00, 0x00, 0x00, 0x00,
    0x00, 0x00, 0x00, 0x00, 0x00, 0x00, 0x00, 0x00, 0x00, 0x00, 0x00, 0x00, 0x00, 0x00, 0x00, 0x00,
    0x01, 0x00, 0x00, 0x00, 0x02, 0x00, 0x00, 0x00, 0x04, 0x00, 0x00, 0x00, 0x08, 0x00, 0x00, 0x00,
    0x52, 0x54, 0x53, 0x30, 0x48, 0x00, 0x00, 0x00, 0x02, 0x00, 0x00, 0x00, 0x02, 0x00, 0x00, 0x00,
    0x18, 0x00, 0x00, 0x00, 0x00, 0x00, 0x00, 0x00, 0x48, 0x00, 0x00, 0x00, 0x1d, 0x00, 0x00, 0x00,
    0x01, 0x00, 0x00, 0x00, 0x00, 0x00, 0x00, 0x00, 0x30, 0x00, 0x00, 0x00, 0x01, 0x00, 0x00, 0x00,
    0x00, 0x00, 0x00, 0x00, 0x3c, 0x00, 0x00, 0x00, 0x00, 0x00, 0x00, 0x00, 0x00, 0x00, 0x00, 0x00,
    0x10, 0x00, 0x00, 0x00, 0x01, 0x00, 0x00, 0x00, 0x00, 0x00, 0x00, 0x00, 0x1c, 0x00, 0x00, 0x00,
    0x53, 0x54, 0x41, 0x54, 0x50, 0x07, 0x00, 0x00, 0x60, 0x00, 0x00, 0x00, 0xd4, 0x01, 0x00, 0x00,
    0x44, 0x58, 0x49, 0x4c, 0x00, 0x01, 0x00, 0x00, 0x10, 0x00, 0x00, 0x00, 0x38, 0x07, 0x00, 0x00,
    0x42, 0x43, 0xc0, 0xde, 0x21, 0x0c, 0x00, 0x00, 0xcb, 0x01, 0x00, 0x00, 0x0b, 0x82, 0x20, 0x00,
    0x02, 0x00, 0x00, 0x00, 0x13, 0x00, 0x00, 0x00, 0x07, 0x81, 0x23, 0x91, 0x41, 0xc8, 0x04, 0x49,
    0x06, 0x10, 0x32, 0x39, 0x92, 0x01, 0x84, 0x0c, 0x25, 0x05, 0x08, 0x19, 0x1e, 0x04, 0x8b, 0x62,
    0x80, 0x14, 0x45, 0x02, 0x42, 0x92, 0x0b, 0x42, 0xa4, 0x10, 0x32, 0x14, 0x38, 0x08, 0x18, 0x4b,
    0x0a, 0x32, 0x52, 0x88, 0x48, 0x90, 0x14, 0x20, 0x43, 0x46, 0x88, 0xa5, 0x00, 0x19, 0x32, 0x42,
    0xe4, 0x48, 0x0e, 0x90, 0x91, 0x22, 0xc4, 0x50, 0x41, 0x51, 0x81, 0x8c, 0xe1, 0x83, 0xe5, 0x8a,
    0x04, 0x29, 0x46, 0x06, 0x51, 0x18, 0x00, 0x00, 0x08, 0x00, 0x00, 0x00, 0x1b, 0x8c, 0xe0, 0xff,
    0xff, 0xff, 0xff, 0x07, 0x40, 0x02, 0xa8, 0x0d, 0x84, 0xf0, 0xff, 0xff, 0xff, 0xff, 0x03, 0x20,
    0x6d, 0x30, 0x86, 0xff, 0xff, 0xff, 0xff, 0x1f, 0x00, 0x09, 0xa8, 0x00, 0x49, 0x18, 0x00, 0x00,
    0x03, 0x00, 0x00, 0x00, 0x13, 0x82, 0x60, 0x42, 0x20, 0x4c, 0x08, 0x06, 0x00, 0x00, 0x00, 0x00,
    0x89, 0x20, 0x00, 0x00, 0x22, 0x00, 0x00, 0x00, 0x32, 0x22, 0x48, 0x09, 0x20, 0x64, 0x85, 0x04,
    0x93, 0x22, 0xa4, 0x84, 0x04, 0x93, 0x22, 0xe3, 0x84, 0xa1, 0x90, 0x14, 0x12, 0x4c, 0x8a, 0x8c,
    0x0b, 0x84, 0xa4, 0x4c, 0x10, 0x5c, 0x23, 0x00, 0x25, 0x00, 0x14, 0x66, 0x00, 0xe6, 0x08, 0xc0,
    0x60, 0x8e, 0x00, 0x29, 0xc6, 0x20, 0x84, 0x14, 0x42, 0xa6, 0x18, 0x80, 0x10, 0x52, 0x06, 0xa1,
    0xa3, 0x86, 0xcb, 0x9f, 0xb0, 0x87, 0x90, 0x7c, 0x6e, 0xa3, 0x8a, 0x95, 0x98, 0xfc, 0xe2, 0xb6,
    0x11, 0x31, 0xc6, 0x18, 0x54, 0xee, 0x19, 0x2e, 0x7f, 0xc2, 0x1e, 0x42, 0xf2, 0x43, 0xa0, 0x19,
    0x16, 0x02, 0x05, 0xab, 0x10, 0x8a, 0x30, 0x42, 0x6d, 0x8e, 0x20, 0x28, 0x06, 0x23, 0x85, 0x90,
    0x47, 0x70, 0x20, 0x60, 0x18, 0x81, 0x18, 0x2e, 0xe1, 0x9c, 0x46, 0x9a, 0x80, 0x66, 0x92, 0x50,
    0x33, 0xc6, 0x18, 0x73, 0x8c, 0x31, 0xe6, 0x9c, 0x93, 0x68, 0x3a, 0x10, 0x00, 0x00, 0x00, 0x00,
    0x13, 0x14, 0x72, 0xc0, 0x87, 0x74, 0x60, 0x87, 0x36, 0x68, 0x87, 0x79, 0x68, 0x03, 0x72, 0xc0,
    0x87, 0x0d, 0xaf, 0x50, 0x0e, 0x6d, 0xd0, 0x0e, 0x7a, 0x50, 0x0e, 0x6d, 0x00, 0x0f, 0x7a, 0x30,
    0x07, 0x72, 0xa0, 0x07, 0x73, 0x20, 0x07, 0x6d, 0x90, 0x0e, 0x71, 0xa0, 0x07, 0x73, 0x20, 0x07,
    0x6d, 0x90, 0x0e, 0x78, 0xa0, 0x07, 0x73, 0x20, 0x07, 0x6d, 0x90, 0x0e, 0x71, 0x60, 0x07, 0x7a,
    0x30, 0x07, 0x72, 0xd0, 0x06, 0xe9, 0x30, 0x07, 0x72, 0xa0, 0x07, 0x73, 0x20, 0x07, 0x6d, 0x90,
    0x0e, 0x76, 0x40, 0x07, 0x7a, 0x60, 0x07, 0x74, 0xd0, 0x06, 0xe6, 0x10, 0x07, 0x76, 0xa0, 0x07,
    0x73, 0x20, 0x07, 0x6d, 0x60, 0x0e, 0x73, 0x20, 0x07, 0x7a, 0x30, 0x07, 0x72, 0xd0, 0x06, 0xe6,
    0x60, 0x07, 0x74, 0xa0, 0x07, 0x76, 0x40, 0x07, 0x6d, 0xe0, 0x0e, 0x78, 0xa0, 0x07, 0x71, 0x60,
    0x07, 0x7a, 0x30, 0x07, 0x72, 0xa0, 0x07, 0x76, 0x40, 0x07, 0x43, 0x9e, 0x00, 0x08, 0x00, 0x00,
    0x00, 0x00, 0x00, 0x00, 0x00, 0x00, 0x00, 0x86, 0x3c, 0x06, 0x10, 0x00, 0x01, 0x00, 0x00, 0x00,
    0x00, 0x00, 0x00, 0x00, 0x0c, 0x79, 0x10, 0x20, 0x00, 0x04, 0x00, 0x00, 0x00, 0x00, 0x00, 0x00,
    0x00, 0x18, 0xf2, 0x34, 0x40, 0x00, 0x0c, 0x00, 0x00, 0x00, 0x00, 0x00, 0x00, 0x00, 0x30, 0xe4,
    0x81, 0x80, 0x00, 0x18, 0x00, 0x00, 0x00, 0x00, 0x00, 0x00, 0x00, 0x20, 0x0b, 0x04, 0x00, 0x00,
    0x16, 0x00, 0x00, 0x00, 0x32, 0x1e, 0x98, 0x18, 0x19, 0x11, 0x4c, 0x90, 0x8c, 0x09, 0x26, 0x47,
    0xc6, 0x04, 0x43, 0x22, 0x25, 0x30, 0x02, 0x50, 0x0c, 0x05, 0x1e, 0x50, 0x06, 0xe5, 0x50, 0x12,
    0x85, 0x50, 0x10, 0x85, 0x51, 0x20, 0xa5, 0x51, 0x40, 0x85, 0x54, 0x50, 0x85, 0x55, 0x60, 0x05,
    0x18, 0x50, 0xa0, 0x01, 0x05, 0x1c, 0x50, 0x04, 0xe5, 0x41, 0xa5, 0x24, 0xca, 0xa0, 0x10, 0x46,
    0x00, 0x8a, 0xa0, 0x40, 0xe8, 0xd5, 0x00, 0xd1, 0x19, 0x00, 0xaa, 0x33, 0x00, 0x64, 0xc7, 0x72,
    0x18, 0x02, 0x00, 0x00, 0x00, 0x00, 0x00, 0x20, 0x10, 0x08, 0x04, 0x00, 0x79, 0x18, 0x00, 0x00,
    0xd0, 0x00, 0x00, 0x00, 0x1a, 0x03, 0x4c, 0x90, 0x46, 0x02, 0x13, 0x44, 0x8f, 0x0c, 0x6f, 0xec,
    0xed, 0x4d, 0x0c, 0x24, 0xc6, 0x05, 0xc7, 0x45, 0xa6, 0x06, 0x46, 0xc6, 0x25, 0x26, 0x06, 0x04,
    0x45, 0x66, 0x26, 0x27, 0x47, 0x26, 0xa6, 0x46, 0x46, 0x26, 0x65, 0x43, 0x10, 0x4c, 0x10, 0x88,
    0x62, 0x82, 0x40, 0x18, 0x1b, 0x84, 0x81, 0xd8, 0x20, 0x10, 0x04, 0x05, 0xb8, 0xb9, 0x09, 0x02,
    0x71, 0x6c, 0x18, 0x0e, 0x84, 0x98, 0x20, 0x54, 0x63, 0xc0, 0x64, 0xe8, 0xcd, 0x6d, 0x8e, 0x2e,
    0xcc, 0x8d, 0x6e, 0x6e, 0x82, 0x40, 0x20, 0x1b, 0x10, 0x42, 0x59, 0x88, 0x61, 0x60, 0x80, 0x0d,
    0x41, 0xb3, 0x81, 0x00, 0x00, 0x07, 0x98, 0x20, 0x50, 0x62, 0x40, 0x66, 0x6e, 0x4c, 0xea, 0x48,
    0xe8, 0xeb, 0xad, 0x8e, 0x0e, 0xae, 0x8e, 0x6e, 0x82, 0x40, 0x24, 0x13, 0x04, 0x42, 0x99, 0x20,
    0x10, 0xcb, 0x06, 0x03, 0x89, 0x24, 0x62, 0xa2, 0xc8, 0xd0, 0x95, 0xe1, 0xd1, 0xd5, 0xc9, 0x95,
    0x7d, 0xd1, 0xe5, 0xc1, 0x95, 0x4d, 0x10, 0x08, 0x66, 0x83, 0x81, 0x58, 0xd2, 0x35, 0x51, 0x54,
    0xd2, 0xdc, 0xe0, 0xea, 0xe8, 0xbe, 0xe8, 0xf2, 0xe0, 0xca, 0x26, 0x08, 0x44, 0xb3, 0xc1, 0x40,
    0x32, 0x49, 0x9b, 0x28, 0x2e, 0x63, 0x6f, 0x6c, 0x6f, 0x72, 0x5f, 0x73, 0x63, 0x61, 0x6c, 0x65,
    0x13, 0x04, 0xc2, 0x99, 0x20, 0x3c, 0x61, 0xb0, 0x01, 0x41, 0x38, 0xa9, 0x9b, 0x28, 0xca, 0xa3,
    0x42, 0x57, 0x86, 0x57, 0xc6, 0xf6, 0x35, 0x97, 0xa6, 0x57, 0x36, 0x41, 0x20, 0x9e, 0x09, 0x02,
    0x01, 0x6d, 0x40, 0x10, 0x30, 0x90, 0xc2, 0x60, 0xa2, 0xc4, 0xe0, 0xa2, 0x43, 0xf7, 0xe6, 0x56,
    0xd6, 0x16, 0x06, 0xf7, 0xd5, 0x56, 0x46, 0x87, 0xf6, 0x46, 0x36, 0x41, 0x20, 0xa2, 0x0d, 0x06,
    0x42, 0x06, 0x52, 0x19, 0x4c, 0x14, 0x1f, 0xba, 0x37, 0xb7, 0xb2, 0xb6, 0x30, 0xb8, 0x2f, 0xb3,
    0xb0, 0x31, 0xba, 0x37, 0xb9, 0x98, 0x09, 0x02, 0x21, 0x6d, 0x30, 0x90, 0x33, 0x90, 0xd0, 0x60,
    0xa2, 0xf8, 0xd0, 0xbd, 0xb9, 0x95, 0xb5, 0x85, 0xc1, 0x7d, 0x99, 0x85, 0x8d, 0xd1, 0xbd, 0xc9,
    0xc9, 0x4c, 0x10, 0x88, 0x69, 0x83, 0x81, 0xa8, 0x81, 0xb4, 0x06, 0x13, 0xc5, 0x67, 0x8e, 0x4c,
    0xee, 0xeb, 0x0e, 0x2d, 0x8d, 0xae, 0xec, 0x0b, 0xee, 0x2d, 0xcd, 0x8d, 0x6e, 0x82, 0x40, 0x50,
    0x1b, 0x0c, 0xa4, 0x0d, 0x24, 0x37, 0x98, 0x28, 0x1e, 0x59, 0x6f, 0x66, 0x66, 0x73, 0x65, 0x74,
    0x13, 0x04, 0xa2, 0xda, 0x80, 0x20, 0x70, 0x20, 0xc5, 0xc1, 0x44, 0x89, 0xc1, 0x45, 0x43, 0x6a,
    0xec, 0xad, 0xcc, 0xcc, 0x6c, 0x82, 0x40, 0x58, 0x1b, 0x10, 0x64, 0x0e, 0x24, 0x3a, 0x98, 0x28,
    0x31, 0xb8, 0x68, 0x1c, 0x8d, 0xbd, 0x95, 0x99, 0x99, 0x4d, 0x10, 0x88, 0x6b, 0x03, 0x82, 0xd8,
    0x81, 0x74, 0x07, 0x13, 0x25, 0x06, 0x17, 0x0d, 0xa1, 0xb1, 0xb7, 0x32, 0x33, 0xb3, 0x09, 0x02,
    0x81, 0x6d, 0x40, 0x90, 0x3c, 0x90, 0xf4, 0x60, 0xa2, 0xc4, 0xe0, 0xda, 0xe0, 0x30, 0x15, 0xb6,
    0x7d, 0x63, 0x60, 0x06, 0x69, 0xc0, 0x06, 0x6f, 0x20, 0x07, 0x75, 0x80, 0x07, 0x7b, 0xb0, 0x61,
    0x20, 0x20, 0x3e, 0x98, 0x20, 0x08, 0xc0, 0x06, 0x60, 0xc3, 0x40, 0xfc, 0xc1, 0x1f, 0x6c, 0x08,
    0x40, 0x61, 0xc3, 0x30, 0xf8, 0x41, 0x28, 0x4c, 0x10, 0x2c, 0x32, 0xd8, 0x10, 0x8c, 0x02, 0x89,
    0xb6, 0xb0, 0x34, 0x37, 0x2e, 0x53, 0x56, 0x5f, 0x50, 0x6f, 0x73, 0x69, 0x74, 0x69, 0x6f, 0x6e,
    0x13, 0x84, 0x62, 0x9b, 0x20, 0x14, 0xdc, 0x86, 0x80, 0x98, 0x20, 0x14, 0xdd, 0x04, 0xa1, 0xf0,
    0x36, 0x2c, 0x84, 0x29, 0x9c, 0x02, 0x2a, 0xa4, 0x82, 0x2a, 0x0c, 0xaa, 0x40, 0xac, 0x02, 0x40,
    0x84, 0xaa, 0x08, 0x6b, 0xe8, 0xe9, 0x49, 0x8a, 0x68, 0x82, 0x50, 0x7c, 0x1b, 0x96, 0xa1, 0x15,
    0x4e, 0x61, 0x15, 0x52, 0xc1, 0x15, 0x06, 0x57, 0x18, 0x56, 0x01, 0x98, 0x20, 0x10, 0x19, 0x8b,
    0xa1, 0x27, 0xa6, 0x27, 0xa9, 0x09, 0x02, 0xa1, 0x6d, 0x10, 0x24, 0x59, 0xd8, 0xb0, 0xc0, 0x42,
    0x2c, 0x9c, 0xc2, 0x2a, 0xa4, 0x82, 0x2b, 0x0c, 0xaa, 0x00, 0x0b, 0xab, 0x30, 0x0b, 0x1b, 0x06,
    0x56, 0x78, 0x05, 0x5a, 0x60, 0x32, 0x65, 0xf5, 0x45, 0x15, 0x26, 0x77, 0x56, 0x46, 0x37, 0x41,
    0x28, 0xc0, 0x60, 0xc3, 0x42, 0xd8, 0xc2, 0x29, 0xdc, 0x42, 0x2a, 0xac, 0xc2, 0xa0, 0x0a, 0xc4,
    0x2a, 0xcc, 0xc2, 0x86, 0x00, 0x17, 0x36, 0x0c, 0xb5, 0x90, 0x0b, 0xc0, 0x86, 0xc2, 0x0f, 0x4a,
    0x41, 0x17, 0x1e, 0x80, 0x86, 0x19, 0xdb, 0x5b, 0x18, 0xdd, 0x1c, 0x8b, 0x34, 0xb7, 0x39, 0xba,
    0x39, 0x1a, 0x73, 0x69, 0x67, 0x5f, 0x6c, 0x64, 0x34, 0xe6, 0xd2, 0xce, 0xbe, 0xe6, 0xe8, 0x36,
    0x20, 0xbc, 0x20, 0xf5, 0x82, 0x2c, 0xf8, 0xc2, 0xf5, 0x0b, 0x57, 0x15, 0x36, 0x36, 0xbb, 0x36,
    0x97, 0x34, 0xb2, 0x32, 0x37, 0xba, 0x29, 0x41, 0x50, 0x85, 0x0c, 0xcf, 0xc5, 0xae, 0x4c, 0x6e,
    0x2e, 0xed, 0xcd, 0x6d, 0x4a, 0x40, 0x34, 0x21, 0xc3, 0x73, 0xb1, 0x0b, 0x63, 0xb3, 0x2b, 0x93,
    0x9b, 0x12, 0x14, 0x75, 0xc8, 0xf0, 0x5c, 0xe6, 0xd0, 0xc2, 0xc8, 0xca, 0xe4, 0x9a, 0xde, 0xc8,
    0xca, 0xd8, 0xa6, 0x04, 0x48, 0x19, 0x32, 0x3c, 0x17, 0xb9, 0xb2, 0xb9, 0xb7, 0x3a, 0xb9, 0xb1,
    0xb2, 0xb9, 0x29, 0x81, 0x53, 0x89, 0x0c, 0xcf, 0x85, 0x2e, 0x0f, 0xae, 0x2c, 0xc8, 0xcd, 0xed,
    0x8d, 0x2e, 0x8c, 0x2e, 0xed, 0xcd, 0x6d, 0x6e, 0x8a, 0xc0, 0x07, 0xa1, 0x50, 0x87, 0x0c, 0xcf,
    0xc5, 0x2e, 0xad, 0xec, 0x2e, 0x89, 0x6c, 0x8a, 0x2e, 0x8c, 0xae, 0x6c, 0x4a, 0x30, 0x0a, 0x75,
    0xc8, 0xf0, 0x5c, 0xca, 0xdc, 0xe8, 0xe4, 0xf2, 0xa0, 0xde, 0xd2, 0xdc, 0xe8, 0xe6, 0xa6, 0x04,
    0xba, 0xd0, 0x85, 0x0c, 0xcf, 0x65, 0xec, 0xad, 0xce, 0x8d, 0xae, 0x4c, 0x6e, 0x6e, 0x4a, 0xf0,
    0x0b, 0x00, 0x00, 0x00, 0x79, 0x18, 0x00, 0x00, 0x4c, 0x00, 0x00, 0x00, 0x33, 0x08, 0x80, 0x1c,
    0xc4, 0xe1, 0x1c, 0x66, 0x14, 0x01, 0x3d, 0x88, 0x43, 0x38, 0x84, 0xc3, 0x8c, 0x42, 0x80, 0x07,
    0x79, 0x78, 0x07, 0x73, 0x98, 0x71, 0x0c, 0xe6, 0x00, 0x0f, 0xed, 0x10, 0x0e, 0xf4, 0x80, 0x0e,
    0x33, 0x0c, 0x42, 0x1e, 0xc2, 0xc1, 0x1d, 0xce, 0xa1, 0x1c, 0x66, 0x30, 0x05, 0x3d, 0x88, 0x43,
    0x38, 0x84, 0x83, 0x1b, 0xcc, 0x03, 0x3d, 0xc8, 0x43, 0x3d, 0x8c, 0x03, 0x3d, 0xcc, 0x78, 0x8c,
    0x74, 0x70, 0x07, 0x7b, 0x08, 0x07, 0x79, 0x48, 0x87, 0x70, 0x70, 0x07, 0x7a, 0x70, 0x03, 0x76,
    0x78, 0x87, 0x70, 0x20, 0x87, 0x19, 0xcc, 0x11, 0x0e, 0xec, 0x90, 0x0e, 0xe1, 0x30, 0x0f, 0x6e,
    0x30, 0x0f, 0xe3, 0xf0, 0x0e, 0xf0, 0x50, 0x0e, 0x33, 0x10, 0xc4, 0x1d, 0xde, 0x21, 0x1c, 0xd8,
    0x21, 0x1d, 0xc2, 0x61, 0x1e, 0x66, 0x30, 0x89, 0x3b, 0xbc, 0x83, 0x3b, 0xd0, 0x43, 0x39, 0xb4,
    0x03, 0x3c, 0xbc, 0x83, 0x3c, 0x84, 0x03, 0x3b, 0xcc, 0xf0, 0x14, 0x76, 0x60, 0x07, 0x7b, 0x68,
    0x07, 0x37, 0x68, 0x87, 0x72, 0x68, 0x07, 0x37, 0x80, 0x87, 0x70, 0x90, 0x87, 0x70, 0x60, 0x07,
    0x76, 0x28, 0x07, 0x76, 0xf8, 0x05, 0x76, 0x78, 0x87, 0x77, 0x80, 0x87, 0x5f, 0x08, 0x87, 0x71,
    0x18, 0x87, 0x72, 0x98, 0x87, 0x79, 0x98, 0x81, 0x2c, 0xee, 0xf0, 0x0e, 0xee, 0xe0, 0x0e, 0xf5,
    0xc0, 0x0e, 0xec, 0x30, 0x03, 0x62, 0xc8, 0xa1, 0x1c, 0xe4, 0xa1, 0x1c, 0xcc, 0xa1, 0x1c, 0xe4,
    0xa1, 0x1c, 0xdc, 0x61, 0x1c, 0xca, 0x21, 0x1c, 0xc4, 0x81, 0x1d, 0xca, 0x61, 0x06, 0xd6, 0x90,
    0x43, 0x39, 0xc8, 0x43, 0x39, 0x98, 0x43, 0x39, 0xc8, 0x43, 0x39, 0xb8, 0xc3, 0x38, 0x94, 0x43,
    0x38, 0x88, 0x03, 0x3b, 0x94, 0xc3, 0x2f, 0xbc, 0x83, 0x3c, 0xfc, 0x82, 0x3b, 0xd4, 0x03, 0x3b,
    0xb0, 0xc3, 0x0c, 0xc4, 0x21, 0x07, 0x7c, 0x70, 0x03, 0x7a, 0x28, 0x87, 0x76, 0x80, 0x87, 0x19,
    0xd1, 0x43, 0x0e, 0xf8, 0xe0, 0x06, 0xe4, 0x20, 0x0e, 0xe7, 0xe0, 0x06, 0xf6, 0x10, 0x0e, 0xf2,
    0xc0, 0x0e, 0xe1, 0x90, 0x0f, 0xef, 0x50, 0x0f, 0xf4, 0x00, 0x00, 0x00, 0x71, 0x20, 0x00, 0x00,
    0x14, 0x00, 0x00, 0x00, 0x36, 0xb0, 0x0d, 0x97, 0xef, 0x3c, 0xbe, 0x10, 0x50, 0x45, 0x41, 0x44,
    0xa5, 0x03, 0x0c, 0x25, 0x61, 0x00, 0x02, 0xe6, 0x17, 0xb7, 0x6d, 0x04, 0xd2, 0x70, 0xf9, 0xce,
    0xe3, 0x0b, 0x11, 0x01, 0x4c, 0x44, 0x08, 0x34, 0xc3, 0x42, 0x58, 0xc0, 0x34, 0x5c, 0xbe, 0xf3,
    0xf8, 0x8b, 0x03, 0x0c, 0x62, 0xf3, 0x50, 0x93, 0x5f, 0xdc, 0xb6, 0x09, 0x54, 0xc3, 0xe5, 0x3b,
    0x8f, 0x2f, 0x4d, 0x4e, 0x44, 0xa0, 0xd4, 0xf4, 0x50, 0x93, 0x5f, 0xdc, 0xb6, 0x01, 0x10, 0x0c,
    0x80, 0x34, 0x00, 0x00, 0x00, 0x00, 0x00, 0x00, 0x48, 0x41, 0x53, 0x48, 0x14, 0x00, 0x00, 0x00,
    0x00, 0x00, 0x00, 0x00, 0xb1, 0xdd, 0x38, 0xd2, 0xe7, 0x07, 0xcd, 0x10, 0x92, 0x68, 0x7f, 0x6d,
    0x69, 0x07, 0x10, 0xe0, 0x44, 0x58, 0x49, 0x4c, 0x0c, 0x06, 0x00, 0x00, 0x60, 0x00, 0x00, 0x00,
    0x83, 0x01, 0x00, 0x00, 0x44, 0x58, 0x49, 0x4c, 0x00, 0x01, 0x00, 0x00, 0x10, 0x00, 0x00, 0x00,
    0xf4, 0x05, 0x00, 0x00, 0x42, 0x43, 0xc0, 0xde, 0x21, 0x0c, 0x00, 0x00, 0x7a, 0x01, 0x00, 0x00,
    0x0b, 0x82, 0x20, 0x00, 0x02, 0x00, 0x00, 0x00, 0x13, 0x00, 0x00, 0x00, 0x07, 0x81, 0x23, 0x91,
    0x41, 0xc8, 0x04, 0x49, 0x06, 0x10, 0x32, 0x39, 0x92, 0x01, 0x84, 0x0c, 0x25, 0x05, 0x08, 0x19,
    0x1e, 0x04, 0x8b, 0x62, 0x80, 0x14, 0x45, 0x02, 0x42, 0x92, 0x0b, 0x42, 0xa4, 0x10, 0x32, 0x14,
    0x38, 0x08, 0x18, 0x4b, 0x0a, 0x32, 0x52, 0x88, 0x48, 0x90, 0x14, 0x20, 0x43, 0x46, 0x88, 0xa5,
    0x00, 0x19, 0x32, 0x42, 0xe4, 0x48, 0x0e, 0x90, 0x91, 0x22, 0xc4, 0x50, 0x41, 0x51, 0x81, 0x8c,
    0xe1, 0x83, 0xe5, 0x8a, 0x04, 0x29, 0x46, 0x06, 0x51, 0x18, 0x00, 0x00, 0x08, 0x00, 0x00, 0x00,
    0x1b, 0x8c, 0xe0, 0xff, 0xff, 0xff, 0xff, 0x07, 0x40, 0x02, 0xa8, 0x0d, 0x84, 0xf0, 0xff, 0xff,
    0xff, 0xff, 0x03, 0x20, 0x6d, 0x30, 0x86, 0xff, 0xff, 0xff, 0xff, 0x1f, 0x00, 0x09, 0xa8, 0x00,
    0x49, 0x18, 0x00, 0x00, 0x03, 0x00, 0x00, 0x00, 0x13, 0x82, 0x60, 0x42, 0x20, 0x4c, 0x08, 0x06,
    0x00, 0x00, 0x00, 0x00, 0x89, 0x20, 0x00, 0x00, 0x22, 0x00, 0x00, 0x00, 0x32, 0x22, 0x48, 0x09,
    0x20, 0x64, 0x85, 0x04, 0x93, 0x22, 0xa4, 0x84, 0x04, 0x93, 0x22, 0xe3, 0x84, 0xa1, 0x90, 0x14,
    0x12, 0x4c, 0x8a, 0x8c, 0x0b, 0x84, 0xa4, 0x4c, 0x10, 0x5c, 0x23, 0x00, 0x25, 0x00, 0x14, 0x66,
    0x00, 0xe6, 0x08, 0xc0, 0x60, 0x8e, 0x00, 0x29, 0xc6, 0x20, 0x84, 0x14, 0x42, 0xa6, 0x18, 0x80,
    0x10, 0x52, 0x06, 0xa1, 0xa3, 0x86, 0xcb, 0x9f, 0xb0, 0x87, 0x90, 0x7c, 0x6e, 0xa3, 0x8a, 0x95,
    0x98, 0xfc, 0xe2, 0xb6, 0x11, 0x31, 0xc6, 0x18, 0x54, 0xee, 0x19, 0x2e, 0x7f, 0xc2, 0x1e, 0x42,
    0xf2, 0x43, 0xa0, 0x19, 0x16, 0x02, 0x05, 0xab, 0x10, 0x8a, 0x30, 0x42, 0x6d, 0x8e, 0x20, 0x28,
    0x06, 0x23, 0x85, 0x90, 0x47, 0x70, 0x20, 0x60, 0x18, 0x81, 0x18, 0x2e, 0xe1, 0x9c, 0x46, 0x9a,
    0x80, 0x66, 0x92, 0x50, 0x33, 0xc6, 0x18, 0x73, 0x8c, 0x31, 0xe6, 0x9c, 0x93, 0x68, 0x3a, 0x10,
    0x00, 0x00, 0x00, 0x00, 0x13, 0x14, 0x72, 0xc0, 0x87, 0x74, 0x60, 0x87, 0x36, 0x68, 0x87, 0x79,
    0x68, 0x03, 0x72, 0xc0, 0x87, 0x0d, 0xaf, 0x50, 0x0e, 0x6d, 0xd0, 0x0e, 0x7a, 0x50, 0x0e, 0x6d,
    0x00, 0x0f, 0x7a, 0x30, 0x07, 0x72, 0xa0, 0x07, 0x73, 0x20, 0x07, 0x6d, 0x90, 0x0e, 0x71, 0xa0,
    0x07, 0x73, 0x20, 0x07, 0x6d, 0x90, 0x0e, 0x78, 0xa0, 0x07, 0x73, 0x20, 0x07, 0x6d, 0x90, 0x0e,
    0x71, 0x60, 0x07, 0x7a, 0x30, 0x07, 0x72, 0xd0, 0x06, 0xe9, 0x30, 0x07, 0x72, 0xa0, 0x07, 0x73,
    0x20, 0x07, 0x6d, 0x90, 0x0e, 0x76, 0x40, 0x07, 0x7a, 0x60, 0x07, 0x74, 0xd0, 0x06, 0xe6, 0x10,
    0x07, 0x76, 0xa0, 0x07, 0x73, 0x20, 0x07, 0x6d, 0x60, 0x0e, 0x73, 0x20, 0x07, 0x7a, 0x30, 0x07,
    0x72, 0xd0, 0x06, 0xe6, 0x60, 0x07, 0x74, 0xa0, 0x07, 0x76, 0x40, 0x07, 0x6d, 0xe0, 0x0e, 0x78,
    0xa0, 0x07, 0x71, 0x60, 0x07, 0x7a, 0x30, 0x07, 0x72, 0xa0, 0x07, 0x76, 0x40, 0x07, 0x43, 0x9e,
    0x00, 0x00, 0x00, 0x00, 0x00, 0x00, 0x00, 0x00, 0x00, 0x00, 0x00, 0x86, 0x3c, 0x06, 0x10, 0x00,
    0x01, 0x00, 0x00, 0x00, 0x00, 0x00, 0x00, 0x00, 0x0c, 0x79, 0x10, 0x20, 0x00, 0x04, 0x00, 0x00,
    0x00, 0x00, 0x00, 0x00, 0x00, 0x18, 0xf2, 0x34, 0x40, 0x00, 0x0c, 0x00, 0x00, 0x00, 0x00, 0x00,
    0x00, 0x00, 0x30, 0xe4, 0x81, 0x80, 0x00, 0x18, 0x00, 0x00, 0x00, 0x00, 0x00, 0x00, 0x00, 0x20,
    0x0b, 0x04, 0x00, 0x00, 0x0f, 0x00, 0x00, 0x00, 0x32, 0x1e, 0x98, 0x14, 0x19, 0x11, 0x4c, 0x90,
    0x8c, 0x09, 0x26, 0x47, 0xc6, 0x04, 0x43, 0x22, 0x25, 0x30, 0x02, 0x50, 0x10, 0xc5, 0x50, 0xe0,
    0x01, 0x45, 0x50, 0x06, 0xe5, 0x41, 0xa5, 0x24, 0xca, 0xa0, 0x10, 0x46, 0x00, 0x8a, 0xa0, 0x40,
    0xa8, 0xce, 0x00, 0x90, 0x1d, 0xcb, 0x61, 0x08, 0x00, 0x00, 0x00, 0x00, 0x00, 0x80, 0x40, 0x20,
    0x10, 0x00, 0x00, 0x00, 0x79, 0x18, 0x00, 0x00, 0x5a, 0x00, 0x00, 0x00, 0x1a, 0x03, 0x4c, 0x90,
    0x46, 0x02, 0x13, 0x44, 0x8f, 0x0c, 0x6f, 0xec, 0xed, 0x4d, 0x0c, 0x24, 0xc6, 0x05, 0xc7, 0x45,
    0xa6, 0x06, 0x46, 0xc6, 0x25, 0x26, 0x06, 0x04, 0x45, 0x66, 0x26, 0x27, 0x47, 0x26, 0xa6, 0x46,
    0x46, 0x26, 0x65, 0x43, 0x10, 0x4c, 0x10, 0x88, 0x62, 0x82, 0x40, 0x18, 0x1b, 0x84, 0x81, 0x98,
    0x20, 0x10, 0xc7, 0x06, 0x61, 0x30, 0x28, 0xc0, 0xcd, 0x4d, 0x10, 0x08, 0x64, 0xc3, 0x80, 0x24,
    0xc4, 0x04, 0xa1, 0x9a, 0x08, 0x4c, 0x10, 0x88, 0x64, 0x03, 0x42, 0x2c, 0x0c, 0x31, 0x0c, 0x0d,
    0xb0, 0x21, 0x70, 0x36, 0x10, 0x00, 0xf0, 0x00, 0x13, 0x04, 0x8b, 0xda, 0x10, 0x44, 0x13, 0x04,
    0x01, 0x20, 0xd1, 0x16, 0x96, 0xe6, 0xc6, 0x65, 0xca, 0xea, 0x0b, 0xea, 0x6d, 0x2e, 0x8d, 0x2e,
    0xed, 0xcd, 0x6d, 0x82, 0x50, 0x34, 0x13, 0x84, 0xc2, 0xd9, 0x10, 0x10, 0x13, 0x84, 0xe2, 0x99,
    0x20, 0x14, 0xd0, 0x86, 0x85, 0xa8, 0xac, 0x0b, 0xcb, 0x86, 0x8c, 0xd0, 0x00, 0x22, 0x54, 0x45,
    0x58, 0x43, 0x4f, 0x4f, 0x52, 0x44, 0x13, 0x84, 0x22, 0xda, 0xb0, 0x0c, 0x9c, 0xa5, 0x61, 0xdd,
    0xd0, 0x0d, 0x1a, 0x30, 0x41, 0x20, 0x14, 0x16, 0x43, 0x4f, 0x4c, 0x4f, 0x52, 0x13, 0x04, 0x62,
    0x99, 0x20, 0x10, 0xcc, 0x06, 0x21, 0x0c, 0xc4, 0x60, 0xc3, 0xf2, 0x81, 0x81, 0xa5, 0x61, 0xdd,
    0x90, 0x7d, 0xda, 0x18, 0x6c, 0x18, 0x36, 0x8f, 0x0c, 0x98, 0x4c, 0x59, 0x7d, 0x51, 0x85, 0xc9,
    0x9d, 0x95, 0xd1, 0x4d, 0x10, 0x0a, 0x69, 0xc3, 0x42, 0x98, 0x81, 0x75, 0x06, 0x98, 0x36, 0x64,
    0x84, 0x36, 0x06, 0x1b, 0x02, 0x34, 0xd8, 0x30, 0x94, 0x41, 0x1a, 0x00, 0x1b, 0x8a, 0x89, 0x52,
    0x03, 0x08, 0xa8, 0xc2, 0xc6, 0x66, 0xd7, 0xe6, 0x92, 0x46, 0x56, 0xe6, 0x46, 0x37, 0x25, 0x08,
    0xaa, 0x90, 0xe1, 0xb9, 0xd8, 0x95, 0xc9, 0xcd, 0xa5, 0xbd, 0xb9, 0x4d, 0x09, 0x88, 0x26, 0x64,
    0x78, 0x2e, 0x76, 0x61, 0x6c, 0x76, 0x65, 0x72, 0x53, 0x02, 0xa3, 0x0e, 0x19, 0x9e, 0xcb, 0x1c,
    0x5a, 0x18, 0x59, 0x99, 0x5c, 0xd3, 0x1b, 0x59, 0x19, 0xdb, 0x94, 0x20, 0x29, 0x43, 0x86, 0xe7,
    0x22, 0x57, 0x36, 0xf7, 0x56, 0x27, 0x37, 0x56, 0x36, 0x37, 0x25, 0x78, 0xea, 0x90, 0xe1, 0xb9,
    0xd8, 0xa5, 0x95, 0xdd, 0x25, 0x91, 0x4d, 0xd1, 0x85, 0xd1, 0x95, 0x4d, 0x09, 0xa2, 0x3a, 0x64,
    0x78, 0x2e, 0x65, 0x6e, 0x74, 0x72, 0x79, 0x50, 0x6f, 0x69, 0x6e, 0x74, 0x73, 0x53, 0x02, 0x35,
    0x00, 0x00, 0x00, 0x00, 0x79, 0x18, 0x00, 0x00, 0x4c, 0x00, 0x00, 0x00, 0x33, 0x08, 0x80, 0x1c,
    0xc4, 0xe1, 0x1c, 0x66, 0x14, 0x01, 0x3d, 0x88, 0x43, 0x38, 0x84, 0xc3, 0x8c, 0x42, 0x80, 0x07,
    0x79, 0x78, 0x07, 0x73, 0x98, 0x71, 0x0c, 0xe6, 0x00, 0x0f, 0xed, 0x10, 0x0e, 0xf4, 0x80, 0x0e,
    0x33, 0x0c, 0x42, 0x1e, 0xc2, 0xc1, 0x1d, 0xce, 0xa1, 0x1c, 0x66, 0x30, 0x05, 0x3d, 0x88, 0x43,
    0x38, 0x84, 0x83, 0x1b, 0xcc, 0x03, 0x3d, 0xc8, 0x43, 0x3d, 0x8c, 0x03, 0x3d, 0xcc, 0x78, 0x8c,
    0x74, 0x70, 0x07, 0x7b, 0x08, 0x07, 0x79, 0x48, 0x87, 0x70, 0x70, 0x07, 0x7a, 0x70, 0x03, 0x76,
    0x78, 0x87, 0x70, 0x20, 0x87, 0x19, 0xcc, 0x11, 0x0e, 0xec, 0x90, 0x0e, 0xe1, 0x30, 0x0f, 0x6e,
    0x30, 0x0f, 0xe3, 0xf0, 0x0e, 0xf0, 0x50, 0x0e, 0x33, 0x10, 0xc4, 0x1d, 0xde, 0x21, 0x1c, 0xd8,
    0x21, 0x1d, 0xc2, 0x61, 0x1e, 0x66, 0x30, 0x89, 0x3b, 0xbc, 0x83, 0x3b, 0xd0, 0x43, 0x39, 0xb4,
    0x03, 0x3c, 0xbc, 0x83, 0x3c, 0x84, 0x03, 0x3b, 0xcc, 0xf0, 0x14, 0x76, 0x60, 0x07, 0x7b, 0x68,
    0x07, 0x37, 0x68, 0x87, 0x72, 0x68, 0x07, 0x37, 0x80, 0x87, 0x70, 0x90, 0x87, 0x70, 0x60, 0x07,
    0x76, 0x28, 0x07, 0x76, 0xf8, 0x05, 0x76, 0x78, 0x87, 0x77, 0x80, 0x87, 0x5f, 0x08, 0x87, 0x71,
    0x18, 0x87, 0x72, 0x98, 0x87, 0x79, 0x98, 0x81, 0x2c, 0xee, 0xf0, 0x0e, 0xee, 0xe0, 0x0e, 0xf5,
    0xc0, 0x0e, 0xec, 0x30, 0x03, 0x62, 0xc8, 0xa1, 0x1c, 0xe4, 0xa1, 0x1c, 0xcc, 0xa1, 0x1c, 0xe4,
    0xa1, 0x1c, 0xdc, 0x61, 0x1c, 0xca, 0x21, 0x1c, 0xc4, 0x81, 0x1d, 0xca, 0x61, 0x06, 0xd6, 0x90,
    0x43, 0x39, 0xc8, 0x43, 0x39, 0x98, 0x43, 0x39, 0xc8, 0x43, 0x39, 0xb8, 0xc3, 0x38, 0x94, 0x43,
    0x38, 0x88, 0x03, 0x3b, 0x94, 0xc3, 0x2f, 0xbc, 0x83, 0x3c, 0xfc, 0x82, 0x3b, 0xd4, 0x03, 0x3b,
    0xb0, 0xc3, 0x0c, 0xc4, 0x21, 0x07, 0x7c, 0x70, 0x03, 0x7a, 0x28, 0x87, 0x76, 0x80, 0x87, 0x19,
    0xd1, 0x43, 0x0e, 0xf8, 0xe0, 0x06, 0xe4, 0x20, 0x0e, 0xe7, 0xe0, 0x06, 0xf6, 0x10, 0x0e, 0xf2,
    0xc0, 0x0e, 0xe1, 0x90, 0x0f, 0xef, 0x50, 0x0f, 0xf4, 0x00, 0x00, 0x00, 0x71, 0x20, 0x00, 0x00,
    0x14, 0x00, 0x00, 0x00, 0x36, 0xb0, 0x0d, 0x97, 0xef, 0x3c, 0xbe, 0x10, 0x50, 0x45, 0x41, 0x44,
    0xa5, 0x03, 0x0c, 0x25, 0x61, 0x00, 0x02, 0xe6, 0x17, 0xb7, 0x6d, 0x04, 0xd2, 0x70, 0xf9, 0xce,
    0xe3, 0x0b, 0x11, 0x01, 0x4c, 0x44, 0x08, 0x34, 0xc3, 0x42, 0x58, 0xc0, 0x34, 0x5c, 0xbe, 0xf3,
    0xf8, 0x8b, 0x03, 0x0c, 0x62, 0xf3, 0x50, 0x93, 0x5f, 0xdc, 0xb6, 0x09, 0x54, 0xc3, 0xe5, 0x3b,
    0x8f, 0x2f, 0x4d, 0x4e, 0x44, 0xa0, 0xd4, 0xf4, 0x50, 0x93, 0x5f, 0xdc, 0xb6, 0x01, 0x10, 0x0c,
    0x80, 0x34, 0x00, 0x00, 0x61, 0x20, 0x00, 0x00, 0x2a, 0x00, 0x00, 0x00, 0x13, 0x04, 0x41, 0x2c,
    0x10, 0x00, 0x00, 0x00, 0x04, 0x00, 0x00, 0x00, 0x44, 0x0a, 0x61, 0x06, 0xa0, 0x14, 0x4a, 0xae,
    0xec, 0xa8, 0x94, 0x00, 0xbd, 0x11, 0x00, 0x00, 0x23, 0x06, 0x09, 0x00, 0x82, 0x60, 0x00, 0x61,
    0xc4, 0x62, 0x5d, 0xc1, 0x88, 0x41, 0x02, 0x80, 0x20, 0x18, 0x18, 0x1c, 0x32, 0x5d, 0xcd, 0x31,
    0x62, 0x90, 0x00, 0x20, 0x08, 0x06, 0x46, 0x97, 0x50, 0x18, 0x81, 0x8c, 0x18, 0x24, 0x00, 0x08,
    0x82, 0x81, 0xe1, 0x29, 0x55, 0xe6, 0x24, 0x23, 0x06, 0x09, 0x00, 0x82, 0x60, 0x60, 0x7c, 0x8b,
    0xa5, 0x49, 0xca, 0x88, 0xc1, 0x01, 0x80, 0x20, 0x18, 0x34, 0x1e, 0x52, 0x6c, 0xa3, 0x09, 0xc1,
    0x60, 0x81, 0x21, 0x1f, 0x13, 0x0c, 0xf9, 0xd8, 0x60, 0xc8, 0x67, 0xc4, 0x20, 0x01, 0x40, 0x10,
    0x0c, 0x10, 0x32, 0x78, 0xc0, 0x00, 0x0c, 0xac, 0x61, 0xc4, 0x20, 0x01, 0x40, 0x10, 0x0c, 0x10,
    0x32, 0x78, 0xc0, 0x00, 0x0c, 0x18, 0x61, 0xc4, 0x20, 0x01, 0x40, 0x10, 0x0c, 0x10, 0x32, 0x78,
    0xc0, 0x00, 0x0c, 0xaa, 0x60, 0xc4, 0x20, 0x01, 0x40, 0x10, 0x0c, 0x10, 0x32, 0x78, 0xc0, 0x00,
    0x0c, 0x30, 0x03, 0x01, 0x00, 0x00, 0x00, 0x00,
];

/// `D3D12_PixelShader_Colors_PQ`, from `D3D12_PixelShader_Colors_PQ.h`.
#[rustfmt::skip]
static D3D12_PIXEL_SHADER_COLORS_PQ: [u8; 4524] = [
    0x44, 0x58, 0x42, 0x43, 0x00, 0x25, 0xd4, 0xf2, 0x29, 0x8a, 0x3e, 0xc8, 0x34, 0x7e, 0x24, 0x22,
    0x10, 0x6f, 0xa1, 0x17, 0x01, 0x00, 0x00, 0x00, 0xac, 0x11, 0x00, 0x00, 0x08, 0x00, 0x00, 0x00,
    0x40, 0x00, 0x00, 0x00, 0x50, 0x00, 0x00, 0x00, 0xdc, 0x00, 0x00, 0x00, 0x18, 0x01, 0x00, 0x00,
    0x10, 0x02, 0x00, 0x00, 0x60, 0x02, 0x00, 0x00, 0xe0, 0x09, 0x00, 0x00, 0xfc, 0x09, 0x00, 0x00,
    0x53, 0x46, 0x49, 0x30, 0x08, 0x00, 0x00, 0x00, 0x00, 0x00, 0x00, 0x00, 0x00, 0x00, 0x00, 0x00,
    0x49, 0x53, 0x47, 0x31, 0x84, 0x00, 0x00, 0x00, 0x03, 0x00, 0x00, 0x00, 0x08, 0x00, 0x00, 0x00,
    0x00, 0x00, 0x00, 0x00, 0x68, 0x00, 0x00, 0x00, 0x00, 0x00, 0x00, 0x00, 0x01, 0x00, 0x00, 0x00,
    0x03, 0x00, 0x00, 0x00, 0x00, 0x00, 0x00, 0x00, 0x0f, 0x00, 0x00, 0x00, 0x00, 0x00, 0x00, 0x00,
    0x00, 0x00, 0x00, 0x00, 0x74, 0x00, 0x00, 0x00, 0x00, 0x00, 0x00, 0x00, 0x00, 0x00, 0x00, 0x00,
    0x03, 0x00, 0x00, 0x00, 0x01, 0x00, 0x00, 0x00, 0x03, 0x00, 0x00, 0x00, 0x00, 0x00, 0x00, 0x00,
    0x00, 0x00, 0x00, 0x00, 0x7d, 0x00, 0x00, 0x00, 0x00, 0x00, 0x00, 0x00, 0x00, 0x00, 0x00, 0x00,
    0x03, 0x00, 0x00, 0x00, 0x02, 0x00, 0x00, 0x00, 0x0f, 0x0f, 0x00, 0x00, 0x00, 0x00, 0x00, 0x00,
    0x53, 0x56, 0x5f, 0x50, 0x6f, 0x73, 0x69, 0x74, 0x69, 0x6f, 0x6e, 0x00, 0x54, 0x45, 0x58, 0x43,
    0x4f, 0x4f, 0x52, 0x44, 0x00, 0x43, 0x4f, 0x4c, 0x4f, 0x52, 0x00, 0x00, 0x4f, 0x53, 0x47, 0x31,
    0x34, 0x00, 0x00, 0x00, 0x01, 0x00, 0x00, 0x00, 0x08, 0x00, 0x00, 0x00, 0x00, 0x00, 0x00, 0x00,
    0x28, 0x00, 0x00, 0x00, 0x00, 0x00, 0x00, 0x00, 0x40, 0x00, 0x00, 0x00, 0x03, 0x00, 0x00, 0x00,
    0x00, 0x00, 0x00, 0x00, 0x0f, 0x00, 0x00, 0x00, 0x00, 0x00, 0x00, 0x00, 0x53, 0x56, 0x5f, 0x54,
    0x61, 0x72, 0x67, 0x65, 0x74, 0x00, 0x00, 0x00, 0x50, 0x53, 0x56, 0x30, 0xf0, 0x00, 0x00, 0x00,
    0x34, 0x00, 0x00, 0x00, 0x00, 0x00, 0x00, 0x00, 0x00, 0x00, 0x00, 0x00, 0x00, 0x00, 0x00, 0x00,
    0x00, 0x00, 0x00, 0x00, 0x00, 0x00, 0x00, 0x00, 0xff, 0xff, 0xff, 0xff, 0x00, 0x00, 0x00, 0x00,
    0x03, 0x01, 0x00, 0x03, 0x01, 0x00, 0x00, 0x00, 0x00, 0x00, 0x00, 0x00, 0x00, 0x00, 0x00, 0x00,
    0x00, 0x00, 0x00, 0x00, 0x10, 0x00, 0x00, 0x00, 0x01, 0x00, 0x00, 0x00, 0x18, 0x00, 0x00, 0x00,
    0x02, 0x00, 0x00, 0x00, 0x00, 0x00, 0x00, 0x00, 0x01, 0x00, 0x00, 0x00, 0x01, 0x00, 0x00, 0x00,
    0x0d, 0x00, 0x00, 0x00, 0x00, 0x00, 0x00, 0x00, 0x18, 0x00, 0x00, 0x00, 0x00, 0x54, 0x45, 0x58,
    0x43, 0x4f, 0x4f, 0x52, 0x44, 0x00, 0x43, 0x4f, 0x4c, 0x4f, 0x52, 0x00, 0x6d, 0x61, 0x69, 0x6e,
    0x00, 0x00, 0x00, 0x00, 0x01, 0x00, 0x00, 0x00, 0x00, 0x00, 0x00, 0x00, 0x10, 0x00, 0x00, 0x00,
    0x00, 0x00, 0x00, 0x00, 0x00, 0x00, 0x00, 0x00, 0x01, 0x00, 0x44, 0x03, 0x03, 0x04, 0x00, 0x00,
    0x01, 0x00, 0x00, 0x00, 0x00, 0x00, 0x00, 0x00, 0x01, 0x01, 0x42, 0x00, 0x03, 0x02, 0x00, 0x00,
    0x0a, 0x00, 0x00, 0x00, 0x00, 0x00, 0x00, 0x00, 0x01, 0x02, 0x44, 0x00, 0x03, 0x02, 0x00, 0x00,
    0x00, 0x00, 0x00, 0x00, 0x00, 0x00, 0x00, 0x00, 0x01, 0x00, 0x44, 0x10, 0x03, 0x00, 0x00, 0x00,
    0x00, 0x00, 0x00, 0x00, 0x00, 0x00, 0x00, 0x00, 0x00, 0x00, 0x00, 0x00, 0x00, 0x00, 0x00, 0x00,
    0x00, 0x00, 0x00, 0x00, 0x00, 0x00, 0x00, 0x00, 0x00, 0x00, 0x00, 0x00, 0x00, 0x00, 0x00, 0x00,
    0x01, 0x00, 0x00, 0x00, 0x02, 0x00, 0x00, 0x00, 0x04, 0x00, 0x00, 0x00, 0x08, 0x00, 0x00, 0x00,
    0x52, 0x54, 0x53, 0x30, 0x48, 0x00, 0x00, 0x00, 0x02, 0x00, 0x00, 0x00, 0x02, 0x00, 0x00, 0x00,
    0x18, 0x00, 0x00, 0x00, 0x00, 0x00, 0x00, 0x00, 0x48, 0x00, 0x00, 0x00, 0x1d, 0x00, 0x00, 0x00,
    0x01, 0x00, 0x00, 0x00, 0x00, 0x00, 0x00, 0x00, 0x30, 0x00, 0x00, 0x00, 0x01, 0x00, 0x00, 0x00,
    0x00, 0x00, 0x00, 0x00, 0x3c, 0x00, 0x00, 0x00, 0x00, 0x00, 0x00, 0x00, 0x00, 0x00, 0x00, 0x00,
    0x10, 0x00, 0x00, 0x00, 0x01, 0x00, 0x00, 0x00, 0x00, 0x00, 0x00, 0x00, 0x1c, 0x00, 0x00, 0x00,
    0x53, 0x54, 0x41, 0x54, 0x78, 0x07, 0x00, 0x00, 0x60, 0x00, 0x00, 0x00, 0xde, 0x01, 0x00, 0x00,
    0x44, 0x58, 0x49, 0x4c, 0x00, 0x01, 0x00, 0x00, 0x10, 0x00, 0x00, 0x00, 0x60, 0x07, 0x00, 0x00,
    0x42, 0x43, 0xc0, 0xde, 0x21, 0x0c, 0x00, 0x00, 0xd5, 0x01, 0x00, 0x00, 0x0b, 0x82, 0x20, 0x00,
    0x02, 0x00, 0x00, 0x00, 0x13, 0x00, 0x00, 0x00, 0x07, 0x81, 0x23, 0x91, 0x41, 0xc8, 0x04, 0x49,
    0x06, 0x10, 0x32, 0x39, 0x92, 0x01, 0x84, 0x0c, 0x25, 0x05, 0x08, 0x19, 0x1e, 0x04, 0x8b, 0x62,
    0x80, 0x14, 0x45, 0x02, 0x42, 0x92, 0x0b, 0x42, 0xa4, 0x10, 0x32, 0x14, 0x38, 0x08, 0x18, 0x4b,
    0x0a, 0x32, 0x52, 0x88, 0x48, 0x90, 0x14, 0x20, 0x43, 0x46, 0x88, 0xa5, 0x00, 0x19, 0x32, 0x42,
    0xe4, 0x48, 0x0e, 0x90, 0x91, 0x22, 0xc4, 0x50, 0x41, 0x51, 0x81, 0x8c, 0xe1, 0x83, 0xe5, 0x8a,
    0x04, 0x29, 0x46, 0x06, 0x51, 0x18, 0x00, 0x00, 0x08, 0x00, 0x00, 0x00, 0x1b, 0x8c, 0xe0, 0xff,
    0xff, 0xff, 0xff, 0x07, 0x40, 0x02, 0xa8, 0x0d, 0x84, 0xf0, 0xff, 0xff, 0xff, 0xff, 0x03, 0x20,
    0x6d, 0x30, 0x86, 0xff, 0xff, 0xff, 0xff, 0x1f, 0x00, 0x09, 0xa8, 0x00, 0x49, 0x18, 0x00, 0x00,
    0x03, 0x00, 0x00, 0x00, 0x13, 0x82, 0x60, 0x42, 0x20, 0x4c, 0x08, 0x06, 0x00, 0x00, 0x00, 0x00,
    0x89, 0x20, 0x00, 0x00, 0x23, 0x00, 0x00, 0x00, 0x32, 0x22, 0x48, 0x09, 0x20, 0x64, 0x85, 0x04,
    0x93, 0x22, 0xa4, 0x84, 0x04, 0x93, 0x22, 0xe3, 0x84, 0xa1, 0x90, 0x14, 0x12, 0x4c, 0x8a, 0x8c,
    0x0b, 0x84, 0xa4, 0x4c, 0x10, 0x64, 0x23, 0x00, 0x25, 0x00, 0x14, 0x66, 0x00, 0xe6, 0x08, 0xc0,
    0x60, 0x8e, 0x00, 0x29, 0xc6, 0x20, 0x84, 0x14, 0x42, 0xa6, 0x18, 0x80, 0x10, 0x52, 0x06, 0xa1,
    0x32, 0x0c, 0x32, 0x48, 0x1d, 0x35, 0x5c, 0xfe, 0x84, 0x3d, 0x84, 0xe4, 0x73, 0x1b, 0x55, 0xac,
    0xc4, 0xe4, 0x17, 0xb7, 0x8d, 0x88, 0x31, 0xc6, 0xa0, 0x72, 0xcf, 0x70, 0xf9, 0x13, 0xf6, 0x10,
    0x92, 0x1f, 0x02, 0xcd, 0xb0, 0x10, 0x28, 0x68, 0x85, 0x60, 0xc4, 0x11, 0x7a, 0x73, 0x04, 0x41,
    0x31, 0x1c, 0x29, 0x84, 0x44, 0x92, 0x03, 0x01, 0xc3, 0x08, 0xc4, 0x70, 0x09, 0xe7, 0x34, 0xd2,
    0x04, 0x34, 0x93, 0x84, 0x9a, 0x31, 0xc6, 0xa8, 0x63, 0x8c, 0x51, 0x6b, 0xad, 0x64, 0xd3, 0x81,
    0x00, 0x00, 0x00, 0x00, 0x13, 0x14, 0x72, 0xc0, 0x87, 0x74, 0x60, 0x87, 0x36, 0x68, 0x87, 0x79,
    0x68, 0x03, 0x72, 0xc0, 0x87, 0x0d, 0xaf, 0x50, 0x0e, 0x6d, 0xd0, 0x0e, 0x7a, 0x50, 0x0e, 0x6d,
    0x00, 0x0f, 0x7a, 0x30, 0x07, 0x72, 0xa0, 0x07, 0x73, 0x20, 0x07, 0x6d, 0x90, 0x0e, 0x71, 0xa0,
    0x07, 0x73, 0x20, 0x07, 0x6d, 0x90, 0x0e, 0x78, 0xa0, 0x07, 0x73, 0x20, 0x07, 0x6d, 0x90, 0x0e,
    0x71, 0x60, 0x07, 0x7a, 0x30, 0x07, 0x72, 0xd0, 0x06, 0xe9, 0x30, 0x07, 0x72, 0xa0, 0x07, 0x73,
    0x20, 0x07, 0x6d, 0x90, 0x0e, 0x76, 0x40, 0x07, 0x7a, 0x60, 0x07, 0x74, 0xd0, 0x06, 0xe6, 0x10,
    0x07, 0x76, 0xa0, 0x07, 0x73, 0x20, 0x07, 0x6d, 0x60, 0x0e, 0x73, 0x20, 0x07, 0x7a, 0x30, 0x07,
    0x72, 0xd0, 0x06, 0xe6, 0x60, 0x07, 0x74, 0xa0, 0x07, 0x76, 0x40, 0x07, 0x6d, 0xe0, 0x0e, 0x78,
    0xa0, 0x07, 0x71, 0x60, 0x07, 0x7a, 0x30, 0x07, 0x72, 0xa0, 0x07, 0x76, 0x40, 0x07, 0x43, 0x9e,
    0x00, 0x08, 0x00, 0x00, 0x00, 0x00, 0x00, 0x00, 0x00, 0x00, 0x00, 0x86, 0x3c, 0x06, 0x10, 0x00,
    0x01, 0x00, 0x00, 0x00, 0x00, 0x00, 0x00, 0x00, 0x0c, 0x79, 0x10, 0x20, 0x00, 0x04, 0x00, 0x00,
    0x00, 0x00, 0x00, 0x00, 0x00, 0x18, 0xf2, 0x28, 0x40, 0x00, 0x04, 0x00, 0x00, 0x00, 0x00, 0x00,
    0x00, 0x00, 0x30, 0xe4, 0x79, 0x80, 0x00, 0x18, 0x00, 0x00, 0x00, 0x00, 0x00, 0x00, 0x00, 0x60,
    0xc8, 0x23, 0x01, 0x01, 0x30, 0x00, 0x00, 0x00, 0x00, 0x00, 0x00, 0x00, 0x40, 0x16, 0x08, 0x00,
    0x17, 0x00, 0x00, 0x00, 0x32, 0x1e, 0x98, 0x18, 0x19, 0x11, 0x4c, 0x90, 0x8c, 0x09, 0x26, 0x47,
    0xc6, 0x04, 0x43, 0x22, 0x25, 0x30, 0x02, 0x50, 0x0c, 0x05, 0x1e, 0x50, 0x06, 0xe5, 0x50, 0x12,
    0x85, 0x50, 0x10, 0x85, 0x51, 0x20, 0xa5, 0x51, 0x40, 0x85, 0x54, 0x50, 0x85, 0x55, 0x60, 0x05,
    0x18, 0x50, 0xa0, 0x01, 0x05, 0x1c, 0x50, 0x04, 0xe5, 0x51, 0x5c, 0x45, 0x47, 0xa5, 0x24, 0xca,
    0xa0, 0x10, 0x46, 0x00, 0x8a, 0xa0, 0x40, 0x28, 0xd6, 0x00, 0xd9, 0x19, 0x00, 0xba, 0x33, 0x00,
    0x84, 0xc7, 0x72, 0x18, 0x02, 0x00, 0x00, 0x00, 0x00, 0x00, 0x20, 0x10, 0x08, 0x04, 0x00, 0x00,
    0x79, 0x18, 0x00, 0x00, 0xd2, 0x00, 0x00, 0x00, 0x1a, 0x03, 0x4c, 0x90, 0x46, 0x02, 0x13, 0x44,
    0x8f, 0x0c, 0x6f, 0xec, 0xed, 0x4d, 0x0c, 0x24, 0xc6, 0x05, 0xc7, 0x45, 0xa6, 0x06, 0x46, 0xc6,
    0x25, 0x26, 0x06, 0x04, 0x45, 0x66, 0x26, 0x27, 0x47, 0x26, 0xa6, 0x46, 0x46, 0x26, 0x65, 0x43,
    0x10, 0x4c, 0x10, 0x08, 0x63, 0x82, 0x40, 0x1c, 0x1b, 0x84, 0x81, 0xd8, 0x20, 0x10, 0x04, 0x05,
    0xb8, 0xb9, 0x09, 0x02, 0x81, 0x6c, 0x18, 0x0e, 0x84, 0x98, 0x20, 0x5c, 0x66, 0xc0, 0x64, 0xe8,
    0xcd, 0x6d, 0x8e, 0x2e, 0xcc, 0x8d, 0x6e, 0x6e, 0x82, 0x40, 0x24, 0x1b, 0x10, 0x42, 0x59, 0x88,
    0x61, 0x60, 0x80, 0x0d, 0x41, 0xb3, 0x81, 0x00, 0x00, 0x07, 0x98, 0x20, 0x58, 0x65, 0x40, 0x66,
    0x6e, 0x4c, 0xea, 0x48, 0xe8, 0xeb, 0xad, 0x8e, 0x0e, 0xae, 0x8e, 0x6e, 0x82, 0x40, 0x28, 0x13,
    0x04, 0x62, 0x99, 0x20, 0x10, 0xcc, 0x06, 0x03, 0x89, 0x24, 0x62, 0xa2, 0xc8, 0xd0, 0x95, 0xe1,
    0xd1, 0xd5, 0xc9, 0x95, 0x7d, 0xd1, 0xe5, 0xc1, 0x95, 0x4d, 0x10, 0x88, 0x66, 0x83, 0x81, 0x58,
    0xd2, 0x35, 0x51, 0x54, 0xd2, 0xdc, 0xe0, 0xea, 0xe8, 0xbe, 0xe8, 0xf2, 0xe0, 0xca, 0x26, 0x08,
    0x84, 0xb3, 0xc1, 0x40, 0x32, 0x49, 0x9b, 0x28, 0x2e, 0x63, 0x6f, 0x6c, 0x6f, 0x72, 0x5f, 0x73,
    0x63, 0x61, 0x6c, 0x65, 0x13, 0x04, 0xe2, 0x99, 0x20, 0x44, 0x64, 0xb0, 0x01, 0x41, 0x38, 0xa9,
    0x9b, 0x28, 0xca, 0xa3, 0x42, 0x57, 0x86, 0x57, 0xc6, 0xf6, 0x35, 0x97, 0xa6, 0x57, 0x36, 0x41,
    0x20, 0xa0, 0x09, 0x02, 0x11, 0x6d, 0x40, 0x10, 0x30, 0x90, 0xc2, 0x60, 0xa2, 0xc4, 0xe0, 0xa2,
    0x43, 0xf7, 0xe6, 0x56, 0xd6, 0x16, 0x06, 0xf7, 0xd5, 0x56, 0x46, 0x87, 0xf6, 0x46, 0x36, 0x41,
    0x20, 0xa4, 0x0d, 0x06, 0x42, 0x06, 0x52, 0x19, 0x4c, 0x14, 0x1f, 0xba, 0x37, 0xb7, 0xb2, 0xb6,
    0x30, 0xb8, 0x2f, 0xb3, 0xb0, 0x31, 0xba, 0x37, 0xb9, 0x98, 0x09, 0x02, 0x31, 0x6d, 0x30, 0x90,
    0x33, 0x90, 0xd0, 0x60, 0xa2, 0xf8, 0xd0, 0xbd, 0xb9, 0x95, 0xb5, 0x85, 0xc1, 0x7d, 0x99, 0x85,
    0x8d, 0xd1, 0xbd, 0xc9, 0xc9, 0x4c, 0x10, 0x08, 0x6a, 0x83, 0x81, 0xa8, 0x81, 0xb4, 0x06, 0x13,
    0xc5, 0x67, 0x8e, 0x4c, 0xee, 0xeb, 0x0e, 0x2d, 0x8d, 0xae, 0xec, 0x0b, 0xee, 0x2d, 0xcd, 0x8d,
    0x6e, 0x82, 0x40, 0x54, 0x1b, 0x0c, 0xa4, 0x0d, 0x24, 0x37, 0x98, 0x28, 0x1e, 0x59, 0x6f, 0x66,
    0x66, 0x73, 0x65, 0x74, 0x13, 0x04, 0xc2, 0xda, 0x80, 0x20, 0x70, 0x20, 0xc5, 0xc1, 0x44, 0x89,
    0xc1, 0x45, 0x43, 0x6a, 0xec, 0xad, 0xcc, 0xcc, 0x6c, 0x82, 0x40, 0x5c, 0x1b, 0x10, 0x64, 0x0e,
    0x24, 0x3a, 0x98, 0x28, 0x31, 0xb8, 0x68, 0x1c, 0x8d, 0xbd, 0x95, 0x99, 0x99, 0x4d, 0x10, 0x08,
    0x6c, 0x03, 0x82, 0xd8, 0x81, 0x74, 0x07, 0x13, 0x25, 0x06, 0x17, 0x0d, 0xa1, 0xb1, 0xb7, 0x32,
    0x33, 0xb3, 0x09, 0x02, 0x91, 0x6d, 0x40, 0x90, 0x3c, 0x90, 0xf4, 0x60, 0xa2, 0xc4, 0xe0, 0xda,
    0xe0, 0x30, 0x15, 0xb6, 0x7d, 0x63, 0x60, 0x06, 0x69, 0xc0, 0x06, 0x6f, 0x20, 0x07, 0x75, 0x80,
    0x07, 0x7b, 0xb0, 0x61, 0x20, 0x20, 0x3e, 0x98, 0x20, 0x08, 0xc0, 0x06, 0x60, 0xc3, 0x40, 0xfc,
    0xc1, 0x1f, 0x6c, 0x08, 0x40, 0x61, 0xc3, 0x30, 0xf8, 0x41, 0x28, 0x4c, 0x10, 0xb0, 0x33, 0xd8,
    0x10, 0x8c, 0x02, 0x89, 0xb6, 0xb0, 0x34, 0x37, 0x2e, 0x53, 0x56, 0x5f, 0x50, 0x6f, 0x73, 0x69,
    0x74, 0x69, 0x6f, 0x6e, 0x13, 0x84, 0xc2, 0x9b, 0x20, 0x14, 0xdf, 0x86, 0x80, 0x98, 0x20, 0x14,
    0x60, 0x30, 0x41, 0x28, 0xc2, 0x60, 0xc3, 0x42, 0x98, 0xc2, 0x29, 0xa0, 0x42, 0x2a, 0xa8, 0xc2,
    0xa0, 0x0a, 0xc4, 0x2a, 0x00, 0x44, 0xa8, 0x8a, 0xb0, 0x86, 0x9e, 0x9e, 0xa4, 0x88, 0x26, 0x08,
    0x85, 0x18, 0x6c, 0x58, 0x86, 0x56, 0x38, 0x85, 0x55, 0x48, 0x05, 0x57, 0x18, 0x5c, 0x61, 0x58,
    0x05, 0x60, 0x82, 0x40, 0x68, 0x2c, 0x86, 0x9e, 0x98, 0x9e, 0xa4, 0x26, 0x08, 0xc4, 0xb6, 0x41,
    0x90, 0x64, 0x61, 0xc3, 0x02, 0x0b, 0xb1, 0x70, 0x0a, 0xab, 0x90, 0x0a, 0xae, 0x30, 0xa8, 0x02,
    0x2c, 0xac, 0xc2, 0x2c, 0x6c, 0x18, 0x58, 0xe1, 0x15, 0x68, 0x81, 0xc9, 0x94, 0xd5, 0x17, 0x55,
    0x98, 0xdc, 0x59, 0x19, 0xdd, 0x04, 0xa1, 0x18, 0x83, 0x0d, 0x0b, 0x61, 0x0b, 0xa7, 0x70, 0x0b,
    0xa9, 0xb0, 0x0a, 0x83, 0x2a, 0x10, 0xab, 0x30, 0x0b, 0x1b, 0x02, 0x5c, 0xd8, 0x30, 0xd4, 0x42,
    0x2e, 0x00, 0x1b, 0x0a, 0x3f, 0x28, 0x05, 0x5d, 0x78, 0x00, 0x1a, 0x66, 0x6c, 0x6f, 0x61, 0x74,
    0x73, 0x13, 0x04, 0x82, 0x63, 0x91, 0xe6, 0x36, 0x47, 0x37, 0x37, 0x41, 0x20, 0x3a, 0x1a, 0x73,
    0x69, 0x67, 0x5f, 0x6c, 0x64, 0x34, 0xe6, 0xd2, 0xce, 0xbe, 0xe6, 0xe8, 0x36, 0x20, 0xbc, 0xd0,
    0x0b, 0xbe, 0xf0, 0x0b, 0xe0, 0x70, 0x85, 0xc3, 0x55, 0x85, 0x8d, 0xcd, 0xae, 0xcd, 0x25, 0x8d,
    0xac, 0xcc, 0x8d, 0x6e, 0x4a, 0x10, 0x54, 0x21, 0xc3, 0x73, 0xb1, 0x2b, 0x93, 0x9b, 0x4b, 0x7b,
    0x73, 0x9b, 0x12, 0x10, 0x4d, 0xc8, 0xf0, 0x5c, 0xec, 0xc2, 0xd8, 0xec, 0xca, 0xe4, 0xa6, 0x04,
    0x45, 0x1d, 0x32, 0x3c, 0x97, 0x39, 0xb4, 0x30, 0xb2, 0x32, 0xb9, 0xa6, 0x37, 0xb2, 0x32, 0xb6,
    0x29, 0x01, 0x52, 0x86, 0x0c, 0xcf, 0x45, 0xae, 0x6c, 0xee, 0xad, 0x4e, 0x6e, 0xac, 0x6c, 0x6e,
    0x4a, 0xe0, 0x54, 0x22, 0xc3, 0x73, 0xa1, 0xcb, 0x83, 0x2b, 0x0b, 0x72, 0x73, 0x7b, 0xa3, 0x0b,
    0xa3, 0x4b, 0x7b, 0x73, 0x9b, 0x9b, 0x22, 0xf0, 0x41, 0x28, 0xd4, 0x21, 0xc3, 0x73, 0xb1, 0x4b,
    0x2b, 0xbb, 0x4b, 0x22, 0x9b, 0xa2, 0x0b, 0xa3, 0x2b, 0x9b, 0x12, 0x8c, 0x42, 0x1d, 0x32, 0x3c,
    0x97, 0x32, 0x37, 0x3a, 0xb9, 0x3c, 0xa8, 0xb7, 0x34, 0x37, 0xba, 0xb9, 0x29, 0x81, 0x2e, 0x74,
    0x21, 0xc3, 0x73, 0x19, 0x7b, 0xab, 0x73, 0xa3, 0x2b, 0x93, 0x9b, 0x9b, 0x12, 0x84, 0x03, 0x00,
    0x79, 0x18, 0x00, 0x00, 0x4c, 0x00, 0x00, 0x00, 0x33, 0x08, 0x80, 0x1c, 0xc4, 0xe1, 0x1c, 0x66,
    0x14, 0x01, 0x3d, 0x88, 0x43, 0x38, 0x84, 0xc3, 0x8c, 0x42, 0x80, 0x07, 0x79, 0x78, 0x07, 0x73,
    0x98, 0x71, 0x0c, 0xe6, 0x00, 0x0f, 0xed, 0x10, 0x0e, 0xf4, 0x80, 0x0e, 0x33, 0x0c, 0x42, 0x1e,
    0xc2, 0xc1, 0x1d, 0xce, 0xa1, 0x1c, 0x66, 0x30, 0x05, 0x3d, 0x88, 0x43, 0x38, 0x84, 0x83, 0x1b,
    0xcc, 0x03, 0x3d, 0xc8, 0x43, 0x3d, 0x8c, 0x03, 0x3d, 0xcc, 0x78, 0x8c, 0x74, 0x70, 0x07, 0x7b,
    0x08, 0x07, 0x79, 0x48, 0x87, 0x70, 0x70, 0x07, 0x7a, 0x70, 0x03, 0x76, 0x78, 0x87, 0x70, 0x20,
    0x87, 0x19, 0xcc, 0x11, 0x0e, 0xec, 0x90, 0x0e, 0xe1, 0x30, 0x0f, 0x6e, 0x30, 0x0f, 0xe3, 0xf0,
    0x0e, 0xf0, 0x50, 0x0e, 0x33, 0x10, 0xc4, 0x1d, 0xde, 0x21, 0x1c, 0xd8, 0x21, 0x1d, 0xc2, 0x61,
    0x1e, 0x66, 0x30, 0x89, 0x3b, 0xbc, 0x83, 0x3b, 0xd0, 0x43, 0x39, 0xb4, 0x03, 0x3c, 0xbc, 0x83,
    0x3c, 0x84, 0x03, 0x3b, 0xcc, 0xf0, 0x14, 0x76, 0x60, 0x07, 0x7b, 0x68, 0x07, 0x37, 0x68, 0x87,
    0x72, 0x68, 0x07, 0x37, 0x80, 0x87, 0x70, 0x90, 0x87, 0x70, 0x60, 0x07, 0x76, 0x28, 0x07, 0x76,
    0xf8, 0x05, 0x76, 0x78, 0x87, 0x77, 0x80, 0x87, 0x5f, 0x08, 0x87, 0x71, 0x18, 0x87, 0x72, 0x98,
    0x87, 0x79, 0x98, 0x81, 0x2c, 0xee, 0xf0, 0x0e, 0xee, 0xe0, 0x0e, 0xf5, 0xc0, 0x0e, 0xec, 0x30,
    0x03, 0x62, 0xc8, 0xa1, 0x1c, 0xe4, 0xa1, 0x1c, 0xcc, 0xa1, 0x1c, 0xe4, 0xa1, 0x1c, 0xdc, 0x61,
    0x1c, 0xca, 0x21, 0x1c, 0xc4, 0x81, 0x1d, 0xca, 0x61, 0x06, 0xd6, 0x90, 0x43, 0x39, 0xc8, 0x43,
    0x39, 0x98, 0x43, 0x39, 0xc8, 0x43, 0x39, 0xb8, 0xc3, 0x38, 0x94, 0x43, 0x38, 0x88, 0x03, 0x3b,
    0x94, 0xc3, 0x2f, 0xbc, 0x83, 0x3c, 0xfc, 0x82, 0x3b, 0xd4, 0x03, 0x3b, 0xb0, 0xc3, 0x0c, 0xc4,
    0x21, 0x07, 0x7c, 0x70, 0x03, 0x7a, 0x28, 0x87, 0x76, 0x80, 0x87, 0x19, 0xd1, 0x43, 0x0e, 0xf8,
    0xe0, 0x06, 0xe4, 0x20, 0x0e, 0xe7, 0xe0, 0x06, 0xf6, 0x10, 0x0e, 0xf2, 0xc0, 0x0e, 0xe1, 0x90,
    0x0f, 0xef, 0x50, 0x0f, 0xf4, 0x00, 0x00, 0x00, 0x71, 0x20, 0x00, 0x00, 0x17, 0x00, 0x00, 0x00,
    0x46, 0xb0, 0x0d, 0x97, 0xef, 0x3c, 0xbe, 0x10, 0x50, 0x45, 0x41, 0x44, 0xa5, 0x03, 0x0c, 0x25,
    0x61, 0x00, 0x02, 0xe6, 0x17, 0xb7, 0x6d, 0x05, 0xd2, 0x70, 0xf9, 0xce, 0xe3, 0x0b, 0x11, 0x01,
    0x4c, 0x44, 0x08, 0x34, 0xc3, 0x42, 0x58, 0xc0, 0x34, 0x5c, 0xbe, 0xf3, 0xf8, 0x8b, 0x03, 0x0c,
    0x62, 0xf3, 0x50, 0x93, 0x5f, 0xdc, 0xb6, 0x09, 0x54, 0xc3, 0xe5, 0x3b, 0x8f, 0x2f, 0x4d, 0x4e,
    0x44, 0xa0, 0xd4, 0xf4, 0x50, 0x93, 0x5f, 0xdc, 0xb6, 0x0d, 0x3c, 0xc3, 0xe5, 0x3b, 0x8f, 0x4f,
    0x35, 0x40, 0x84, 0xf9, 0xc5, 0x6d, 0x1b, 0x00, 0xc1, 0x00, 0x48, 0x03, 0x00, 0x00, 0x00, 0x00,
    0x48, 0x41, 0x53, 0x48, 0x14, 0x00, 0x00, 0x00, 0x00, 0x00, 0x00, 0x00, 0x9e, 0x2f, 0xd0, 0x9d,
    0x9c, 0x3b, 0x67, 0x10, 0x20, 0xfd, 0x5a, 0x60, 0xc7, 0x2c, 0x9d, 0xb5, 0x44, 0x58, 0x49, 0x4c,
    0xa8, 0x07, 0x00, 0x00, 0x60, 0x00, 0x00, 0x00, 0xea, 0x01, 0x00, 0x00, 0x44, 0x58, 0x49, 0x4c,
    0x00, 0x01, 0x00, 0x00, 0x10, 0x00, 0x00, 0x00, 0x90, 0x07, 0x00, 0x00, 0x42, 0x43, 0xc0, 0xde,
    0x21, 0x0c, 0x00, 0x00, 0xe1, 0x01, 0x00, 0x00, 0x0b, 0x82, 0x20, 0x00, 0x02, 0x00, 0x00, 0x00,
    0x13, 0x00, 0x00, 0x00, 0x07, 0x81, 0x23, 0x91, 0x41, 0xc8, 0x04, 0x49, 0x06, 0x10, 0x32, 0x39,
    0x92, 0x01, 0x84, 0x0c, 0x25, 0x05, 0x08, 0x19, 0x1e, 0x04, 0x8b, 0x62, 0x80, 0x14, 0x45, 0x02,
    0x42, 0x92, 0x0b, 0x42, 0xa4, 0x10, 0x32, 0x14, 0x38, 0x08, 0x18, 0x4b, 0x0a, 0x32, 0x52, 0x88,
    0x48, 0x90, 0x14, 0x20, 0x43, 0x46, 0x88, 0xa5, 0x00, 0x19, 0x32, 0x42, 0xe4, 0x48, 0x0e, 0x90,
    0x91, 0x22, 0xc4, 0x50, 0x41, 0x51, 0x81, 0x8c, 0xe1, 0x83, 0xe5, 0x8a, 0x04, 0x29, 0x46, 0x06,
    0x51, 0x18, 0x00, 0x00, 0x08, 0x00, 0x00, 0x00, 0x1b, 0x8c, 0xe0, 0xff, 0xff, 0xff, 0xff, 0x07,
    0x40, 0x02, 0xa8, 0x0d, 0x84, 0xf0, 0xff, 0xff, 0xff, 0xff, 0x03, 0x20, 0x6d, 0x30, 0x86, 0xff,
    0xff, 0xff, 0xff, 0x1f, 0x00, 0x09, 0xa8, 0x00, 0x49, 0x18, 0x00, 0x00, 0x03, 0x00, 0x00, 0x00,
    0x13, 0x82, 0x60, 0x42, 0x20, 0x4c, 0x08, 0x06, 0x00, 0x00, 0x00, 0x00, 0x89, 0x20, 0x00, 0x00,
    0x23, 0x00, 0x00, 0x00, 0x32, 0x22, 0x48, 0x09, 0x20, 0x64, 0x85, 0x04, 0x93, 0x22, 0xa4, 0x84,
    0x04, 0x93, 0x22, 0xe3, 0x84, 0xa1, 0x90, 0x14, 0x12, 0x4c, 0x8a, 0x8c, 0x0b, 0x84, 0xa4, 0x4c,
    0x10, 0x64, 0x23, 0x00, 0x25, 0x00, 0x14, 0x66, 0x00, 0xe6, 0x08, 0xc0, 0x60, 0x8e, 0x00, 0x29,
    0xc6, 0x20, 0x84, 0x14, 0x42, 0xa6, 0x18, 0x80, 0x10, 0x52, 0x06, 0xa1, 0x32, 0x0c, 0x32, 0x48,
    0x1d, 0x35, 0x5c, 0xfe, 0x84, 0x3d, 0x84, 0xe4, 0x73, 0x1b, 0x55, 0xac, 0xc4, 0xe4, 0x17, 0xb7,
    0x8d, 0x88, 0x31, 0xc6, 0xa0, 0x72, 0xcf, 0x70, 0xf9, 0x13, 0xf6, 0x10, 0x92, 0x1f, 0x02, 0xcd,
    0xb0, 0x10, 0x28, 0x68, 0x85, 0x60, 0xc4, 0x11, 0x7a, 0x73, 0x04, 0x41, 0x31, 0x1c, 0x29, 0x84,
    0x44, 0x92, 0x03, 0x01, 0xc3, 0x08, 0xc4, 0x70, 0x09, 0xe7, 0x34, 0xd2, 0x04, 0x34, 0x93, 0x84,
    0x9a, 0x31, 0xc6, 0xa8, 0x63, 0x8c, 0x51, 0x6b, 0xad, 0x64, 0xd3, 0x81, 0x00, 0x00, 0x00, 0x00,
    0x13, 0x14, 0x72, 0xc0, 0x87, 0x74, 0x60, 0x87, 0x36, 0x68, 0x87, 0x79, 0x68, 0x03, 0x72, 0xc0,
    0x87, 0x0d, 0xaf, 0x50, 0x0e, 0x6d, 0xd0, 0x0e, 0x7a, 0x50, 0x0e, 0x6d, 0x00, 0x0f, 0x7a, 0x30,
    0x07, 0x72, 0xa0, 0x07, 0x73, 0x20, 0x07, 0x6d, 0x90, 0x0e, 0x71, 0xa0, 0x07, 0x73, 0x20, 0x07,
    0x6d, 0x90, 0x0e, 0x78, 0xa0, 0x07, 0x73, 0x20, 0x07, 0x6d, 0x90, 0x0e, 0x71, 0x60, 0x07, 0x7a,
    0x30, 0x07, 0x72, 0xd0, 0x06, 0xe9, 0x30, 0x07, 0x72, 0xa0, 0x07, 0x73, 0x20, 0x07, 0x6d, 0x90,
    0x0e, 0x76, 0x40, 0x07, 0x7a, 0x60, 0x07, 0x74, 0xd0, 0x06, 0xe6, 0x10, 0x07, 0x76, 0xa0, 0x07,
    0x73, 0x20, 0x07, 0x6d, 0x60, 0x0e, 0x73, 0x20, 0x07, 0x7a, 0x30, 0x07, 0x72, 0xd0, 0x06, 0xe6,
    0x60, 0x07, 0x74, 0xa0, 0x07, 0x76, 0x40, 0x07, 0x6d, 0xe0, 0x0e, 0x78, 0xa0, 0x07, 0x71, 0x60,
    0x07, 0x7a, 0x30, 0x07, 0x72, 0xa0, 0x07, 0x76, 0x40, 0x07, 0x43, 0x9e, 0x00, 0x00, 0x00, 0x00,
    0x00, 0x00, 0x00, 0x00, 0x00, 0x00, 0x00, 0x86, 0x3c, 0x06, 0x10, 0x00, 0x01, 0x00, 0x00, 0x00,
    0x00, 0x00, 0x00, 0x00, 0x0c, 0x79, 0x10, 0x20, 0x00, 0x04, 0x00, 0x00, 0x00, 0x00, 0x00, 0x00,
    0x00, 0x18, 0xf2, 0x28, 0x40, 0x00, 0x04, 0x00, 0x00, 0x00, 0x00, 0x00, 0x00, 0x00, 0x30, 0xe4,
    0x79, 0x80, 0x00, 0x18, 0x00, 0x00, 0x00, 0x00, 0x00, 0x00, 0x00, 0x60, 0xc8, 0x23, 0x01, 0x01,
    0x30, 0x00, 0x00, 0x00, 0x00, 0x00, 0x00, 0x00, 0x40, 0x16, 0x08, 0x00, 0x0f, 0x00, 0x00, 0x00,
    0x32, 0x1e, 0x98, 0x14, 0x19, 0x11, 0x4c, 0x90, 0x8c, 0x09, 0x26, 0x47, 0xc6, 0x04, 0x43, 0x22,
    0x25, 0x30, 0x02, 0x50, 0x10, 0xc5, 0x50, 0xe0, 0x01, 0x45, 0x50, 0x06, 0xe5, 0x41, 0xa5, 0x24,
    0xca, 0xa0, 0x10, 0x46, 0x00, 0x8a, 0xa0, 0x40, 0xe8, 0xce, 0x00, 0x10, 0x1e, 0xcb, 0x61, 0x08,
    0x00, 0x00, 0x00, 0x00, 0x00, 0x80, 0x40, 0x20, 0x10, 0x00, 0x00, 0x00, 0x79, 0x18, 0x00, 0x00,
    0x5a, 0x00, 0x00, 0x00, 0x1a, 0x03, 0x4c, 0x90, 0x46, 0x02, 0x13, 0x44, 0x8f, 0x0c, 0x6f, 0xec,
    0xed, 0x4d, 0x0c, 0x24, 0xc6, 0x05, 0xc7, 0x45, 0xa6, 0x06, 0x46, 0xc6, 0x25, 0x26, 0x06, 0x04,
    0x45, 0x66, 0x26, 0x27, 0x47, 0x26, 0xa6, 0x46, 0x46, 0x26, 0x65, 0x43, 0x10, 0x4c, 0x10, 0x08,
    0x63, 0x82, 0x40, 0x1c, 0x1b, 0x84, 0x81, 0x98, 0x20, 0x10, 0xc8, 0x06, 0x61, 0x30, 0x28, 0xc0,
    0xcd, 0x4d, 0x10, 0x88, 0x64, 0xc3, 0x80, 0x24, 0xc4, 0x04, 0xe1, 0xa2, 0x08, 0x4c, 0x10, 0x08,
    0x65, 0x03, 0x42, 0x2c, 0x0c, 0x31, 0x0c, 0x0d, 0xb0, 0x21, 0x70, 0x36, 0x10, 0x00, 0xf0, 0x00,
    0x13, 0x04, 0xac, 0xda, 0x10, 0x44, 0x13, 0x04, 0x01, 0x20, 0xd1, 0x16, 0x96, 0xe6, 0xc6, 0x65,
    0xca, 0xea, 0x0b, 0xea, 0x6d, 0x2e, 0x8d, 0x2e, 0xed, 0xcd, 0x6d, 0x82, 0x50, 0x38, 0x13, 0x84,
    0xe2, 0xd9, 0x10, 0x10, 0x13, 0x84, 0x02, 0x9a, 0x20, 0x14, 0xd1, 0x86, 0x85, 0xa8, 0xac, 0x0b,
    0xcb, 0x86, 0x8c, 0xd0, 0x00, 0x22, 0x54, 0x45, 0x58, 0x43, 0x4f, 0x4f, 0x52, 0x44, 0x13, 0x84,
    0x42, 0xda, 0xb0, 0x0c, 0x9c, 0xa5, 0x61, 0xdd, 0xd0, 0x0d, 0x1a, 0x30, 0x41, 0x20, 0x16, 0x16,
    0x43, 0x4f, 0x4c, 0x4f, 0x52, 0x13, 0x04, 0x82, 0x99, 0x20, 0x10, 0xcd, 0x06, 0x21, 0x0c, 0xc4,
    0x60, 0xc3, 0xf2, 0x81, 0x81, 0xa5, 0x61, 0xdd, 0x90, 0x7d, 0xda, 0x18, 0x6c, 0x18, 0x36, 0x8f,
    0x0c, 0x98, 0x4c, 0x59, 0x7d, 0x51, 0x85, 0xc9, 0x9d, 0x95, 0xd1, 0x4d, 0x10, 0x8a, 0x69, 0xc3,
    0x42, 0x98, 0x81, 0x75, 0x06, 0x98, 0x36, 0x64, 0x84, 0x36, 0x06, 0x1b, 0x02, 0x34, 0xd8, 0x30,
    0x94, 0x41, 0x1a, 0x00, 0x1b, 0x8a, 0x89, 0x52, 0x03, 0x08, 0xa8, 0xc2, 0xc6, 0x66, 0xd7, 0xe6,
    0x92, 0x46, 0x56, 0xe6, 0x46, 0x37, 0x25, 0x08, 0xaa, 0x90, 0xe1, 0xb9, 0xd8, 0x95, 0xc9, 0xcd,
    0xa5, 0xbd, 0xb9, 0x4d, 0x09, 0x88, 0x26, 0x64, 0x78, 0x2e, 0x76, 0x61, 0x6c, 0x76, 0x65, 0x72,
    0x53, 0x02, 0xa3, 0x0e, 0x19, 0x9e, 0xcb, 0x1c, 0x5a, 0x18, 0x59, 0x99, 0x5c, 0xd3, 0x1b, 0x59,
    0x19, 0xdb, 0x94, 0x20, 0x29, 0x43, 0x86, 0xe7, 0x22, 0x57, 0x36, 0xf7, 0x56, 0x27, 0x37, 0x56,
    0x36, 0x37, 0x25, 0x78, 0xea, 0x90, 0xe1, 0xb9, 0xd8, 0xa5, 0x95, 0xdd, 0x25, 0x91, 0x4d, 0xd1,
    0x85, 0xd1, 0x95, 0x4d, 0x09, 0xa2, 0x3a, 0x64, 0x78, 0x2e, 0x65, 0x6e, 0x74, 0x72, 0x79, 0x50,
    0x6f, 0x69, 0x6e, 0x74, 0x73, 0x53, 0x02, 0x35, 0x00, 0x00, 0x00, 0x00, 0x79, 0x18, 0x00, 0x00,
    0x4c, 0x00, 0x00, 0x00, 0x33, 0x08, 0x80, 0x1c, 0xc4, 0xe1, 0x1c, 0x66, 0x14, 0x01, 0x3d, 0x88,
    0x43, 0x38, 0x84, 0xc3, 0x8c, 0x42, 0x80, 0x07, 0x79, 0x78, 0x07, 0x73, 0x98, 0x71, 0x0c, 0xe6,
    0x00, 0x0f, 0xed, 0x10, 0x0e, 0xf4, 0x80, 0x0e, 0x33, 0x0c, 0x42, 0x1e, 0xc2, 0xc1, 0x1d, 0xce,
    0xa1, 0x1c, 0x66, 0x30, 0x05, 0x3d, 0x88, 0x43, 0x38, 0x84, 0x83, 0x1b, 0xcc, 0x03, 0x3d, 0xc8,
    0x43, 0x3d, 0x8c, 0x03, 0x3d, 0xcc, 0x78, 0x8c, 0x74, 0x70, 0x07, 0x7b, 0x08, 0x07, 0x79, 0x48,
    0x87, 0x70, 0x70, 0x07, 0x7a, 0x70, 0x03, 0x76, 0x78, 0x87, 0x70, 0x20, 0x87, 0x19, 0xcc, 0x11,
    0x0e, 0xec, 0x90, 0x0e, 0xe1, 0x30, 0x0f, 0x6e, 0x30, 0x0f, 0xe3, 0xf0, 0x0e, 0xf0, 0x50, 0x0e,
    0x33, 0x10, 0xc4, 0x1d, 0xde, 0x21, 0x1c, 0xd8, 0x21, 0x1d, 0xc2, 0x61, 0x1e, 0x66, 0x30, 0x89,
    0x3b, 0xbc, 0x83, 0x3b, 0xd0, 0x43, 0x39, 0xb4, 0x03, 0x3c, 0xbc, 0x83, 0x3c, 0x84, 0x03, 0x3b,
    0xcc, 0xf0, 0x14, 0x76, 0x60, 0x07, 0x7b, 0x68, 0x07, 0x37, 0x68, 0x87, 0x72, 0x68, 0x07, 0x37,
    0x80, 0x87, 0x70, 0x90, 0x87, 0x70, 0x60, 0x07, 0x76, 0x28, 0x07, 0x76, 0xf8, 0x05, 0x76, 0x78,
    0x87, 0x77, 0x80, 0x87, 0x5f, 0x08, 0x87, 0x71, 0x18, 0x87, 0x72, 0x98, 0x87, 0x79, 0x98, 0x81,
    0x2c, 0xee, 0xf0, 0x0e, 0xee, 0xe0, 0x0e, 0xf5, 0xc0, 0x0e, 0xec, 0x30, 0x03, 0x62, 0xc8, 0xa1,
    0x1c, 0xe4, 0xa1, 0x1c, 0xcc, 0xa1, 0x1c, 0xe4, 0xa1, 0x1c, 0xdc, 0x61, 0x1c, 0xca, 0x21, 0x1c,
    0xc4, 0x81, 0x1d, 0xca, 0x61, 0x06, 0xd6, 0x90, 0x43, 0x39, 0xc8, 0x43, 0x39, 0x98, 0x43, 0x39,
    0xc8, 0x43, 0x39, 0xb8, 0xc3, 0x38, 0x94, 0x43, 0x38, 0x88, 0x03, 0x3b, 0x94, 0xc3, 0x2f, 0xbc,
    0x83, 0x3c, 0xfc, 0x82, 0x3b, 0xd4, 0x03, 0x3b, 0xb0, 0xc3, 0x0c, 0xc4, 0x21, 0x07, 0x7c, 0x70,
    0x03, 0x7a, 0x28, 0x87, 0x76, 0x80, 0x87, 0x19, 0xd1, 0x43, 0x0e, 0xf8, 0xe0, 0x06, 0xe4, 0x20,
    0x0e, 0xe7, 0xe0, 0x06, 0xf6, 0x10, 0x0e, 0xf2, 0xc0, 0x0e, 0xe1, 0x90, 0x0f, 0xef, 0x50, 0x0f,
    0xf4, 0x00, 0x00, 0x00, 0x71, 0x20, 0x00, 0x00, 0x17, 0x00, 0x00, 0x00, 0x46, 0xb0, 0x0d, 0x97,
    0xef, 0x3c, 0xbe, 0x10, 0x50, 0x45, 0x41, 0x44, 0xa5, 0x03, 0x0c, 0x25, 0x61, 0x00, 0x02, 0xe6,
    0x17, 0xb7, 0x6d, 0x05, 0xd2, 0x70, 0xf9, 0xce, 0xe3, 0x0b, 0x11, 0x01, 0x4c, 0x44, 0x08, 0x34,
    0xc3, 0x42, 0x58, 0xc0, 0x34, 0x5c, 0xbe, 0xf3, 0xf8, 0x8b, 0x03, 0x0c, 0x62, 0xf3, 0x50, 0x93,
    0x5f, 0xdc, 0xb6, 0x09, 0x54, 0xc3, 0xe5, 0x3b, 0x8f, 0x2f, 0x4d, 0x4e, 0x44, 0xa0, 0xd4, 0xf4,
    0x50, 0x93, 0x5f, 0xdc, 0xb6, 0x0d, 0x3c, 0xc3, 0xe5, 0x3b, 0x8f, 0x4f, 0x35, 0x40, 0x84, 0xf9,
    0xc5, 0x6d, 0x1b, 0x00, 0xc1, 0x00, 0x48, 0x03, 0x61, 0x20, 0x00, 0x00, 0x8a, 0x00, 0x00, 0x00,
    0x13, 0x04, 0x41, 0x2c, 0x10, 0x00, 0x00, 0x00, 0x12, 0x00, 0x00, 0x00, 0x14, 0x47, 0x00, 0xa8,
    0x94, 0x00, 0x91, 0xb2, 0x2b, 0xb9, 0x72, 0x28, 0x85, 0x19, 0x80, 0x72, 0x29, 0x95, 0x42, 0xa0,
    0x31, 0x46, 0xf0, 0xce, 0xa4, 0x09, 0x7a, 0x63, 0x04, 0x20, 0xc8, 0xee, 0x69, 0x18, 0x8c, 0x11,
    0x80, 0x20, 0x08, 0xe2, 0xdf, 0x18, 0x01, 0x08, 0x82, 0x6b, 0x0e, 0x06, 0x63, 0x04, 0x20, 0x08,
    0xb2, 0xf5, 0x37, 0x46, 0x00, 0x82, 0x74, 0x9b, 0x83, 0xc1, 0x18, 0x01, 0x08, 0xa2, 0xa6, 0xf8,
    0x01, 0x00, 0x00, 0x00, 0x23, 0x06, 0x09, 0x00, 0x82, 0x60, 0x20, 0x89, 0x81, 0x53, 0x81, 0x41,
    0x18, 0x44, 0x23, 0x06, 0x09, 0x00, 0x82, 0x60, 0x60, 0x9c, 0x41, 0xd2, 0x85, 0xc1, 0xc5, 0x8c,
    0x18, 0x24, 0x00, 0x08, 0x82, 0x81, 0x81, 0x06, 0x8a, 0x27, 0x06, 0x52, 0x33, 0x62, 0x90, 0x00,
    0x20, 0x08, 0x06, 0x46, 0x1a, 0x2c, 0xdf, 0x18, 0x60, 0xce, 0x88, 0x41, 0x02, 0x80, 0x20, 0x18,
    0x18, 0x6a, 0xc0, 0x80, 0x01, 0x19, 0x70, 0xcf, 0x88, 0xc1, 0x01, 0x80, 0x20, 0x18, 0x3c, 0x68,
    0x40, 0x15, 0x65, 0x30, 0x9a, 0x10, 0x0c, 0x16, 0x38, 0xf2, 0xb1, 0xe0, 0x90, 0x8f, 0x09, 0x87,
    0x7c, 0x6c, 0x38, 0xe4, 0x33, 0x62, 0x60, 0x00, 0x20, 0x08, 0x06, 0xca, 0x1b, 0x60, 0xc3, 0x88,
    0x81, 0x01, 0x80, 0x20, 0x18, 0x28, 0x70, 0x90, 0x0d, 0x23, 0x06, 0x06, 0x00, 0x82, 0x60, 0xa0,
    0xc4, 0x81, 0x36, 0x8c, 0x18, 0x18, 0x00, 0x08, 0x82, 0x81, 0x22, 0x07, 0x6c, 0x30, 0x8c, 0x18,
    0x18, 0x00, 0x08, 0x82, 0x81, 0x32, 0x07, 0x6d, 0x30, 0x8c, 0x18, 0x18, 0x00, 0x08, 0x82, 0x81,
    0x42, 0x07, 0x6e, 0x30, 0x8c, 0x18, 0x18, 0x00, 0x08, 0x82, 0x81, 0x52, 0x07, 0xdb, 0x30, 0x62,
    0x60, 0x00, 0x20, 0x08, 0x06, 0x8a, 0x1d, 0x70, 0xc3, 0x88, 0x81, 0x01, 0x80, 0x20, 0x18, 0x28,
    0x77, 0xd0, 0x0d, 0x36, 0x54, 0xf2, 0xb1, 0xc1, 0x92, 0x8f, 0x0d, 0x97, 0x7c, 0x46, 0x0c, 0x0c,
    0x00, 0x04, 0xc1, 0x40, 0xd9, 0x03, 0x30, 0x18, 0x46, 0x0c, 0x0c, 0x00, 0x04, 0xc1, 0x40, 0xe1,
    0x83, 0x30, 0x18, 0x46, 0x0c, 0x0c, 0x00, 0x04, 0xc1, 0x40, 0xe9, 0x03, 0x31, 0x18, 0x6c, 0xe0,
    0xe4, 0x63, 0x43, 0x27, 0x1f, 0x1b, 0x3c, 0xf9, 0xd8, 0x00, 0x06, 0xf0, 0xb1, 0x21, 0x0c, 0xe0,
    0x63, 0x83, 0x18, 0xc0, 0xc7, 0x12, 0x32, 0x90, 0x8f, 0x25, 0x65, 0x20, 0x1f, 0x4b, 0xcc, 0x40,
    0x3e, 0x36, 0xa0, 0x01, 0x7c, 0x6c, 0x48, 0x03, 0xf8, 0xd8, 0xa0, 0x06, 0xf0, 0xb1, 0x64, 0xa0,
    0x8f, 0x25, 0x03, 0x7d, 0x2c, 0x19, 0xe8, 0x33, 0x62, 0x60, 0x00, 0x20, 0x08, 0x06, 0x4a, 0x2b,
    0x9c, 0xc2, 0x30, 0x62, 0x60, 0x00, 0x20, 0x08, 0x06, 0x8a, 0x2b, 0xa0, 0xc2, 0x30, 0x62, 0x60,
    0x00, 0x20, 0x08, 0x06, 0xca, 0x2b, 0xa4, 0xc2, 0x30, 0x62, 0x60, 0x00, 0x20, 0x08, 0x06, 0x0a,
    0x2c, 0xd8, 0xc1, 0x30, 0x62, 0x60, 0x00, 0x20, 0x08, 0x06, 0x4a, 0x2c, 0xdc, 0xc1, 0x30, 0x62,
    0x60, 0x00, 0x20, 0x08, 0x06, 0x8a, 0x2c, 0xe0, 0xc1, 0x60, 0x43, 0x1d, 0xc8, 0xc7, 0x06, 0x3b,
    0x90, 0x8f, 0x0d, 0x77, 0x20, 0x9f, 0x11, 0x03, 0x03, 0x00, 0x41, 0x30, 0x50, 0x6c, 0x61, 0x0f,
    0x86, 0x11, 0x03, 0x03, 0x00, 0x41, 0x30, 0x50, 0x6e, 0x81, 0x0f, 0x86, 0x11, 0x03, 0x03, 0x00,
    0x41, 0x30, 0x50, 0x70, 0xa1, 0x0f, 0x86, 0x11, 0x83, 0x04, 0x00, 0x41, 0x30, 0x40, 0x74, 0x21,
    0x14, 0x6a, 0xa1, 0x16, 0x56, 0x61, 0x18, 0x31, 0x48, 0x00, 0x10, 0x04, 0x03, 0x44, 0x17, 0x42,
    0xa1, 0x16, 0x6a, 0xa1, 0x14, 0x84, 0x11, 0x83, 0x04, 0x00, 0x41, 0x30, 0x40, 0x74, 0x21, 0x14,
    0x6a, 0xa1, 0x16, 0x54, 0x21, 0x18, 0x31, 0x48, 0x00, 0x10, 0x04, 0x03, 0x44, 0x17, 0x42, 0xa1,
    0x16, 0x6a, 0xa1, 0x15, 0xe2, 0x00, 0x01, 0x00, 0x00, 0x00, 0x00, 0x00,
];

/// `D3D12_PixelShader_Textures`, from `D3D12_PixelShader_Textures.h`.
#[rustfmt::skip]
static D3D12_PIXEL_SHADER_TEXTURES: [u8; 4880] = [
    0x44, 0x58, 0x42, 0x43, 0x03, 0x04, 0x9b, 0x50, 0xb9, 0x91, 0x64, 0xeb, 0x2e, 0xd7, 0x79, 0x48,
    0x63, 0x36, 0x7e, 0x46, 0x01, 0x00, 0x00, 0x00, 0x10, 0x13, 0x00, 0x00, 0x08, 0x00, 0x00, 0x00,
    0x40, 0x00, 0x00, 0x00, 0x50, 0x00, 0x00, 0x00, 0xdc, 0x00, 0x00, 0x00, 0x18, 0x01, 0x00, 0x00,
    0x40, 0x02, 0x00, 0x00, 0xe8, 0x02, 0x00, 0x00, 0x64, 0x0b, 0x00, 0x00, 0x80, 0x0b, 0x00, 0x00,
    0x53, 0x46, 0x49, 0x30, 0x08, 0x00, 0x00, 0x00, 0x00, 0x00, 0x00, 0x00, 0x00, 0x00, 0x00, 0x00,
    0x49, 0x53, 0x47, 0x31, 0x84, 0x00, 0x00, 0x00, 0x03, 0x00, 0x00, 0x00, 0x08, 0x00, 0x00, 0x00,
    0x00, 0x00, 0x00, 0x00, 0x68, 0x00, 0x00, 0x00, 0x00, 0x00, 0x00, 0x00, 0x01, 0x00, 0x00, 0x00,
    0x03, 0x00, 0x00, 0x00, 0x00, 0x00, 0x00, 0x00, 0x0f, 0x00, 0x00, 0x00, 0x00, 0x00, 0x00, 0x00,
    0x00, 0x00, 0x00, 0x00, 0x74, 0x00, 0x00, 0x00, 0x00, 0x00, 0x00, 0x00, 0x00, 0x00, 0x00, 0x00,
    0x03, 0x00, 0x00, 0x00, 0x01, 0x00, 0x00, 0x00, 0x03, 0x03, 0x00, 0x00, 0x00, 0x00, 0x00, 0x00,
    0x00, 0x00, 0x00, 0x00, 0x7d, 0x00, 0x00, 0x00, 0x00, 0x00, 0x00, 0x00, 0x00, 0x00, 0x00, 0x00,
    0x03, 0x00, 0x00, 0x00, 0x02, 0x00, 0x00, 0x00, 0x0f, 0x0f, 0x00, 0x00, 0x00, 0x00, 0x00, 0x00,
    0x53, 0x56, 0x5f, 0x50, 0x6f, 0x73, 0x69, 0x74, 0x69, 0x6f, 0x6e, 0x00, 0x54, 0x45, 0x58, 0x43,
    0x4f, 0x4f, 0x52, 0x44, 0x00, 0x43, 0x4f, 0x4c, 0x4f, 0x52, 0x00, 0x00, 0x4f, 0x53, 0x47, 0x31,
    0x34, 0x00, 0x00, 0x00, 0x01, 0x00, 0x00, 0x00, 0x08, 0x00, 0x00, 0x00, 0x00, 0x00, 0x00, 0x00,
    0x28, 0x00, 0x00, 0x00, 0x00, 0x00, 0x00, 0x00, 0x40, 0x00, 0x00, 0x00, 0x03, 0x00, 0x00, 0x00,
    0x00, 0x00, 0x00, 0x00, 0x0f, 0x00, 0x00, 0x00, 0x00, 0x00, 0x00, 0x00, 0x53, 0x56, 0x5f, 0x54,
    0x61, 0x72, 0x67, 0x65, 0x74, 0x00, 0x00, 0x00, 0x50, 0x53, 0x56, 0x30, 0x20, 0x01, 0x00, 0x00,
    0x34, 0x00, 0x00, 0x00, 0x00, 0x00, 0x00, 0x00, 0x00, 0x00, 0x00, 0x00, 0x00, 0x00, 0x00, 0x00,
    0x00, 0x00, 0x00, 0x00, 0x00, 0x00, 0x00, 0x00, 0xff, 0xff, 0xff, 0xff, 0x00, 0x00, 0x00, 0x00,
    0x03, 0x01, 0x00, 0x03, 0x01, 0x00, 0x00, 0x00, 0x00, 0x00, 0x00, 0x00, 0x00, 0x00, 0x00, 0x00,
    0x00, 0x00, 0x00, 0x00, 0x10, 0x00, 0x00, 0x00, 0x03, 0x00, 0x00, 0x00, 0x18, 0x00, 0x00, 0x00,
    0x02, 0x00, 0x00, 0x00, 0x00, 0x00, 0x00, 0x00, 0x01, 0x00, 0x00, 0x00, 0x01, 0x00, 0x00, 0x00,
    0x0d, 0x00, 0x00, 0x00, 0x00, 0x00, 0x00, 0x00, 0x01, 0x00, 0x00, 0x00, 0x00, 0x00, 0x00, 0x00,
    0x00, 0x00, 0x00, 0x00, 0x00, 0x00, 0x00, 0x00, 0x0e, 0x00, 0x00, 0x00, 0x00, 0x00, 0x00, 0x00,
    0x03, 0x00, 0x00, 0x00, 0x00, 0x00, 0x00, 0x00, 0x00, 0x00, 0x00, 0x00, 0x00, 0x00, 0x00, 0x00,
    0x02, 0x00, 0x00, 0x00, 0x00, 0x00, 0x00, 0x00, 0x18, 0x00, 0x00, 0x00, 0x00, 0x54, 0x45, 0x58,
    0x43, 0x4f, 0x4f, 0x52, 0x44, 0x00, 0x43, 0x4f, 0x4c, 0x4f, 0x52, 0x00, 0x6d, 0x61, 0x69, 0x6e,
    0x00, 0x00, 0x00, 0x00, 0x01, 0x00, 0x00, 0x00, 0x00, 0x00, 0x00, 0x00, 0x10, 0x00, 0x00, 0x00,
    0x00, 0x00, 0x00, 0x00, 0x00, 0x00, 0x00, 0x00, 0x01, 0x00, 0x44, 0x03, 0x03, 0x04, 0x00, 0x00,
    0x01, 0x00, 0x00, 0x00, 0x00, 0x00, 0x00, 0x00, 0x01, 0x01, 0x42, 0x00, 0x03, 0x02, 0x00, 0x00,
    0x0a, 0x00, 0x00, 0x00, 0x00, 0x00, 0x00, 0x00, 0x01, 0x02, 0x44, 0x00, 0x03, 0x02, 0x00, 0x00,
    0x00, 0x00, 0x00, 0x00, 0x00, 0x00, 0x00, 0x00, 0x01, 0x00, 0x44, 0x10, 0x03, 0x00, 0x00, 0x00,
    0x00, 0x00, 0x00, 0x00, 0x00, 0x00, 0x00, 0x00, 0x00, 0x00, 0x00, 0x00, 0x00, 0x00, 0x00, 0x00,
    0x0f, 0x00, 0x00, 0x00, 0x0f, 0x00, 0x00, 0x00, 0x00, 0x00, 0x00, 0x00, 0x00, 0x00, 0x00, 0x00,
    0x01, 0x00, 0x00, 0x00, 0x02, 0x00, 0x00, 0x00, 0x04, 0x00, 0x00, 0x00, 0x08, 0x00, 0x00, 0x00,
    0x52, 0x54, 0x53, 0x30, 0xa0, 0x00, 0x00, 0x00, 0x02, 0x00, 0x00, 0x00, 0x04, 0x00, 0x00, 0x00,
    0x18, 0x00, 0x00, 0x00, 0x00, 0x00, 0x00, 0x00, 0xa0, 0x00, 0x00, 0x00, 0x1d, 0x00, 0x00, 0x00,
    0x01, 0x00, 0x00, 0x00, 0x00, 0x00, 0x00, 0x00, 0x48, 0x00, 0x00, 0x00, 0x01, 0x00, 0x00, 0x00,
    0x00, 0x00, 0x00, 0x00, 0x54, 0x00, 0x00, 0x00, 0x00, 0x00, 0x00, 0x00, 0x05, 0x00, 0x00, 0x00,
    0x60, 0x00, 0x00, 0x00, 0x00, 0x00, 0x00, 0x00, 0x05, 0x00, 0x00, 0x00, 0x80, 0x00, 0x00, 0x00,
    0x00, 0x00, 0x00, 0x00, 0x00, 0x00, 0x00, 0x00, 0x10, 0x00, 0x00, 0x00, 0x01, 0x00, 0x00, 0x00,
    0x00, 0x00, 0x00, 0x00, 0x1c, 0x00, 0x00, 0x00, 0x01, 0x00, 0x00, 0x00, 0x68, 0x00, 0x00, 0x00,
    0x00, 0x00, 0x00, 0x00, 0x01, 0x00, 0x00, 0x00, 0x00, 0x00, 0x00, 0x00, 0x00, 0x00, 0x00, 0x00,
    0x00, 0x00, 0x00, 0x00, 0xff, 0xff, 0xff, 0xff, 0x01, 0x00, 0x00, 0x00, 0x88, 0x00, 0x00, 0x00,
    0x03, 0x00, 0x00, 0x00, 0x01, 0x00, 0x00, 0x00, 0x00, 0x00, 0x00, 0x00, 0x00, 0x00, 0x00, 0x00,
    0x00, 0x00, 0x00, 0x00, 0xff, 0xff, 0xff, 0xff, 0x53, 0x54, 0x41, 0x54, 0x74, 0x08, 0x00, 0x00,
    0x60, 0x00, 0x00, 0x00, 0x1d, 0x02, 0x00, 0x00, 0x44, 0x58, 0x49, 0x4c, 0x00, 0x01, 0x00, 0x00,
    0x10, 0x00, 0x00, 0x00, 0x5c, 0x08, 0x00, 0x00, 0x42, 0x43, 0xc0, 0xde, 0x21, 0x0c, 0x00, 0x00,
    0x14, 0x02, 0x00, 0x00, 0x0b, 0x82, 0x20, 0x00, 0x02, 0x00, 0x00, 0x00, 0x13, 0x00, 0x00, 0x00,
    0x07, 0x81, 0x23, 0x91, 0x41, 0xc8, 0x04, 0x49, 0x06, 0x10, 0x32, 0x39, 0x92, 0x01, 0x84, 0x0c,
    0x25, 0x05, 0x08, 0x19, 0x1e, 0x04, 0x8b, 0x62, 0x80, 0x14, 0x45, 0x02, 0x42, 0x92, 0x0b, 0x42,
    0xa4, 0x10, 0x32, 0x14, 0x38, 0x08, 0x18, 0x4b, 0x0a, 0x32, 0x52, 0x88, 0x48, 0x90, 0x14, 0x20,
    0x43, 0x46, 0x88, 0xa5, 0x00, 0x19, 0x32, 0x42, 0xe4, 0x48, 0x0e, 0x90, 0x91, 0x22, 0xc4, 0x50,
    0x41, 0x51, 0x81, 0x8c, 0xe1, 0x83, 0xe5, 0x8a, 0x04, 0x29, 0x46, 0x06, 0x51, 0x18, 0x00, 0x00,
    0x08, 0x00, 0x00, 0x00, 0x1b, 0x8c, 0xe0, 0xff, 0xff, 0xff, 0xff, 0x07, 0x40, 0x02, 0xa8, 0x0d,
    0x84, 0xf0, 0xff, 0xff, 0xff, 0xff, 0x03, 0x20, 0x6d, 0x30, 0x86, 0xff, 0xff, 0xff, 0xff, 0x1f,
    0x00, 0x09, 0xa8, 0x00, 0x49, 0x18, 0x00, 0x00, 0x03, 0x00, 0x00, 0x00, 0x13, 0x82, 0x60, 0x42,
    0x20, 0x4c, 0x08, 0x06, 0x00, 0x00, 0x00, 0x00, 0x89, 0x20, 0x00, 0x00, 0x4e, 0x00, 0x00, 0x00,
    0x32, 0x22, 0x48, 0x09, 0x20, 0x64, 0x85, 0x04, 0x93, 0x22, 0xa4, 0x84, 0x04, 0x93, 0x22, 0xe3,
    0x84, 0xa1, 0x90, 0x14, 0x12, 0x4c, 0x8a, 0x8c, 0x0b, 0x84, 0xa4, 0x4c, 0x10, 0x7c, 0x23, 0x00,
    0x25, 0x00, 0x14, 0x66, 0x00, 0xe6, 0x08, 0xc0, 0x60, 0x8e, 0x00, 0x29, 0xc6, 0x20, 0x84, 0x14,
    0x42, 0xa6, 0x18, 0x80, 0x10, 0x52, 0x06, 0xa1, 0x9b, 0x86, 0xcb, 0x9f, 0xb0, 0x87, 0x90, 0xfc,
    0x95, 0x90, 0x56, 0x62, 0xf2, 0x8b, 0xdb, 0x46, 0xc5, 0x18, 0x63, 0x10, 0x2a, 0xf7, 0x0c, 0x97,
    0x3f, 0x61, 0x0f, 0x21, 0xf9, 0x21, 0xd0, 0x0c, 0x0b, 0x81, 0x82, 0x55, 0x18, 0x45, 0x18, 0x1b,
    0x63, 0x0c, 0x42, 0xc8, 0xa0, 0x76, 0xd4, 0x70, 0xf9, 0x13, 0xf6, 0x10, 0x92, 0xcf, 0x6d, 0x54,
    0xb1, 0x12, 0x93, 0x5f, 0xdc, 0x36, 0x22, 0xc6, 0x18, 0xa3, 0x10, 0x8f, 0x30, 0x42, 0x70, 0x8e,
    0x20, 0x28, 0x06, 0x23, 0x85, 0x10, 0x49, 0x73, 0x20, 0x60, 0x18, 0x81, 0x18, 0x66, 0x6a, 0x83,
    0x71, 0x60, 0x87, 0x70, 0x98, 0x87, 0x79, 0x70, 0x03, 0x5a, 0x28, 0x07, 0x7c, 0xa0, 0x87, 0x7a,
    0x90, 0x87, 0x72, 0x90, 0x03, 0x52, 0xe0, 0x03, 0x7b, 0x28, 0x87, 0x71, 0xa0, 0x87, 0x77, 0x90,
    0x07, 0x3e, 0x30, 0x07, 0x76, 0x78, 0x87, 0x70, 0xa0, 0x07, 0x36, 0x00, 0x03, 0x3a, 0xf0, 0x03,
    0x30, 0xf0, 0x03, 0x3d, 0xd0, 0x83, 0x76, 0x48, 0x07, 0x78, 0x98, 0x87, 0x5f, 0xa0, 0x87, 0x7c,
    0x80, 0x87, 0x72, 0x40, 0x01, 0x99, 0x49, 0x0c, 0xc6, 0x81, 0x1d, 0xc2, 0x61, 0x1e, 0xe6, 0xc1,
    0x0d, 0x68, 0xa1, 0x1c, 0xf0, 0x81, 0x1e, 0xea, 0x41, 0x1e, 0xca, 0x41, 0x0e, 0x48, 0x81, 0x0f,
    0xec, 0xa1, 0x1c, 0xc6, 0x81, 0x1e, 0xde, 0x41, 0x1e, 0xf8, 0xc0, 0x1c, 0xd8, 0xe1, 0x1d, 0xc2,
    0x81, 0x1e, 0xd8, 0x00, 0x0c, 0xe8, 0xc0, 0x0f, 0xc0, 0xc0, 0x0f, 0x90, 0x60, 0x2f, 0xe1, 0x4b,
    0x38, 0xa7, 0x91, 0x26, 0xa0, 0x99, 0x24, 0xd4, 0x8c, 0x31, 0x86, 0x1d, 0x63, 0x0c, 0x6b, 0xad,
    0x25, 0x7d, 0x93, 0x34, 0x45, 0x94, 0x30, 0xf9, 0x2c, 0xc0, 0x3c, 0x0b, 0x11, 0xb1, 0x13, 0x30,
    0x11, 0x28, 0x20, 0xc4, 0xd3, 0x81, 0x00, 0x00, 0x13, 0x14, 0x72, 0xc0, 0x87, 0x74, 0x60, 0x87,
    0x36, 0x68, 0x87, 0x79, 0x68, 0x03, 0x72, 0xc0, 0x87, 0x0d, 0xaf, 0x50, 0x0e, 0x6d, 0xd0, 0x0e,
    0x7a, 0x50, 0x0e, 0x6d, 0x00, 0x0f, 0x7a, 0x30, 0x07, 0x72, 0xa0, 0x07, 0x73, 0x20, 0x07, 0x6d,
    0x90, 0x0e, 0x71, 0xa0, 0x07, 0x73, 0x20, 0x07, 0x6d, 0x90, 0x0e, 0x78, 0xa0, 0x07, 0x73, 0x20,
    0x07, 0x6d, 0x90, 0x0e, 0x71, 0x60, 0x07, 0x7a, 0x30, 0x07, 0x72, 0xd0, 0x06, 0xe9, 0x30, 0x07,
    0x72, 0xa0, 0x07, 0x73, 0x20, 0x07, 0x6d, 0x90, 0x0e, 0x76, 0x40, 0x07, 0x7a, 0x60, 0x07, 0x74,
    0xd0, 0x06, 0xe6, 0x10, 0x07, 0x76, 0xa0, 0x07, 0x73, 0x20, 0x07, 0x6d, 0x60, 0x0e, 0x73, 0x20,
    0x07, 0x7a, 0x30, 0x07, 0x72, 0xd0, 0x06, 0xe6, 0x60, 0x07, 0x74, 0xa0, 0x07, 0x76, 0x40, 0x07,
    0x6d, 0xe0, 0x0e, 0x78, 0xa0, 0x07, 0x71, 0x60, 0x07, 0x7a, 0x30, 0x07, 0x72, 0xa0, 0x07, 0x76,
    0x40, 0x07, 0x43, 0x9e, 0x00, 0x08, 0x00, 0x00, 0x00, 0x00, 0x00, 0x00, 0x00, 0x00, 0x00, 0x86,
    0x3c, 0x06, 0x10, 0x00, 0x01, 0x00, 0x00, 0x00, 0x00, 0x00, 0x00, 0x00, 0x0c, 0x79, 0x10, 0x20,
    0x00, 0x04, 0x00, 0x00, 0x00, 0x00, 0x00, 0x00, 0x00, 0x18, 0xf2, 0x34, 0x40, 0x00, 0x0c, 0x00,
    0x00, 0x00, 0x00, 0x00, 0x00, 0x00, 0x30, 0xe4, 0x81, 0x80, 0x00, 0x18, 0x00, 0x00, 0x00, 0x00,
    0x00, 0x00, 0x00, 0x60, 0xc8, 0x33, 0x01, 0x01, 0x30, 0x00, 0x00, 0x00, 0x00, 0x00, 0x00, 0x00,
    0x40, 0x16, 0x08, 0x00, 0x18, 0x00, 0x00, 0x00, 0x32, 0x1e, 0x98, 0x18, 0x19, 0x11, 0x4c, 0x90,
    0x8c, 0x09, 0x26, 0x47, 0xc6, 0x04, 0x43, 0x22, 0x25, 0x30, 0x02, 0x50, 0x0c, 0x45, 0x50, 0x12,
    0x05, 0x1e, 0x50, 0x06, 0xe5, 0x50, 0x08, 0x05, 0x51, 0x18, 0x05, 0x52, 0x1a, 0x05, 0x54, 0x48,
    0x05, 0x55, 0x58, 0x05, 0x56, 0x80, 0x01, 0x05, 0x1a, 0x50, 0xc0, 0x01, 0xe5, 0x51, 0x38, 0x54,
    0x4a, 0xa2, 0x0c, 0x0a, 0x61, 0x04, 0xa0, 0x08, 0x0a, 0x84, 0x64, 0x0d, 0x50, 0x9e, 0x01, 0x20,
    0x3d, 0x03, 0x40, 0x7b, 0x06, 0x80, 0xfa, 0x0c, 0x00, 0xf9, 0xb1, 0x1c, 0x86, 0x00, 0x00, 0x00,
    0x78, 0x1e, 0x00, 0x08, 0x04, 0x02, 0x01, 0x00, 0x79, 0x18, 0x00, 0x00, 0xe4, 0x00, 0x00, 0x00,
    0x1a, 0x03, 0x4c, 0x90, 0x46, 0x02, 0x13, 0x44, 0x8f, 0x0c, 0x6f, 0xec, 0xed, 0x4d, 0x0c, 0x24,
    0xc6, 0x05, 0xc7, 0x45, 0xa6, 0x06, 0x46, 0xc6, 0x25, 0x26, 0x06, 0x04, 0x45, 0x66, 0x26, 0x27,
    0x47, 0x26, 0xa6, 0x46, 0x46, 0x26, 0x65, 0x43, 0x10, 0x4c, 0x10, 0x08, 0x63, 0x82, 0x40, 0x1c,
    0x1b, 0x84, 0x81, 0xd8, 0x20, 0x10, 0x04, 0x05, 0xb8, 0xb9, 0x09, 0x02, 0x81, 0x6c, 0x18, 0x0e,
    0x84, 0x98, 0x20, 0x64, 0x64, 0x40, 0x84, 0xae, 0x0c, 0x8f, 0xae, 0x4e, 0xae, 0x0c, 0x66, 0x82,
    0x40, 0x24, 0x13, 0x04, 0x42, 0xd9, 0x20, 0x10, 0xcd, 0x86, 0x84, 0x50, 0x16, 0x82, 0x18, 0x18,
    0xc2, 0xd9, 0x10, 0x3c, 0x13, 0x84, 0xcd, 0x0c, 0x98, 0x0c, 0xbd, 0xb9, 0xcd, 0xd1, 0x85, 0xb9,
    0xd1, 0xcd, 0x4d, 0x10, 0x88, 0x65, 0x03, 0x42, 0x44, 0x12, 0x31, 0x0c, 0x13, 0xb0, 0x21, 0xa0,
    0x26, 0x08, 0xdd, 0x19, 0x10, 0x99, 0x0b, 0x6b, 0x83, 0x63, 0x2b, 0x93, 0x83, 0xd9, 0x80, 0x10,
    0xd6, 0x45, 0x10, 0x03, 0x01, 0x6c, 0x08, 0xb0, 0x0d, 0x04, 0x04, 0x54, 0xd9, 0x04, 0x41, 0x2b,
    0x03, 0x32, 0x73, 0x63, 0x52, 0x47, 0x42, 0x5f, 0x6f, 0x75, 0x74, 0x70, 0x75, 0x74, 0x13, 0x04,
    0x82, 0x99, 0x20, 0x10, 0xcd, 0x06, 0x03, 0xe1, 0x3a, 0xc2, 0x6b, 0xc8, 0xd0, 0x95, 0xe1, 0xd1,
    0xd5, 0xc9, 0x95, 0x7d, 0xd1, 0xe5, 0xc1, 0x95, 0x4d, 0x10, 0x08, 0x67, 0x83, 0x81, 0x80, 0x41,
    0x17, 0x06, 0x5e, 0x43, 0x25, 0xcd, 0x0d, 0xae, 0x8e, 0xee, 0x8b, 0x2e, 0x0f, 0xae, 0x6c, 0x82,
    0x40, 0x3c, 0x1b, 0x0c, 0x64, 0x0c, 0x3a, 0x32, 0xf0, 0x1a, 0x2e, 0x63, 0x6f, 0x6c, 0x6f, 0x72,
    0x5f, 0x73, 0x63, 0x61, 0x6c, 0x65, 0x13, 0x04, 0x02, 0x9a, 0x20, 0x48, 0x63, 0xb0, 0x01, 0x41,
    0xcc, 0xa0, 0x3b, 0x03, 0xaf, 0x69, 0xd0, 0x80, 0x0a, 0x5d, 0x19, 0x5e, 0x19, 0xdb, 0xd7, 0x5c,
    0x9a, 0x5e, 0xd9, 0x04, 0x81, 0x88, 0x26, 0x08, 0x84, 0xb4, 0x01, 0x41, 0xd4, 0xa0, 0x5b, 0x03,
    0xaf, 0x61, 0x83, 0x30, 0xa0, 0x43, 0xf7, 0xe6, 0x56, 0xd6, 0x16, 0x06, 0xf7, 0xd5, 0x56, 0x46,
    0x87, 0xf6, 0x46, 0x36, 0x41, 0x20, 0xa6, 0x0d, 0x06, 0xe2, 0x06, 0xdd, 0x1b, 0x78, 0x0d, 0x1f,
    0xba, 0x37, 0xb7, 0xb2, 0xb6, 0x30, 0xb8, 0x2f, 0xb3, 0xb0, 0x31, 0xba, 0x37, 0xb9, 0x98, 0x09,
    0x02, 0x41, 0x6d, 0x30, 0x90, 0x38, 0xe8, 0xe4, 0xc0, 0x6b, 0xf8, 0xd0, 0xbd, 0xb9, 0x95, 0xb5,
    0x85, 0xc1, 0x7d, 0x99, 0x85, 0x8d, 0xd1, 0xbd, 0xc9, 0xc9, 0x4c, 0x10, 0x88, 0x6a, 0x83, 0x81,
    0xd0, 0x41, 0x57, 0x07, 0x5e, 0xc3, 0x67, 0x8e, 0x4c, 0xee, 0xeb, 0x0e, 0x2d, 0x8d, 0xae, 0xec,
    0x0b, 0xee, 0x2d, 0xcd, 0x8d, 0x6e, 0x82, 0x40, 0x58, 0x1b, 0x0c, 0xe4, 0x0e, 0x3a, 0x3c, 0xf0,
    0x1a, 0x1e, 0x59, 0x6f, 0x66, 0x66, 0x73, 0x65, 0x74, 0x13, 0x04, 0xe2, 0xda, 0x80, 0x20, 0x7a,
    0xd0, 0xed, 0x81, 0xd7, 0xb0, 0x41, 0x18, 0xd0, 0x90, 0x1a, 0x7b, 0x2b, 0x33, 0x33, 0x9b, 0x20,
    0x10, 0xd8, 0x06, 0x04, 0xe9, 0x83, 0xce, 0x0f, 0xbc, 0x86, 0x0d, 0xc2, 0x80, 0xc6, 0xd1, 0xd8,
    0x5b, 0x99, 0x99, 0xd9, 0x04, 0x81, 0xc8, 0x36, 0x20, 0x08, 0x28, 0x74, 0xa1, 0xe0, 0x35, 0x6c,
    0x10, 0x06, 0x34, 0x84, 0xc6, 0xde, 0xca, 0xcc, 0xcc, 0x26, 0x08, 0x84, 0xb6, 0x01, 0x41, 0x46,
    0xa1, 0x23, 0x05, 0xaf, 0x61, 0x83, 0x30, 0xd8, 0xe0, 0x4c, 0x9f, 0x18, 0x94, 0x41, 0x1a, 0xb4,
    0x01, 0x1c, 0xcc, 0x81, 0x1d, 0xe4, 0x01, 0x1f, 0xfc, 0x81, 0x28, 0x94, 0xc2, 0x86, 0x81, 0xd8,
    0x4c, 0x61, 0x82, 0x20, 0x00, 0x1b, 0x80, 0x0d, 0x03, 0x91, 0x0a, 0xa9, 0xb0, 0x21, 0x50, 0x85,
    0x0d, 0xc3, 0x80, 0x0a, 0xab, 0x30, 0x41, 0xf0, 0xd0, 0x60, 0x43, 0xd0, 0x0a, 0x24, 0xda, 0xc2,
    0xd2, 0xdc, 0xb8, 0x4c, 0x59, 0x7d, 0x41, 0xbd, 0xcd, 0xa5, 0xd1, 0xa5, 0xbd, 0xb9, 0x4d, 0x10,
    0x8a, 0x6e, 0x82, 0x50, 0x78, 0x1b, 0x02, 0x62, 0x82, 0x50, 0x7c, 0x13, 0x84, 0x02, 0x0c, 0x36,
    0x2c, 0x04, 0x2c, 0xc4, 0x82, 0x2c, 0xcc, 0x02, 0x2d, 0x0c, 0xb4, 0x40, 0xd4, 0x02, 0x40, 0x84,
    0xaa, 0x08, 0x6b, 0xe8, 0xe9, 0x49, 0x8a, 0x68, 0x82, 0x50, 0x84, 0xc1, 0x06, 0xa1, 0xeb, 0x36,
    0x2c, 0xc3, 0x2d, 0xc4, 0x42, 0x2d, 0xcc, 0x02, 0x2e, 0x0c, 0xb8, 0x30, 0xd4, 0x42, 0x2e, 0xb0,
    0x18, 0x7a, 0x62, 0x7a, 0x92, 0x9a, 0x20, 0x10, 0xdb, 0x06, 0xa1, 0xe3, 0x85, 0x0d, 0x0b, 0xb3,
    0x0b, 0xb1, 0x50, 0x0b, 0xb3, 0x80, 0x0b, 0x03, 0x2d, 0x30, 0xb5, 0xd0, 0x0b, 0x1b, 0x06, 0x5b,
    0xd0, 0x05, 0x5f, 0x60, 0x32, 0x65, 0xf5, 0x45, 0x15, 0x26, 0x77, 0x56, 0x46, 0x37, 0x41, 0x28,
    0xc4, 0x60, 0xc3, 0x42, 0x80, 0x43, 0x2c, 0x84, 0xc3, 0x2c, 0xd4, 0xc2, 0x40, 0x0b, 0x44, 0x2d,
    0xf4, 0xc2, 0x86, 0x40, 0x1c, 0x36, 0x0c, 0xbf, 0x30, 0x0e, 0xc0, 0x86, 0x02, 0x15, 0x5e, 0x81,
    0x1c, 0x34, 0x80, 0x86, 0x19, 0xdb, 0x5b, 0x18, 0xdd, 0x1c, 0x8b, 0x34, 0xb7, 0x39, 0xba, 0xb9,
    0x09, 0x02, 0xc1, 0xd1, 0x98, 0x4b, 0x3b, 0xfb, 0x62, 0x23, 0xa3, 0x31, 0x97, 0x76, 0xf6, 0x35,
    0x47, 0x47, 0x84, 0xae, 0x0c, 0xef, 0xcb, 0xed, 0x4d, 0xae, 0x6d, 0x83, 0x62, 0x0e, 0xde, 0x39,
    0xa0, 0x43, 0x3a, 0x20, 0xea, 0x10, 0x06, 0xeb, 0x30, 0x54, 0x61, 0x63, 0xb3, 0x6b, 0x73, 0x49,
    0x23, 0x2b, 0x73, 0xa3, 0x9b, 0x12, 0x04, 0x55, 0xc8, 0xf0, 0x5c, 0xec, 0xca, 0xe4, 0xe6, 0xd2,
    0xde, 0xdc, 0xa6, 0x04, 0x44, 0x13, 0x32, 0x3c, 0x17, 0xbb, 0x30, 0x36, 0xbb, 0x32, 0xb9, 0x29,
    0x41, 0x51, 0x87, 0x0c, 0xcf, 0x65, 0x0e, 0x2d, 0x8c, 0xac, 0x4c, 0xae, 0xe9, 0x8d, 0xac, 0x8c,
    0x6d, 0x4a, 0x80, 0x94, 0x21, 0xc3, 0x73, 0x91, 0x2b, 0x9b, 0x7b, 0xab, 0x93, 0x1b, 0x2b, 0x9b,
    0x9b, 0x12, 0x64, 0x95, 0xc8, 0xf0, 0x5c, 0xe8, 0xf2, 0xe0, 0xca, 0x82, 0xdc, 0xdc, 0xde, 0xe8,
    0xc2, 0xe8, 0xd2, 0xde, 0xdc, 0xe6, 0xa6, 0x08, 0xa6, 0xb0, 0x0a, 0x75, 0xc8, 0xf0, 0x5c, 0xec,
    0xd2, 0xca, 0xee, 0x92, 0xc8, 0xa6, 0xe8, 0xc2, 0xe8, 0xca, 0xa6, 0x04, 0xad, 0x50, 0x87, 0x0c,
    0xcf, 0xa5, 0xcc, 0x8d, 0x4e, 0x2e, 0x0f, 0xea, 0x2d, 0xcd, 0x8d, 0x6e, 0x6e, 0x4a, 0x40, 0x0e,
    0x5d, 0xc8, 0xf0, 0x5c, 0xc6, 0xde, 0xea, 0xdc, 0xe8, 0xca, 0xe4, 0xe6, 0xa6, 0x04, 0xeb, 0x00,
    0x79, 0x18, 0x00, 0x00, 0x4c, 0x00, 0x00, 0x00, 0x33, 0x08, 0x80, 0x1c, 0xc4, 0xe1, 0x1c, 0x66,
    0x14, 0x01, 0x3d, 0x88, 0x43, 0x38, 0x84, 0xc3, 0x8c, 0x42, 0x80, 0x07, 0x79, 0x78, 0x07, 0x73,
    0x98, 0x71, 0x0c, 0xe6, 0x00, 0x0f, 0xed, 0x10, 0x0e, 0xf4, 0x80, 0x0e, 0x33, 0x0c, 0x42, 0x1e,
    0xc2, 0xc1, 0x1d, 0xce, 0xa1, 0x1c, 0x66, 0x30, 0x05, 0x3d, 0x88, 0x43, 0x38, 0x84, 0x83, 0x1b,
    0xcc, 0x03, 0x3d, 0xc8, 0x43, 0x3d, 0x8c, 0x03, 0x3d, 0xcc, 0x78, 0x8c, 0x74, 0x70, 0x07, 0x7b,
    0x08, 0x07, 0x79, 0x48, 0x87, 0x70, 0x70, 0x07, 0x7a, 0x70, 0x03, 0x76, 0x78, 0x87, 0x70, 0x20,
    0x87, 0x19, 0xcc, 0x11, 0x0e, 0xec, 0x90, 0x0e, 0xe1, 0x30, 0x0f, 0x6e, 0x30, 0x0f, 0xe3, 0xf0,
    0x0e, 0xf0, 0x50, 0x0e, 0x33, 0x10, 0xc4, 0x1d, 0xde, 0x21, 0x1c, 0xd8, 0x21, 0x1d, 0xc2, 0x61,
    0x1e, 0x66, 0x30, 0x89, 0x3b, 0xbc, 0x83, 0x3b, 0xd0, 0x43, 0x39, 0xb4, 0x03, 0x3c, 0xbc, 0x83,
    0x3c, 0x84, 0x03, 0x3b, 0xcc, 0xf0, 0x14, 0x76, 0x60, 0x07, 0x7b, 0x68, 0x07, 0x37, 0x68, 0x87,
    0x72, 0x68, 0x07, 0x37, 0x80, 0x87, 0x70, 0x90, 0x87, 0x70, 0x60, 0x07, 0x76, 0x28, 0x07, 0x76,
    0xf8, 0x05, 0x76, 0x78, 0x87, 0x77, 0x80, 0x87, 0x5f, 0x08, 0x87, 0x71, 0x18, 0x87, 0x72, 0x98,
    0x87, 0x79, 0x98, 0x81, 0x2c, 0xee, 0xf0, 0x0e, 0xee, 0xe0, 0x0e, 0xf5, 0xc0, 0x0e, 0xec, 0x30,
    0x03, 0x62, 0xc8, 0xa1, 0x1c, 0xe4, 0xa1, 0x1c, 0xcc, 0xa1, 0x1c, 0xe4, 0xa1, 0x1c, 0xdc, 0x61,
    0x1c, 0xca, 0x21, 0x1c, 0xc4, 0x81, 0x1d, 0xca, 0x61, 0x06, 0xd6, 0x90, 0x43, 0x39, 0xc8, 0x43,
    0x39, 0x98, 0x43, 0x39, 0xc8, 0x43, 0x39, 0xb8, 0xc3, 0x38, 0x94, 0x43, 0x38, 0x88, 0x03, 0x3b,
    0x94, 0xc3, 0x2f, 0xbc, 0x83, 0x3c, 0xfc, 0x82, 0x3b, 0xd4, 0x03, 0x3b, 0xb0, 0xc3, 0x0c, 0xc4,
    0x21, 0x07, 0x7c, 0x70, 0x03, 0x7a, 0x28, 0x87, 0x76, 0x80, 0x87, 0x19, 0xd1, 0x43, 0x0e, 0xf8,
    0xe0, 0x06, 0xe4, 0x20, 0x0e, 0xe7, 0xe0, 0x06, 0xf6, 0x10, 0x0e, 0xf2, 0xc0, 0x0e, 0xe1, 0x90,
    0x0f, 0xef, 0x50, 0x0f, 0xf4, 0x00, 0x00, 0x00, 0x71, 0x20, 0x00, 0x00, 0x18, 0x00, 0x00, 0x00,
    0x46, 0xb0, 0x0d, 0x97, 0xef, 0x3c, 0xbe, 0x10, 0x50, 0x45, 0x41, 0x44, 0xa5, 0x03, 0x0c, 0x25,
    0x61, 0x00, 0x02, 0xe6, 0x17, 0xb7, 0x6d, 0x05, 0xd2, 0x70, 0xf9, 0xce, 0xe3, 0x0b, 0x11, 0x01,
    0x4c, 0x44, 0x08, 0x34, 0xc3, 0x42, 0x58, 0xc0, 0x34, 0x5c, 0xbe, 0xf3, 0xf8, 0x8b, 0x03, 0x0c,
    0x62, 0xf3, 0x50, 0x93, 0x5f, 0xdc, 0xb6, 0x0d, 0x40, 0xc3, 0xe5, 0x3b, 0x8f, 0x2f, 0x01, 0xcc,
    0xb3, 0x10, 0x7e, 0x71, 0xdb, 0x26, 0x50, 0x0d, 0x97, 0xef, 0x3c, 0xbe, 0x34, 0x39, 0x11, 0x81,
    0x52, 0xd3, 0x43, 0x4d, 0x7e, 0x71, 0xdb, 0x06, 0x40, 0x30, 0x00, 0xd2, 0x00, 0x00, 0x00, 0x00,
    0x00, 0x00, 0x00, 0x00, 0x48, 0x41, 0x53, 0x48, 0x14, 0x00, 0x00, 0x00, 0x00, 0x00, 0x00, 0x00,
    0x8c, 0x48, 0x9e, 0x82, 0xfc, 0x4f, 0x59, 0x04, 0x74, 0x53, 0x78, 0xaf, 0x0d, 0xe3, 0x34, 0x99,
    0x44, 0x58, 0x49, 0x4c, 0x88, 0x07, 0x00, 0x00, 0x60, 0x00, 0x00, 0x00, 0xe2, 0x01, 0x00, 0x00,
    0x44, 0x58, 0x49, 0x4c, 0x00, 0x01, 0x00, 0x00, 0x10, 0x00, 0x00, 0x00, 0x70, 0x07, 0x00, 0x00,
    0x42, 0x43, 0xc0, 0xde, 0x21, 0x0c, 0x00, 0x00, 0xd9, 0x01, 0x00, 0x00, 0x0b, 0x82, 0x20, 0x00,
    0x02, 0x00, 0x00, 0x00, 0x13, 0x00, 0x00, 0x00, 0x07, 0x81, 0x23, 0x91, 0x41, 0xc8, 0x04, 0x49,
    0x06, 0x10, 0x32, 0x39, 0x92, 0x01, 0x84, 0x0c, 0x25, 0x05, 0x08, 0x19, 0x1e, 0x04, 0x8b, 0x62,
    0x80, 0x14, 0x45, 0x02, 0x42, 0x92, 0x0b, 0x42, 0xa4, 0x10, 0x32, 0x14, 0x38, 0x08, 0x18, 0x4b,
    0x0a, 0x32, 0x52, 0x88, 0x48, 0x90, 0x14, 0x20, 0x43, 0x46, 0x88, 0xa5, 0x00, 0x19, 0x32, 0x42,
    0xe4, 0x48, 0x0e, 0x90, 0x91, 0x22, 0xc4, 0x50, 0x41, 0x51, 0x81, 0x8c, 0xe1, 0x83, 0xe5, 0x8a,
    0x04, 0x29, 0x46, 0x06, 0x51, 0x18, 0x00, 0x00, 0x08, 0x00, 0x00, 0x00, 0x1b, 0x8c, 0xe0, 0xff,
    0xff, 0xff, 0xff, 0x07, 0x40, 0x02, 0xa8, 0x0d, 0x84, 0xf0, 0xff, 0xff, 0xff, 0xff, 0x03, 0x20,
    0x6d, 0x30, 0x86, 0xff, 0xff, 0xff, 0xff, 0x1f, 0x00, 0x09, 0xa8, 0x00, 0x49, 0x18, 0x00, 0x00,
    0x03, 0x00, 0x00, 0x00, 0x13, 0x82, 0x60, 0x42, 0x20, 0x4c, 0x08, 0x06, 0x00, 0x00, 0x00, 0x00,
    0x89, 0x20, 0x00, 0x00, 0x4e, 0x00, 0x00, 0x00, 0x32, 0x22, 0x48, 0x09, 0x20, 0x64, 0x85, 0x04,
    0x93, 0x22, 0xa4, 0x84, 0x04, 0x93, 0x22, 0xe3, 0x84, 0xa1, 0x90, 0x14, 0x12, 0x4c, 0x8a, 0x8c,
    0x0b, 0x84, 0xa4, 0x4c, 0x10, 0x7c, 0x23, 0x00, 0x25, 0x00, 0x14, 0x66, 0x00, 0xe6, 0x08, 0xc0,
    0x60, 0x8e, 0x00, 0x29, 0xc6, 0x20, 0x84, 0x14, 0x42, 0xa6, 0x18, 0x80, 0x10, 0x52, 0x06, 0xa1,
    0x9b, 0x86, 0xcb, 0x9f, 0xb0, 0x87, 0x90, 0xfc, 0x95, 0x90, 0x56, 0x62, 0xf2, 0x8b, 0xdb, 0x46,
    0xc5, 0x18, 0x63, 0x10, 0x2a, 0xf7, 0x0c, 0x97, 0x3f, 0x61, 0x0f, 0x21, 0xf9, 0x21, 0xd0, 0x0c,
    0x0b, 0x81, 0x82, 0x55, 0x18, 0x45, 0x18, 0x1b, 0x63, 0x0c, 0x42, 0xc8, 0xa0, 0x76, 0xd4, 0x70,
    0xf9, 0x13, 0xf6, 0x10, 0x92, 0xcf, 0x6d, 0x54, 0xb1, 0x12, 0x93, 0x5f, 0xdc, 0x36, 0x22, 0xc6,
    0x18, 0xa3, 0x10, 0x8f, 0x30, 0x42, 0x70, 0x8e, 0x20, 0x28, 0x06, 0x23, 0x85, 0x10, 0x49, 0x73,
    0x20, 0x60, 0x18, 0x81, 0x18, 0x66, 0x6a, 0x83, 0x71, 0x60, 0x87, 0x70, 0x98, 0x87, 0x79, 0x70,
    0x03, 0x5a, 0x28, 0x07, 0x7c, 0xa0, 0x87, 0x7a, 0x90, 0x87, 0x72, 0x90, 0x03, 0x52, 0xe0, 0x03,
    0x7b, 0x28, 0x87, 0x71, 0xa0, 0x87, 0x77, 0x90, 0x07, 0x3e, 0x30, 0x07, 0x76, 0x78, 0x87, 0x70,
    0xa0, 0x07, 0x36, 0x00, 0x03, 0x3a, 0xf0, 0x03, 0x30, 0xf0, 0x03, 0x3d, 0xd0, 0x83, 0x76, 0x48,
    0x07, 0x78, 0x98, 0x87, 0x5f, 0xa0, 0x87, 0x7c, 0x80, 0x87, 0x72, 0x40, 0x01, 0x99, 0x49, 0x0c,
    0xc6, 0x81, 0x1d, 0xc2, 0x61, 0x1e, 0xe6, 0xc1, 0x0d, 0x68, 0xa1, 0x1c, 0xf0, 0x81, 0x1e, 0xea,
    0x41, 0x1e, 0xca, 0x41, 0x0e, 0x48, 0x81, 0x0f, 0xec, 0xa1, 0x1c, 0xc6, 0x81, 0x1e, 0xde, 0x41,
    0x1e, 0xf8, 0xc0, 0x1c, 0xd8, 0xe1, 0x1d, 0xc2, 0x81, 0x1e, 0xd8, 0x00, 0x0c, 0xe8, 0xc0, 0x0f,
    0xc0, 0xc0, 0x0f, 0x90, 0x60, 0x2f, 0xe1, 0x4b, 0x38, 0xa7, 0x91, 0x26, 0xa0, 0x99, 0x24, 0xd4,
    0x8c, 0x31, 0x86, 0x1d, 0x63, 0x0c, 0x6b, 0xad, 0x25, 0x7d, 0x93, 0x34, 0x45, 0x94, 0x30, 0xf9,
    0x2c, 0xc0, 0x3c, 0x0b, 0x11, 0xb1, 0x13, 0x30, 0x11, 0x28, 0x20, 0xc4, 0xd3, 0x81, 0x00, 0x00,
    0x13, 0x14, 0x72, 0xc0, 0x87, 0x74, 0x60, 0x87, 0x36, 0x68, 0x87, 0x79, 0x68, 0x03, 0x72, 0xc0,
    0x87, 0x0d, 0xaf, 0x50, 0x0e, 0x6d, 0xd0, 0x0e, 0x7a, 0x50, 0x0e, 0x6d, 0x00, 0x0f, 0x7a, 0x30,
    0x07, 0x72, 0xa0, 0x07, 0x73, 0x20, 0x07, 0x6d, 0x90, 0x0e, 0x71, 0xa0, 0x07, 0x73, 0x20, 0x07,
    0x6d, 0x90, 0x0e, 0x78, 0xa0, 0x07, 0x73, 0x20, 0x07, 0x6d, 0x90, 0x0e, 0x71, 0x60, 0x07, 0x7a,
    0x30, 0x07, 0x72, 0xd0, 0x06, 0xe9, 0x30, 0x07, 0x72, 0xa0, 0x07, 0x73, 0x20, 0x07, 0x6d, 0x90,
    0x0e, 0x76, 0x40, 0x07, 0x7a, 0x60, 0x07, 0x74, 0xd0, 0x06, 0xe6, 0x10, 0x07, 0x76, 0xa0, 0x07,
    0x73, 0x20, 0x07, 0x6d, 0x60, 0x0e, 0x73, 0x20, 0x07, 0x7a, 0x30, 0x07, 0x72, 0xd0, 0x06, 0xe6,
    0x60, 0x07, 0x74, 0xa0, 0x07, 0x76, 0x40, 0x07, 0x6d, 0xe0, 0x0e, 0x78, 0xa0, 0x07, 0x71, 0x60,
    0x07, 0x7a, 0x30, 0x07, 0x72, 0xa0, 0x07, 0x76, 0x40, 0x07, 0x43, 0x9e, 0x00, 0x00, 0x00, 0x00,
    0x00, 0x00, 0x00, 0x00, 0x00, 0x00, 0x00, 0x86, 0x3c, 0x06, 0x10, 0x00, 0x01, 0x00, 0x00, 0x00,
    0x00, 0x00, 0x00, 0x00, 0x0c, 0x79, 0x10, 0x20, 0x00, 0x04, 0x00, 0x00, 0x00, 0x00, 0x00, 0x00,
    0x00, 0x18, 0xf2, 0x34, 0x40, 0x00, 0x0c, 0x00, 0x00, 0x00, 0x00, 0x00, 0x00, 0x00, 0x30, 0xe4,
    0x81, 0x80, 0x00, 0x18, 0x00, 0x00, 0x00, 0x00, 0x00, 0x00, 0x00, 0x60, 0xc8, 0x33, 0x01, 0x01,
    0x30, 0x00, 0x00, 0x00, 0x00, 0x00, 0x00, 0x00, 0x40, 0x16, 0x08, 0x00, 0x11, 0x00, 0x00, 0x00,
    0x32, 0x1e, 0x98, 0x14, 0x19, 0x11, 0x4c, 0x90, 0x8c, 0x09, 0x26, 0x47, 0xc6, 0x04, 0x43, 0x22,
    0x25, 0x30, 0x02, 0x50, 0x10, 0xc5, 0x50, 0x04, 0x25, 0x51, 0xe0, 0x01, 0x65, 0x50, 0x1e, 0x54,
    0x4a, 0xa2, 0x0c, 0x0a, 0x61, 0x04, 0xa0, 0x08, 0x0a, 0x84, 0xf2, 0x0c, 0x00, 0xed, 0x19, 0x00,
    0xea, 0x33, 0x00, 0xe4, 0xc7, 0x72, 0x18, 0x02, 0x00, 0x00, 0xe0, 0x79, 0x00, 0x20, 0x10, 0x08,
    0x04, 0x00, 0x00, 0x00, 0x79, 0x18, 0x00, 0x00, 0x68, 0x00, 0x00, 0x00, 0x1a, 0x03, 0x4c, 0x90,
    0x46, 0x02, 0x13, 0x44, 0x8f, 0x0c, 0x6f, 0xec, 0xed, 0x4d, 0x0c, 0x24, 0xc6, 0x05, 0xc7, 0x45,
    0xa6, 0x06, 0x46, 0xc6, 0x25, 0x26, 0x06, 0x04, 0x45, 0x66, 0x26, 0x27, 0x47, 0x26, 0xa6, 0x46,
    0x46, 0x26, 0x65, 0x43, 0x10, 0x4c, 0x10, 0x08, 0x63, 0x82, 0x40, 0x1c, 0x1b, 0x84, 0x81, 0x98,
    0x20, 0x10, 0xc8, 0x06, 0x61, 0x30, 0x28, 0xc0, 0xcd, 0x4d, 0x10, 0x88, 0x64, 0xc3, 0x80, 0x24,
    0xc4, 0x04, 0x21, 0xab, 0x08, 0x4c, 0x10, 0x08, 0x65, 0x82, 0x40, 0x2c, 0x1b, 0x04, 0xc2, 0xd9,
    0x90, 0x10, 0x0b, 0x43, 0x10, 0x43, 0x43, 0x3c, 0x1b, 0x02, 0x68, 0x82, 0xb0, 0x59, 0x13, 0x04,
    0x82, 0xd9, 0x80, 0x10, 0x12, 0x43, 0x0c, 0xc3, 0x04, 0x6c, 0x08, 0xa8, 0x09, 0x42, 0x77, 0x6d,
    0x40, 0x08, 0x8b, 0x21, 0x88, 0x81, 0x00, 0x36, 0x04, 0xd7, 0x06, 0x22, 0x02, 0x2a, 0x6c, 0x82,
    0xe0, 0x61, 0x1b, 0x02, 0x6d, 0x82, 0x20, 0x00, 0x24, 0xda, 0xc2, 0xd2, 0xdc, 0xb8, 0x4c, 0x59,
    0x7d, 0x41, 0xbd, 0xcd, 0xa5, 0xd1, 0xa5, 0xbd, 0xb9, 0x4d, 0x10, 0x8a, 0x67, 0x82, 0x50, 0x40,
    0x1b, 0x02, 0x62, 0x82, 0x50, 0x44, 0x13, 0x84, 0x42, 0xda, 0xb0, 0x10, 0xde, 0x07, 0x06, 0x61,
    0x20, 0x06, 0x83, 0x18, 0x10, 0x63, 0x00, 0x10, 0xa1, 0x2a, 0xc2, 0x1a, 0x7a, 0x7a, 0x92, 0x22,
    0x9a, 0x20, 0x14, 0xd3, 0x04, 0x81, 0x68, 0x36, 0x08, 0x67, 0x70, 0x06, 0x1b, 0x96, 0xa1, 0x0c,
    0xbe, 0x31, 0x08, 0x03, 0x33, 0x18, 0xcc, 0x60, 0x18, 0x03, 0x34, 0x60, 0x31, 0xf4, 0xc4, 0xf4,
    0x24, 0x35, 0x41, 0x20, 0x9c, 0x0d, 0xc2, 0x19, 0xac, 0xc1, 0x86, 0xa5, 0x51, 0x83, 0x6f, 0x0c,
    0xc2, 0xc0, 0x0c, 0x06, 0x31, 0x68, 0xc6, 0x80, 0x0d, 0x36, 0x0c, 0x64, 0x90, 0x06, 0x6d, 0xc0,
    0x64, 0xca, 0xea, 0x8b, 0x2a, 0x4c, 0xee, 0xac, 0x8c, 0x6e, 0x82, 0x50, 0x50, 0x1b, 0x16, 0xe2,
    0x0d, 0x3e, 0x38, 0x08, 0x83, 0x31, 0x18, 0xc4, 0x80, 0x18, 0x03, 0x36, 0xd8, 0x10, 0xc4, 0xc1,
    0x86, 0xc1, 0x0d, 0xe4, 0x00, 0xd8, 0x50, 0x70, 0xdd, 0x1c, 0x64, 0x40, 0x15, 0x36, 0x36, 0xbb,
    0x36, 0x97, 0x34, 0xb2, 0x32, 0x37, 0xba, 0x29, 0x41, 0x50, 0x85, 0x0c, 0xcf, 0xc5, 0xae, 0x4c,
    0x6e, 0x2e, 0xed, 0xcd, 0x6d, 0x4a, 0x40, 0x34, 0x21, 0xc3, 0x73, 0xb1, 0x0b, 0x63, 0xb3, 0x2b,
    0x93, 0x9b, 0x12, 0x18, 0x75, 0xc8, 0xf0, 0x5c, 0xe6, 0xd0, 0xc2, 0xc8, 0xca, 0xe4, 0x9a, 0xde,
    0xc8, 0xca, 0xd8, 0xa6, 0x04, 0x49, 0x19, 0x32, 0x3c, 0x17, 0xb9, 0xb2, 0xb9, 0xb7, 0x3a, 0xb9,
    0xb1, 0xb2, 0xb9, 0x29, 0x01, 0x56, 0x87, 0x0c, 0xcf, 0xc5, 0x2e, 0xad, 0xec, 0x2e, 0x89, 0x6c,
    0x8a, 0x2e, 0x8c, 0xae, 0x6c, 0x4a, 0xa0, 0xd5, 0x21, 0xc3, 0x73, 0x29, 0x73, 0xa3, 0x93, 0xcb,
    0x83, 0x7a, 0x4b, 0x73, 0xa3, 0x9b, 0x9b, 0x12, 0xcc, 0x01, 0x00, 0x00, 0x79, 0x18, 0x00, 0x00,
    0x4c, 0x00, 0x00, 0x00, 0x33, 0x08, 0x80, 0x1c, 0xc4, 0xe1, 0x1c, 0x66, 0x14, 0x01, 0x3d, 0x88,
    0x43, 0x38, 0x84, 0xc3, 0x8c, 0x42, 0x80, 0x07, 0x79, 0x78, 0x07, 0x73, 0x98, 0x71, 0x0c, 0xe6,
    0x00, 0x0f, 0xed, 0x10, 0x0e, 0xf4, 0x80, 0x0e, 0x33, 0x0c, 0x42, 0x1e, 0xc2, 0xc1, 0x1d, 0xce,
    0xa1, 0x1c, 0x66, 0x30, 0x05, 0x3d, 0x88, 0x43, 0x38, 0x84, 0x83, 0x1b, 0xcc, 0x03, 0x3d, 0xc8,
    0x43, 0x3d, 0x8c, 0x03, 0x3d, 0xcc, 0x78, 0x8c, 0x74, 0x70, 0x07, 0x7b, 0x08, 0x07, 0x79, 0x48,
    0x87, 0x70, 0x70, 0x07, 0x7a, 0x70, 0x03, 0x76, 0x78, 0x87, 0x70, 0x20, 0x87, 0x19, 0xcc, 0x11,
    0x0e, 0xec, 0x90, 0x0e, 0xe1, 0x30, 0x0f, 0x6e, 0x30, 0x0f, 0xe3, 0xf0, 0x0e, 0xf0, 0x50, 0x0e,
    0x33, 0x10, 0xc4, 0x1d, 0xde, 0x21, 0x1c, 0xd8, 0x21, 0x1d, 0xc2, 0x61, 0x1e, 0x66, 0x30, 0x89,
    0x3b, 0xbc, 0x83, 0x3b, 0xd0, 0x43, 0x39, 0xb4, 0x03, 0x3c, 0xbc, 0x83, 0x3c, 0x84, 0x03, 0x3b,
    0xcc, 0xf0, 0x14, 0x76, 0x60, 0x07, 0x7b, 0x68, 0x07, 0x37, 0x68, 0x87, 0x72, 0x68, 0x07, 0x37,
    0x80, 0x87, 0x70, 0x90, 0x87, 0x70, 0x60, 0x07, 0x76, 0x28, 0x07, 0x76, 0xf8, 0x05, 0x76, 0x78,
    0x87, 0x77, 0x80, 0x87, 0x5f, 0x08, 0x87, 0x71, 0x18, 0x87, 0x72, 0x98, 0x87, 0x79, 0x98, 0x81,
    0x2c, 0xee, 0xf0, 0x0e, 0xee, 0xe0, 0x0e, 0xf5, 0xc0, 0x0e, 0xec, 0x30, 0x03, 0x62, 0xc8, 0xa1,
    0x1c, 0xe4, 0xa1, 0x1c, 0xcc, 0xa1, 0x1c, 0xe4, 0xa1, 0x1c, 0xdc, 0x61, 0x1c, 0xca, 0x21, 0x1c,
    0xc4, 0x81, 0x1d, 0xca, 0x61, 0x06, 0xd6, 0x90, 0x43, 0x39, 0xc8, 0x43, 0x39, 0x98, 0x43, 0x39,
    0xc8, 0x43, 0x39, 0xb8, 0xc3, 0x38, 0x94, 0x43, 0x38, 0x88, 0x03, 0x3b, 0x94, 0xc3, 0x2f, 0xbc,
    0x83, 0x3c, 0xfc, 0x82, 0x3b, 0xd4, 0x03, 0x3b, 0xb0, 0xc3, 0x0c, 0xc4, 0x21, 0x07, 0x7c, 0x70,
    0x03, 0x7a, 0x28, 0x87, 0x76, 0x80, 0x87, 0x19, 0xd1, 0x43, 0x0e, 0xf8, 0xe0, 0x06, 0xe4, 0x20,
    0x0e, 0xe7, 0xe0, 0x06, 0xf6, 0x10, 0x0e, 0xf2, 0xc0, 0x0e, 0xe1, 0x90, 0x0f, 0xef, 0x50, 0x0f,
    0xf4, 0x00, 0x00, 0x00, 0x71, 0x20, 0x00, 0x00, 0x18, 0x00, 0x00, 0x00, 0x46, 0xb0, 0x0d, 0x97,
    0xef, 0x3c, 0xbe, 0x10, 0x50, 0x45, 0x41, 0x44, 0xa5, 0x03, 0x0c, 0x25, 0x61, 0x00, 0x02, 0xe6,
    0x17, 0xb7, 0x6d, 0x05, 0xd2, 0x70, 0xf9, 0xce, 0xe3, 0x0b, 0x11, 0x01, 0x4c, 0x44, 0x08, 0x34,
    0xc3, 0x42, 0x58, 0xc0, 0x34, 0x5c, 0xbe, 0xf3, 0xf8, 0x8b, 0x03, 0x0c, 0x62, 0xf3, 0x50, 0x93,
    0x5f, 0xdc, 0xb6, 0x0d, 0x40, 0xc3, 0xe5, 0x3b, 0x8f, 0x2f, 0x01, 0xcc, 0xb3, 0x10, 0x7e, 0x71,
    0xdb, 0x26, 0x50, 0x0d, 0x97, 0xef, 0x3c, 0xbe, 0x34, 0x39, 0x11, 0x81, 0x52, 0xd3, 0x43, 0x4d,
    0x7e, 0x71, 0xdb, 0x06, 0x40, 0x30, 0x00, 0xd2, 0x00, 0x00, 0x00, 0x00, 0x61, 0x20, 0x00, 0x00,
    0x46, 0x00, 0x00, 0x00, 0x13, 0x04, 0x41, 0x2c, 0x10, 0x00, 0x00, 0x00, 0x05, 0x00, 0x00, 0x00,
    0x24, 0x47, 0x00, 0x88, 0xcc, 0x00, 0x14, 0x42, 0x29, 0x94, 0x5c, 0xe1, 0x95, 0x1d, 0x95, 0x12,
    0xa0, 0x31, 0x03, 0x00, 0x23, 0x06, 0x09, 0x00, 0x82, 0x60, 0x30, 0x75, 0x05, 0xb4, 0x6d, 0xc9,
    0x88, 0x41, 0x02, 0x80, 0x20, 0x18, 0x4c, 0x9e, 0x31, 0x71, 0x9c, 0x32, 0x62, 0x90, 0x00, 0x20,
    0x08, 0x06, 0xd3, 0x77, 0x44, 0x9d, 0xb7, 0x8c, 0x18, 0x24, 0x00, 0x08, 0x82, 0x81, 0x41, 0x06,
    0xca, 0xe6, 0x4d, 0xcb, 0x88, 0x41, 0x02, 0x80, 0x20, 0x18, 0x18, 0x65, 0xb0, 0x70, 0x9f, 0xc1,
    0x8c, 0x18, 0x24, 0x00, 0x08, 0x82, 0x81, 0x61, 0x06, 0x4c, 0x07, 0x06, 0x54, 0x33, 0x62, 0x90,
    0x00, 0x20, 0x08, 0x06, 0xc6, 0x19, 0x34, 0x5e, 0x18, 0x60, 0xce, 0x88, 0x41, 0x02, 0x80, 0x20,
    0x18, 0x18, 0x68, 0xe0, 0x8c, 0x81, 0x18, 0x5c, 0xcf, 0x88, 0x41, 0x02, 0x80, 0x20, 0x18, 0x18,
    0x69, 0xf0, 0x90, 0xc1, 0x18, 0x28, 0xd0, 0x88, 0xc1, 0x03, 0x80, 0x20, 0x18, 0x34, 0x68, 0xd0,
    0x24, 0x88, 0x10, 0x28, 0x0a, 0x19, 0x90, 0x41, 0xa4, 0x8c, 0x26, 0x04, 0xc0, 0x68, 0x82, 0x10,
    0x8c, 0x26, 0x0c, 0xc2, 0x68, 0x02, 0x31, 0x8c, 0x18, 0x1c, 0x00, 0x08, 0x82, 0x01, 0xc4, 0x06,
    0x11, 0x93, 0x06, 0xa3, 0x09, 0xc1, 0x60, 0x46, 0x23, 0x1f, 0x0b, 0x04, 0xf9, 0xd8, 0xe1, 0xc8,
    0xc7, 0x02, 0x42, 0x3e, 0x86, 0x3c, 0xf2, 0xb1, 0xc0, 0x90, 0x8f, 0x25, 0x90, 0x7c, 0x46, 0x0c,
    0x12, 0x00, 0x04, 0xc1, 0x00, 0xb9, 0x83, 0x4e, 0x0e, 0xe4, 0xe0, 0x0c, 0x8c, 0x11, 0x83, 0x04,
    0x00, 0x41, 0x30, 0x40, 0xee, 0xa0, 0x93, 0x03, 0x39, 0xc8, 0x88, 0x11, 0x83, 0x04, 0x00, 0x41,
    0x30, 0x40, 0xee, 0xa0, 0x93, 0x03, 0x39, 0x30, 0x03, 0x61, 0xc4, 0x20, 0x01, 0x40, 0x10, 0x0c,
    0x90, 0x3b, 0xe8, 0xe4, 0x40, 0x0e, 0xd2, 0x20, 0x40, 0x00, 0x00, 0x00, 0x00, 0x00, 0x00, 0x00,
];

/// `D3D12_PixelShader_Advanced`, from `D3D12_PixelShader_Advanced.h`.
#[rustfmt::skip]
static D3D12_PIXEL_SHADER_ADVANCED: [u8; 10768] = [
    0x44, 0x58, 0x42, 0x43, 0x0c, 0x6b, 0xd1, 0xfa, 0xed, 0x1e, 0xf7, 0xdf, 0x42, 0xbd, 0x4b, 0x28,
    0xba, 0x4c, 0x23, 0xbd, 0x01, 0x00, 0x00, 0x00, 0x10, 0x2a, 0x00, 0x00, 0x08, 0x00, 0x00, 0x00,
    0x40, 0x00, 0x00, 0x00, 0x50, 0x00, 0x00, 0x00, 0xdc, 0x00, 0x00, 0x00, 0x18, 0x01, 0x00, 0x00,
    0x88, 0x02, 0x00, 0x00, 0xb4, 0x03, 0x00, 0x00, 0xa4, 0x0d, 0x00, 0x00, 0xc0, 0x0d, 0x00, 0x00,
    0x53, 0x46, 0x49, 0x30, 0x08, 0x00, 0x00, 0x00, 0x00, 0x00, 0x00, 0x00, 0x00, 0x00, 0x00, 0x00,
    0x49, 0x53, 0x47, 0x31, 0x84, 0x00, 0x00, 0x00, 0x03, 0x00, 0x00, 0x00, 0x08, 0x00, 0x00, 0x00,
    0x00, 0x00, 0x00, 0x00, 0x68, 0x00, 0x00, 0x00, 0x00, 0x00, 0x00, 0x00, 0x01, 0x00, 0x00, 0x00,
    0x03, 0x00, 0x00, 0x00, 0x00, 0x00, 0x00, 0x00, 0x0f, 0x00, 0x00, 0x00, 0x00, 0x00, 0x00, 0x00,
    0x00, 0x00, 0x00, 0x00, 0x74, 0x00, 0x00, 0x00, 0x00, 0x00, 0x00, 0x00, 0x00, 0x00, 0x00, 0x00,
    0x03, 0x00, 0x00, 0x00, 0x01, 0x00, 0x00, 0x00, 0x03, 0x03, 0x00, 0x00, 0x00, 0x00, 0x00, 0x00,
    0x00, 0x00, 0x00, 0x00, 0x7d, 0x00, 0x00, 0x00, 0x00, 0x00, 0x00, 0x00, 0x00, 0x00, 0x00, 0x00,
    0x03, 0x00, 0x00, 0x00, 0x02, 0x00, 0x00, 0x00, 0x0f, 0x0f, 0x00, 0x00, 0x00, 0x00, 0x00, 0x00,
    0x53, 0x56, 0x5f, 0x50, 0x6f, 0x73, 0x69, 0x74, 0x69, 0x6f, 0x6e, 0x00, 0x54, 0x45, 0x58, 0x43,
    0x4f, 0x4f, 0x52, 0x44, 0x00, 0x43, 0x4f, 0x4c, 0x4f, 0x52, 0x00, 0x00, 0x4f, 0x53, 0x47, 0x31,
    0x34, 0x00, 0x00, 0x00, 0x01, 0x00, 0x00, 0x00, 0x08, 0x00, 0x00, 0x00, 0x00, 0x00, 0x00, 0x00,
    0x28, 0x00, 0x00, 0x00, 0x00, 0x00, 0x00, 0x00, 0x40, 0x00, 0x00, 0x00, 0x03, 0x00, 0x00, 0x00,
    0x00, 0x00, 0x00, 0x00, 0x0f, 0x00, 0x00, 0x00, 0x00, 0x00, 0x00, 0x00, 0x53, 0x56, 0x5f, 0x54,
    0x61, 0x72, 0x67, 0x65, 0x74, 0x00, 0x00, 0x00, 0x50, 0x53, 0x56, 0x30, 0x68, 0x01, 0x00, 0x00,
    0x34, 0x00, 0x00, 0x00, 0x00, 0x00, 0x00, 0x00, 0x00, 0x00, 0x00, 0x00, 0x00, 0x00, 0x00, 0x00,
    0x00, 0x00, 0x00, 0x00, 0x00, 0x00, 0x00, 0x00, 0xff, 0xff, 0xff, 0xff, 0x00, 0x00, 0x00, 0x00,
    0x03, 0x01, 0x00, 0x03, 0x01, 0x00, 0x00, 0x00, 0x00, 0x00, 0x00, 0x00, 0x00, 0x00, 0x00, 0x00,
    0x00, 0x00, 0x00, 0x00, 0x10, 0x00, 0x00, 0x00, 0x06, 0x00, 0x00, 0x00, 0x18, 0x00, 0x00, 0x00,
    0x02, 0x00, 0x00, 0x00, 0x00, 0x00, 0x00, 0x00, 0x01, 0x00, 0x00, 0x00, 0x01, 0x00, 0x00, 0x00,
    0x0d, 0x00, 0x00, 0x00, 0x00, 0x00, 0x00, 0x00, 0x01, 0x00, 0x00, 0x00, 0x00, 0x00, 0x00, 0x00,
    0x00, 0x00, 0x00, 0x00, 0x00, 0x00, 0x00, 0x00, 0x0e, 0x00, 0x00, 0x00, 0x00, 0x00, 0x00, 0x00,
    0x01, 0x00, 0x00, 0x00, 0x00, 0x00, 0x00, 0x00, 0x01, 0x00, 0x00, 0x00, 0x01, 0x00, 0x00, 0x00,
    0x0e, 0x00, 0x00, 0x00, 0x00, 0x00, 0x00, 0x00, 0x03, 0x00, 0x00, 0x00, 0x00, 0x00, 0x00, 0x00,
    0x00, 0x00, 0x00, 0x00, 0x00, 0x00, 0x00, 0x00, 0x02, 0x00, 0x00, 0x00, 0x00, 0x00, 0x00, 0x00,
    0x03, 0x00, 0x00, 0x00, 0x00, 0x00, 0x00, 0x00, 0x01, 0x00, 0x00, 0x00, 0x01, 0x00, 0x00, 0x00,
    0x02, 0x00, 0x00, 0x00, 0x00, 0x00, 0x00, 0x00, 0x03, 0x00, 0x00, 0x00, 0x00, 0x00, 0x00, 0x00,
    0x02, 0x00, 0x00, 0x00, 0x02, 0x00, 0x00, 0x00, 0x02, 0x00, 0x00, 0x00, 0x00, 0x00, 0x00, 0x00,
    0x18, 0x00, 0x00, 0x00, 0x00, 0x54, 0x45, 0x58, 0x43, 0x4f, 0x4f, 0x52, 0x44, 0x00, 0x43, 0x4f,
    0x4c, 0x4f, 0x52, 0x00, 0x6d, 0x61, 0x69, 0x6e, 0x00, 0x00, 0x00, 0x00, 0x01, 0x00, 0x00, 0x00,
    0x00, 0x00, 0x00, 0x00, 0x10, 0x00, 0x00, 0x00, 0x00, 0x00, 0x00, 0x00, 0x00, 0x00, 0x00, 0x00,
    0x01, 0x00, 0x44, 0x03, 0x03, 0x04, 0x00, 0x00, 0x01, 0x00, 0x00, 0x00, 0x00, 0x00, 0x00, 0x00,
    0x01, 0x01, 0x42, 0x00, 0x03, 0x02, 0x00, 0x00, 0x0a, 0x00, 0x00, 0x00, 0x00, 0x00, 0x00, 0x00,
    0x01, 0x02, 0x44, 0x00, 0x03, 0x02, 0x00, 0x00, 0x00, 0x00, 0x00, 0x00, 0x00, 0x00, 0x00, 0x00,
    0x01, 0x00, 0x44, 0x10, 0x03, 0x00, 0x00, 0x00, 0x00, 0x00, 0x00, 0x00, 0x00, 0x00, 0x00, 0x00,
    0x00, 0x00, 0x00, 0x00, 0x00, 0x00, 0x00, 0x00, 0x0f, 0x00, 0x00, 0x00, 0x0f, 0x00, 0x00, 0x00,
    0x00, 0x00, 0x00, 0x00, 0x00, 0x00, 0x00, 0x00, 0x01, 0x00, 0x00, 0x00, 0x02, 0x00, 0x00, 0x00,
    0x04, 0x00, 0x00, 0x00, 0x08, 0x00, 0x00, 0x00, 0x52, 0x54, 0x53, 0x30, 0x24, 0x01, 0x00, 0x00,
    0x02, 0x00, 0x00, 0x00, 0x07, 0x00, 0x00, 0x00, 0x18, 0x00, 0x00, 0x00, 0x00, 0x00, 0x00, 0x00,
    0x24, 0x01, 0x00, 0x00, 0x1d, 0x00, 0x00, 0x00, 0x01, 0x00, 0x00, 0x00, 0x00, 0x00, 0x00, 0x00,
    0x6c, 0x00, 0x00, 0x00, 0x01, 0x00, 0x00, 0x00, 0x00, 0x00, 0x00, 0x00, 0x78, 0x00, 0x00, 0x00,
    0x00, 0x00, 0x00, 0x00, 0x05, 0x00, 0x00, 0x00, 0x84, 0x00, 0x00, 0x00, 0x00, 0x00, 0x00, 0x00,
    0x05, 0x00, 0x00, 0x00, 0xa4, 0x00, 0x00, 0x00, 0x00, 0x00, 0x00, 0x00, 0x05, 0x00, 0x00, 0x00,
    0xc4, 0x00, 0x00, 0x00, 0x00, 0x00, 0x00, 0x00, 0x05, 0x00, 0x00, 0x00, 0xe4, 0x00, 0x00, 0x00,
    0x00, 0x00, 0x00, 0x00, 0x05, 0x00, 0x00, 0x00, 0x04, 0x01, 0x00, 0x00, 0x00, 0x00, 0x00, 0x00,
    0x00, 0x00, 0x00, 0x00, 0x10, 0x00, 0x00, 0x00, 0x01, 0x00, 0x00, 0x00, 0x00, 0x00, 0x00, 0x00,
    0x1c, 0x00, 0x00, 0x00, 0x01, 0x00, 0x00, 0x00, 0x8c, 0x00, 0x00, 0x00, 0x00, 0x00, 0x00, 0x00,
    0x01, 0x00, 0x00, 0x00, 0x00, 0x00, 0x00, 0x00, 0x00, 0x00, 0x00, 0x00, 0x00, 0x00, 0x00, 0x00,
    0xff, 0xff, 0xff, 0xff, 0x01, 0x00, 0x00, 0x00, 0xac, 0x00, 0x00, 0x00, 0x00, 0x00, 0x00, 0x00,
    0x01, 0x00, 0x00, 0x00, 0x01, 0x00, 0x00, 0x00, 0x00, 0x00, 0x00, 0x00, 0x00, 0x00, 0x00, 0x00,
    0xff, 0xff, 0xff, 0xff, 0x01, 0x00, 0x00, 0x00, 0xcc, 0x00, 0x00, 0x00, 0x00, 0x00, 0x00, 0x00,
    0x01, 0x00, 0x00, 0x00, 0x02, 0x00, 0x00, 0x00, 0x00, 0x00, 0x00, 0x00, 0x00, 0x00, 0x00, 0x00,
    0xff, 0xff, 0xff, 0xff, 0x01, 0x00, 0x00, 0x00, 0xec, 0x00, 0x00, 0x00, 0x03, 0x00, 0x00, 0x00,
    0x01, 0x00, 0x00, 0x00, 0x00, 0x00, 0x00, 0x00, 0x00, 0x00, 0x00, 0x00, 0x00, 0x00, 0x00, 0x00,
    0xff, 0xff, 0xff, 0xff, 0x01, 0x00, 0x00, 0x00, 0x0c, 0x01, 0x00, 0x00, 0x03, 0x00, 0x00, 0x00,
    0x01, 0x00, 0x00, 0x00, 0x01, 0x00, 0x00, 0x00, 0x00, 0x00, 0x00, 0x00, 0x00, 0x00, 0x00, 0x00,
    0xff, 0xff, 0xff, 0xff, 0x53, 0x54, 0x41, 0x54, 0xe8, 0x09, 0x00, 0x00, 0x60, 0x00, 0x00, 0x00,
    0x7a, 0x02, 0x00, 0x00, 0x44, 0x58, 0x49, 0x4c, 0x00, 0x01, 0x00, 0x00, 0x10, 0x00, 0x00, 0x00,
    0xd0, 0x09, 0x00, 0x00, 0x42, 0x43, 0xc0, 0xde, 0x21, 0x0c, 0x00, 0x00, 0x71, 0x02, 0x00, 0x00,
    0x0b, 0x82, 0x20, 0x00, 0x02, 0x00, 0x00, 0x00, 0x13, 0x00, 0x00, 0x00, 0x07, 0x81, 0x23, 0x91,
    0x41, 0xc8, 0x04, 0x49, 0x06, 0x10, 0x32, 0x39, 0x92, 0x01, 0x84, 0x0c, 0x25, 0x05, 0x08, 0x19,
    0x1e, 0x04, 0x8b, 0x62, 0x80, 0x18, 0x45, 0x02, 0x42, 0x92, 0x0b, 0x42, 0xc4, 0x10, 0x32, 0x14,
    0x38, 0x08, 0x18, 0x4b, 0x0a, 0x32, 0x62, 0x88, 0x48, 0x90, 0x14, 0x20, 0x43, 0x46, 0x88, 0xa5,
    0x00, 0x19, 0x32, 0x42, 0xe4, 0x48, 0x0e, 0x90, 0x11, 0x23, 0xc4, 0x50, 0x41, 0x51, 0x81, 0x8c,
    0xe1, 0x83, 0xe5, 0x8a, 0x04, 0x31, 0x46, 0x06, 0x51, 0x18, 0x00, 0x00, 0x08, 0x00, 0x00, 0x00,
    0x1b, 0x8c, 0xe0, 0xff, 0xff, 0xff, 0xff, 0x07, 0x40, 0x02, 0xa8, 0x0d, 0x84, 0xf0, 0xff, 0xff,
    0xff, 0xff, 0x03, 0x20, 0x6d, 0x30, 0x86, 0xff, 0xff, 0xff, 0xff, 0x1f, 0x00, 0x09, 0xa8, 0x00,
    0x49, 0x18, 0x00, 0x00, 0x03, 0x00, 0x00, 0x00, 0x13, 0x82, 0x60, 0x42, 0x20, 0x4c, 0x08, 0x06,
    0x00, 0x00, 0x00, 0x00, 0x89, 0x20, 0x00, 0x00, 0x5b, 0x00, 0x00, 0x00, 0x32, 0x22, 0x88, 0x09,
    0x20, 0x64, 0x85, 0x04, 0x13, 0x23, 0xa4, 0x84, 0x04, 0x13, 0x23, 0xe3, 0x84, 0xa1, 0x90, 0x14,
    0x12, 0x4c, 0x8c, 0x8c, 0x0b, 0x84, 0xc4, 0x4c, 0x10, 0xa4, 0xc1, 0x08, 0x40, 0x09, 0x00, 0x0a,
    0x66, 0x00, 0xe6, 0x08, 0xc0, 0x60, 0x8e, 0x00, 0x29, 0xc6, 0x40, 0x10, 0x44, 0x41, 0x90, 0x51,
    0x0c, 0x80, 0x20, 0x88, 0x62, 0x20, 0xe4, 0xa6, 0xe1, 0xf2, 0x27, 0xec, 0x21, 0x24, 0x7f, 0x25,
    0xa4, 0x95, 0x98, 0xfc, 0xe2, 0xb6, 0x51, 0x31, 0x0c, 0xc3, 0x40, 0x50, 0x71, 0xcf, 0x70, 0xf9,
    0x13, 0xf6, 0x10, 0x92, 0x1f, 0x02, 0xcd, 0xb0, 0x10, 0x28, 0x58, 0x0a, 0xa3, 0x10, 0x0c, 0x33,
    0x0c, 0xc3, 0x40, 0x10, 0xc4, 0x40, 0x4d, 0x91, 0x14, 0x82, 0x61, 0x86, 0x61, 0x18, 0x08, 0x82,
    0x18, 0x86, 0x61, 0x18, 0x86, 0x81, 0x9e, 0x32, 0x0c, 0xc4, 0x40, 0x51, 0x41, 0x06, 0x62, 0x18,
    0x86, 0x61, 0x18, 0x68, 0x2a, 0xc4, 0x40, 0x0c, 0x03, 0x55, 0x47, 0x0d, 0x97, 0x3f, 0x61, 0x0f,
    0x21, 0xf9, 0xdc, 0x46, 0x15, 0x2b, 0x31, 0xf9, 0xc5, 0x6d, 0x23, 0x62, 0x18, 0x86, 0xa1, 0x10,
    0x17, 0xc1, 0x10, 0x84, 0x95, 0x62, 0x20, 0x86, 0x61, 0x20, 0x6d, 0x8e, 0x20, 0x28, 0x06, 0x43,
    0x14, 0x04, 0xc1, 0x51, 0x37, 0x10, 0x30, 0x8c, 0x40, 0x0c, 0x33, 0xb5, 0xc1, 0x38, 0xb0, 0x43,
    0x38, 0xcc, 0xc3, 0x3c, 0xb8, 0x01, 0x2d, 0x94, 0x03, 0x3e, 0xd0, 0x43, 0x3d, 0xc8, 0x43, 0x39,
    0xc8, 0x01, 0x29, 0xf0, 0x81, 0x3d, 0x94, 0xc3, 0x38, 0xd0, 0xc3, 0x3b, 0xc8, 0x03, 0x1f, 0x98,
    0x03, 0x3b, 0xbc, 0x43, 0x38, 0xd0, 0x03, 0x1b, 0x80, 0x01, 0x1d, 0xf8, 0x01, 0x18, 0xf8, 0x81,
    0x1e, 0xe8, 0x41, 0x3b, 0xa4, 0x03, 0x3c, 0xcc, 0xc3, 0x2f, 0xd0, 0x43, 0x3e, 0xc0, 0x43, 0x39,
    0xa0, 0x80, 0x98, 0x49, 0x0c, 0xc6, 0x81, 0x1d, 0xc2, 0x61, 0x1e, 0xe6, 0xc1, 0x0d, 0x68, 0xa1,
    0x1c, 0xf0, 0x81, 0x1e, 0xea, 0x41, 0x1e, 0xca, 0x41, 0x0e, 0x48, 0x81, 0x0f, 0xec, 0xa1, 0x1c,
    0xc6, 0x81, 0x1e, 0xde, 0x41, 0x1e, 0xf8, 0xc0, 0x1c, 0xd8, 0xe1, 0x1d, 0xc2, 0x81, 0x1e, 0xd8,
    0x00, 0x0c, 0xe8, 0xc0, 0x0f, 0xc0, 0xc0, 0x0f, 0x90, 0x00, 0x86, 0x24, 0x5e, 0xc2, 0x39, 0x8d,
    0x34, 0x01, 0xcd, 0x24, 0xa1, 0x66, 0x18, 0x86, 0x01, 0x1c, 0x86, 0x61, 0x00, 0x41, 0x10, 0x24,
    0xf2, 0x26, 0x69, 0x8a, 0x28, 0x61, 0xf2, 0x59, 0x80, 0x79, 0x16, 0x22, 0x62, 0x27, 0x60, 0x22,
    0x50, 0x40, 0x90, 0x99, 0x0e, 0x04, 0x00, 0x00, 0x13, 0x14, 0x72, 0xc0, 0x87, 0x74, 0x60, 0x87,
    0x36, 0x68, 0x87, 0x79, 0x68, 0x03, 0x72, 0xc0, 0x87, 0x0d, 0xaf, 0x50, 0x0e, 0x6d, 0xd0, 0x0e,
    0x7a, 0x50, 0x0e, 0x6d, 0x00, 0x0f, 0x7a, 0x30, 0x07, 0x72, 0xa0, 0x07, 0x73, 0x20, 0x07, 0x6d,
    0x90, 0x0e, 0x71, 0xa0, 0x07, 0x73, 0x20, 0x07, 0x6d, 0x90, 0x0e, 0x78, 0xa0, 0x07, 0x73, 0x20,
    0x07, 0x6d, 0x90, 0x0e, 0x71, 0x60, 0x07, 0x7a, 0x30, 0x07, 0x72, 0xd0, 0x06, 0xe9, 0x30, 0x07,
    0x72, 0xa0, 0x07, 0x73, 0x20, 0x07, 0x6d, 0x90, 0x0e, 0x76, 0x40, 0x07, 0x7a, 0x60, 0x07, 0x74,
    0xd0, 0x06, 0xe6, 0x10, 0x07, 0x76, 0xa0, 0x07, 0x73, 0x20, 0x07, 0x6d, 0x60, 0x0e, 0x73, 0x20,
    0x07, 0x7a, 0x30, 0x07, 0x72, 0xd0, 0x06, 0xe6, 0x60, 0x07, 0x74, 0xa0, 0x07, 0x76, 0x40, 0x07,
    0x6d, 0xe0, 0x0e, 0x78, 0xa0, 0x07, 0x71, 0x60, 0x07, 0x7a, 0x30, 0x07, 0x72, 0xa0, 0x07, 0x76,
    0x40, 0x07, 0x43, 0x9e, 0x00, 0x08, 0x00, 0x00, 0x00, 0x00, 0x00, 0x00, 0x00, 0x00, 0x00, 0x86,
    0x3c, 0x06, 0x10, 0x00, 0x01, 0x00, 0x00, 0x00, 0x00, 0x00, 0x00, 0x00, 0x0c, 0x79, 0x10, 0x20,
    0x00, 0x04, 0x00, 0x00, 0x00, 0x00, 0x00, 0x00, 0x00, 0x18, 0xf2, 0x34, 0x40, 0x00, 0x0c, 0x00,
    0x00, 0x00, 0x00, 0x00, 0x00, 0x00, 0x30, 0xe4, 0x79, 0x80, 0x00, 0x18, 0x00, 0x00, 0x00, 0x00,
    0x00, 0x00, 0x00, 0x60, 0xc8, 0x13, 0x01, 0x01, 0x10, 0x00, 0x00, 0x00, 0x00, 0x00, 0x00, 0x00,
    0xc0, 0x90, 0x67, 0x02, 0x02, 0x20, 0x00, 0x00, 0x00, 0x00, 0x00, 0x00, 0x00, 0x80, 0x21, 0x4f,
    0x05, 0x04, 0x40, 0x00, 0x00, 0x00, 0x00, 0x00, 0x00, 0x00, 0x00, 0x43, 0x1e, 0x0c, 0x08, 0x80,
    0x01, 0x00, 0x00, 0x00, 0x00, 0x00, 0x00, 0x00, 0x86, 0x3c, 0x1a, 0x10, 0x00, 0x01, 0x00, 0x00,
    0x00, 0x00, 0x00, 0x00, 0x00, 0x0c, 0x79, 0x3a, 0x20, 0x00, 0x06, 0x00, 0x00, 0x00, 0x00, 0x00,
    0x00, 0x00, 0xc8, 0x02, 0x01, 0x00, 0x00, 0x00, 0x1a, 0x00, 0x00, 0x00, 0x32, 0x1e, 0x98, 0x18,
    0x19, 0x11, 0x4c, 0x90, 0x8c, 0x09, 0x26, 0x47, 0xc6, 0x04, 0x43, 0x22, 0x4a, 0x60, 0x04, 0xa0,
    0x18, 0x8a, 0xa0, 0x24, 0x0a, 0x3c, 0xa0, 0x0c, 0xca, 0xa1, 0x10, 0x0a, 0xa2, 0x30, 0x0a, 0xa4,
    0x34, 0x0a, 0xa8, 0x90, 0x0a, 0xaa, 0xb0, 0x0a, 0xac, 0x00, 0x03, 0x0a, 0x34, 0xa0, 0x80, 0x03,
    0xca, 0xa3, 0x7c, 0x4a, 0xd6, 0xa0, 0x2c, 0x17, 0x8a, 0x86, 0x8a, 0x92, 0x28, 0x83, 0x42, 0x18,
    0x01, 0x28, 0x82, 0x02, 0x21, 0xae, 0x06, 0x68, 0x9c, 0x01, 0x20, 0x72, 0x06, 0x80, 0xca, 0x19,
    0x00, 0x3a, 0x67, 0x00, 0x08, 0x1d, 0xcb, 0x61, 0x08, 0x00, 0x00, 0x80, 0xe7, 0x01, 0x80, 0x40,
    0x20, 0x10, 0x00, 0x00, 0x79, 0x18, 0x00, 0x00, 0x0a, 0x01, 0x00, 0x00, 0x1a, 0x03, 0x4c, 0x90,
    0x46, 0x02, 0x13, 0x44, 0x8f, 0x0c, 0x6f, 0xec, 0xed, 0x4d, 0x0c, 0x24, 0xc6, 0x05, 0xc7, 0x45,
    0xa6, 0x06, 0x46, 0xc6, 0x25, 0x26, 0x06, 0x04, 0x45, 0x66, 0x26, 0x27, 0x47, 0x26, 0xa6, 0x46,
    0x46, 0x26, 0x65, 0x43, 0x10, 0x4c, 0x10, 0x88, 0x65, 0x82, 0x40, 0x30, 0x1b, 0x84, 0x81, 0xd8,
    0x20, 0x10, 0x04, 0x05, 0xb8, 0xb9, 0x09, 0x02, 0xd1, 0x6c, 0x18, 0x0e, 0x84, 0x98, 0x20, 0x8c,
    0x01, 0x1b, 0x10, 0xa1, 0x2b, 0xc3, 0xa3, 0xab, 0x93, 0x2b, 0x83, 0x99, 0x20, 0x10, 0xce, 0x04,
    0x81, 0x78, 0x36, 0x08, 0x44, 0xb3, 0x21, 0x21, 0x94, 0x85, 0x20, 0x06, 0x86, 0x70, 0x88, 0xd0,
    0x95, 0xe1, 0xd1, 0xd5, 0xc9, 0x95, 0xc5, 0x6c, 0x48, 0x06, 0x05, 0x22, 0x86, 0x81, 0x21, 0x1c,
    0x22, 0x74, 0x65, 0x78, 0x74, 0x75, 0x72, 0x65, 0x32, 0x1b, 0x12, 0x46, 0x91, 0x08, 0x66, 0x60,
    0x08, 0x67, 0xc3, 0xf0, 0x44, 0xd3, 0x04, 0xa1, 0x0c, 0xdc, 0x80, 0xc9, 0xd0, 0x9b, 0xdb, 0x1c,
    0x5d, 0x98, 0x1b, 0xdd, 0xdc, 0x04, 0x81, 0x80, 0x36, 0x20, 0x44, 0x65, 0x11, 0xc3, 0x70, 0x01,
    0x1b, 0x02, 0x6c, 0x82, 0x70, 0x06, 0x6f, 0x40, 0x64, 0x2e, 0xac, 0x0d, 0x8e, 0xad, 0x4c, 0x0e,
    0x66, 0x03, 0x42, 0x68, 0x1b, 0x41, 0x0c, 0x04, 0x40, 0x64, 0x2e, 0xac, 0x0d, 0x8e, 0xad, 0x4c,
    0x2e, 0x66, 0x03, 0x32, 0x68, 0x1d, 0x31, 0x0c, 0x04, 0xb0, 0x41, 0xe0, 0xbc, 0x0d, 0x04, 0x05,
    0x64, 0xdf, 0x04, 0x81, 0x0c, 0xda, 0x80, 0xcc, 0xdc, 0x98, 0xd4, 0x91, 0xd0, 0xd7, 0x5b, 0x1d,
    0x1d, 0x5c, 0x1d, 0xdd, 0x04, 0x81, 0x88, 0x26, 0x08, 0x84, 0x34, 0x41, 0xe0, 0xd6, 0x60, 0x03,
    0x82, 0x88, 0xc1, 0x18, 0x10, 0x64, 0xd0, 0x34, 0x65, 0x40, 0x86, 0xae, 0x0c, 0x8f, 0xae, 0x4e,
    0xae, 0xec, 0x8b, 0x2e, 0x0f, 0xae, 0x6c, 0x82, 0x40, 0x4c, 0x1b, 0x10, 0xe4, 0x0c, 0xc6, 0x00,
    0x0d, 0xc8, 0xa0, 0x69, 0xca, 0x80, 0x4a, 0x9a, 0x1b, 0x5c, 0x1d, 0xdd, 0x17, 0x5d, 0x1e, 0x5c,
    0xd9, 0x04, 0x81, 0xa0, 0x36, 0x20, 0x88, 0x1a, 0x8c, 0xc1, 0x1a, 0x90, 0x41, 0xd3, 0x94, 0x01,
    0x97, 0xb1, 0x37, 0xb6, 0x37, 0xb9, 0xaf, 0xb9, 0xb1, 0x30, 0xb6, 0xb2, 0x09, 0x02, 0x51, 0x6d,
    0x40, 0x90, 0x36, 0x18, 0x03, 0x37, 0x20, 0x83, 0xa6, 0x29, 0x03, 0x2a, 0x74, 0x65, 0x78, 0x65,
    0x6c, 0x5f, 0x73, 0x69, 0x7a, 0x65, 0x13, 0x04, 0xc2, 0x9a, 0x20, 0x10, 0xd7, 0x06, 0x05, 0x81,
    0x83, 0x31, 0x88, 0x03, 0x32, 0x68, 0x9a, 0x32, 0x90, 0x03, 0x34, 0xa0, 0x43, 0xf7, 0xe6, 0x56,
    0xd6, 0x16, 0x06, 0xf7, 0xd5, 0x56, 0x46, 0x87, 0xf6, 0x46, 0x36, 0x41, 0x20, 0xb0, 0x0d, 0x08,
    0x42, 0x07, 0x63, 0x50, 0x07, 0x64, 0xd0, 0x34, 0x65, 0xc0, 0x87, 0xee, 0xcd, 0xad, 0xac, 0x2d,
    0x0c, 0xee, 0xcb, 0x2c, 0x6c, 0x8c, 0xee, 0x4d, 0x2e, 0x66, 0x82, 0x40, 0x64, 0x1b, 0x10, 0xe4,
    0x0e, 0xc6, 0x00, 0x0f, 0xc8, 0xa0, 0x69, 0xca, 0x80, 0x0f, 0xdd, 0x9b, 0x5b, 0x59, 0x5b, 0x18,
    0xdc, 0x97, 0x59, 0xd8, 0x18, 0xdd, 0x9b, 0x9c, 0xcc, 0x04, 0x81, 0xd0, 0x36, 0x20, 0x88, 0x1e,
    0x8c, 0xc1, 0x1e, 0x90, 0x41, 0xd3, 0x94, 0x01, 0x9f, 0x39, 0x32, 0xb9, 0xaf, 0x3b, 0xb4, 0x34,
    0xba, 0xb2, 0x2f, 0xb8, 0xb7, 0x34, 0x37, 0xba, 0x09, 0x02, 0xb1, 0x6d, 0x40, 0x90, 0x3e, 0x18,
    0x03, 0x3f, 0x20, 0x83, 0xa6, 0x29, 0x03, 0x1e, 0x59, 0x6f, 0x66, 0x66, 0x73, 0x65, 0x74, 0x13,
    0x04, 0x82, 0xdb, 0xa0, 0x20, 0xa0, 0x30, 0x06, 0xa1, 0x40, 0x06, 0x4d, 0x53, 0x06, 0x72, 0x80,
    0x06, 0x34, 0xa4, 0xc6, 0xde, 0xca, 0xcc, 0xcc, 0x26, 0x08, 0x44, 0xb7, 0x41, 0x41, 0x46, 0x61,
    0x0c, 0x48, 0x81, 0x0c, 0x9a, 0xa6, 0x0c, 0xe4, 0x00, 0x0d, 0x68, 0x1c, 0x8d, 0xbd, 0x95, 0x99,
    0x99, 0x4d, 0x10, 0x08, 0x6f, 0x83, 0x82, 0x98, 0xc2, 0x18, 0x9c, 0x02, 0x19, 0x34, 0x4d, 0x19,
    0xc8, 0x01, 0x1a, 0xd0, 0x10, 0x1a, 0x7b, 0x2b, 0x33, 0x33, 0x9b, 0x20, 0x10, 0xdf, 0x06, 0x05,
    0x49, 0x85, 0x31, 0x50, 0x05, 0x32, 0x68, 0x9a, 0x32, 0x90, 0x03, 0x34, 0xd8, 0xe0, 0x5c, 0x66,
    0x90, 0x06, 0x6c, 0xf0, 0x06, 0x73, 0x60, 0x07, 0x79, 0xc0, 0x07, 0x7f, 0x20, 0x0a, 0xa5, 0x80,
    0x0a, 0xab, 0xb0, 0x61, 0x20, 0xc2, 0x80, 0x15, 0x26, 0x08, 0x02, 0xb0, 0x01, 0xd8, 0x30, 0x10,
    0xaf, 0xf0, 0x0a, 0x1b, 0x02, 0x58, 0xd8, 0x30, 0x0c, 0xae, 0x10, 0x0b, 0x13, 0x04, 0x34, 0x80,
    0x83, 0x0d, 0xc1, 0x2c, 0x90, 0x68, 0x0b, 0x4b, 0x73, 0xe3, 0x32, 0x65, 0xf5, 0x05, 0xf5, 0x36,
    0x97, 0x46, 0x97, 0xf6, 0xe6, 0x36, 0x41, 0x28, 0xca, 0x60, 0x82, 0x50, 0x98, 0xc1, 0x86, 0x80,
    0x98, 0x20, 0x14, 0x67, 0x30, 0x41, 0x28, 0xd0, 0x60, 0xc3, 0x42, 0xd8, 0xc2, 0x2d, 0xe0, 0x42,
    0x2e, 0xe8, 0xc2, 0xa0, 0x0b, 0xc4, 0x2e, 0x00, 0x44, 0xa8, 0x8a, 0xb0, 0x86, 0x9e, 0x9e, 0xa4,
    0x88, 0x26, 0x08, 0x45, 0x1a, 0x6c, 0x10, 0xc6, 0x60, 0x0c, 0x36, 0x2c, 0x43, 0x2f, 0xdc, 0xc2,
    0x2e, 0xe4, 0x82, 0x2f, 0x0c, 0xbe, 0x30, 0xec, 0xc2, 0x2f, 0xb0, 0x18, 0x7a, 0x62, 0x7a, 0x92,
    0x9a, 0x20, 0x10, 0x60, 0xb0, 0x41, 0x18, 0x03, 0x71, 0xd8, 0xb0, 0x30, 0xe1, 0x70, 0x0b, 0xbb,
    0x90, 0x0b, 0xbe, 0x30, 0xe8, 0x02, 0xb3, 0x0b, 0xe3, 0xb0, 0x61, 0xe0, 0x05, 0x70, 0x20, 0x07,
    0x26, 0x53, 0x56, 0x5f, 0x54, 0x61, 0x72, 0x67, 0x65, 0x74, 0x13, 0x84, 0x42, 0x0d, 0x36, 0x2c,
    0x84, 0x39, 0xdc, 0xc2, 0x39, 0xe4, 0xc2, 0x2e, 0x0c, 0xba, 0x40, 0xec, 0xc2, 0x38, 0x6c, 0x08,
    0xd0, 0x61, 0xc3, 0x50, 0x0e, 0xe9, 0x00, 0x6c, 0x28, 0x5c, 0xa1, 0x16, 0xd4, 0x01, 0x0c, 0x00,
    0x22, 0x62, 0x72, 0x61, 0x6e, 0x63, 0x68, 0x65, 0x73, 0x13, 0x04, 0x22, 0x0c, 0x68, 0x98, 0xb1,
    0xbd, 0x85, 0xd1, 0xcd, 0x4d, 0x10, 0x08, 0x31, 0x60, 0x91, 0xe6, 0x36, 0x47, 0x37, 0x37, 0x41,
    0x20, 0xc6, 0x80, 0xc6, 0x5c, 0xda, 0xd9, 0x17, 0x1b, 0x19, 0x8d, 0xb9, 0xb4, 0xb3, 0xaf, 0x39,
    0x3a, 0x22, 0x74, 0x65, 0x78, 0x5f, 0x67, 0x72, 0x61, 0x64, 0x44, 0xe8, 0xca, 0xf0, 0xbe, 0xdc,
    0xde, 0xe4, 0xda, 0x26, 0x08, 0x04, 0x19, 0x6c, 0x70, 0xd8, 0xa1, 0x1d, 0xdc, 0xe1, 0x1d, 0xe0,
    0x21, 0x1e, 0xe4, 0x01, 0x99, 0x07, 0x34, 0xa0, 0x87, 0xa1, 0x1e, 0xec, 0xa1, 0x0a, 0x1b, 0x9b,
    0x5d, 0x9b, 0x4b, 0x1a, 0x59, 0x99, 0x1b, 0xdd, 0x94, 0x20, 0xa8, 0x42, 0x86, 0xe7, 0x62, 0x57,
    0x26, 0x37, 0x97, 0xf6, 0xe6, 0x36, 0x25, 0x20, 0x9a, 0x90, 0xe1, 0xb9, 0xd8, 0x85, 0xb1, 0xd9,
    0x95, 0xc9, 0x4d, 0x09, 0x8a, 0x3a, 0x64, 0x78, 0x2e, 0x73, 0x68, 0x61, 0x64, 0x65, 0x72, 0x4d,
    0x6f, 0x64, 0x65, 0x6c, 0x53, 0x02, 0xa4, 0x0c, 0x19, 0x9e, 0x8b, 0x5c, 0xd9, 0xdc, 0x5b, 0x9d,
    0xdc, 0x58, 0xd9, 0xdc, 0x94, 0xe0, 0xab, 0x44, 0x86, 0xe7, 0x42, 0x97, 0x07, 0x57, 0x16, 0xe4,
    0xe6, 0xf6, 0x46, 0x17, 0x46, 0x97, 0xf6, 0xe6, 0x36, 0x37, 0x45, 0x60, 0x85, 0x58, 0xa8, 0x43,
    0x86, 0xe7, 0x62, 0x97, 0x56, 0x76, 0x97, 0x44, 0x36, 0x45, 0x17, 0x46, 0x57, 0x36, 0x25, 0x98,
    0x85, 0x3a, 0x64, 0x78, 0x2e, 0x65, 0x6e, 0x74, 0x72, 0x79, 0x50, 0x6f, 0x69, 0x6e, 0x74, 0x73,
    0x53, 0x02, 0x75, 0xe8, 0x42, 0x86, 0xe7, 0x32, 0xf6, 0x56, 0xe7, 0x46, 0x57, 0x26, 0x37, 0x37,
    0x25, 0xb0, 0x07, 0x00, 0x79, 0x18, 0x00, 0x00, 0x51, 0x00, 0x00, 0x00, 0x33, 0x08, 0x80, 0x1c,
    0xc4, 0xe1, 0x1c, 0x66, 0x14, 0x01, 0x3d, 0x88, 0x43, 0x38, 0x84, 0xc3, 0x8c, 0x42, 0x80, 0x07,
    0x79, 0x78, 0x07, 0x73, 0x98, 0x71, 0x0c, 0xe6, 0x00, 0x0f, 0xed, 0x10, 0x0e, 0xf4, 0x80, 0x0e,
    0x33, 0x0c, 0x42, 0x1e, 0xc2, 0xc1, 0x1d, 0xce, 0xa1, 0x1c, 0x66, 0x30, 0x05, 0x3d, 0x88, 0x43,
    0x38, 0x84, 0x83, 0x1b, 0xcc, 0x03, 0x3d, 0xc8, 0x43, 0x3d, 0x8c, 0x03, 0x3d, 0xcc, 0x78, 0x8c,
    0x74, 0x70, 0x07, 0x7b, 0x08, 0x07, 0x79, 0x48, 0x87, 0x70, 0x70, 0x07, 0x7a, 0x70, 0x03, 0x76,
    0x78, 0x87, 0x70, 0x20, 0x87, 0x19, 0xcc, 0x11, 0x0e, 0xec, 0x90, 0x0e, 0xe1, 0x30, 0x0f, 0x6e,
    0x30, 0x0f, 0xe3, 0xf0, 0x0e, 0xf0, 0x50, 0x0e, 0x33, 0x10, 0xc4, 0x1d, 0xde, 0x21, 0x1c, 0xd8,
    0x21, 0x1d, 0xc2, 0x61, 0x1e, 0x66, 0x30, 0x89, 0x3b, 0xbc, 0x83, 0x3b, 0xd0, 0x43, 0x39, 0xb4,
    0x03, 0x3c, 0xbc, 0x83, 0x3c, 0x84, 0x03, 0x3b, 0xcc, 0xf0, 0x14, 0x76, 0x60, 0x07, 0x7b, 0x68,
    0x07, 0x37, 0x68, 0x87, 0x72, 0x68, 0x07, 0x37, 0x80, 0x87, 0x70, 0x90, 0x87, 0x70, 0x60, 0x07,
    0x76, 0x28, 0x07, 0x76, 0xf8, 0x05, 0x76, 0x78, 0x87, 0x77, 0x80, 0x87, 0x5f, 0x08, 0x87, 0x71,
    0x18, 0x87, 0x72, 0x98, 0x87, 0x79, 0x98, 0x81, 0x2c, 0xee, 0xf0, 0x0e, 0xee, 0xe0, 0x0e, 0xf5,
    0xc0, 0x0e, 0xec, 0x30, 0x03, 0x62, 0xc8, 0xa1, 0x1c, 0xe4, 0xa1, 0x1c, 0xcc, 0xa1, 0x1c, 0xe4,
    0xa1, 0x1c, 0xdc, 0x61, 0x1c, 0xca, 0x21, 0x1c, 0xc4, 0x81, 0x1d, 0xca, 0x61, 0x06, 0xd6, 0x90,
    0x43, 0x39, 0xc8, 0x43, 0x39, 0x98, 0x43, 0x39, 0xc8, 0x43, 0x39, 0xb8, 0xc3, 0x38, 0x94, 0x43,
    0x38, 0x88, 0x03, 0x3b, 0x94, 0xc3, 0x2f, 0xbc, 0x83, 0x3c, 0xfc, 0x82, 0x3b, 0xd4, 0x03, 0x3b,
    0xb0, 0xc3, 0x0c, 0xc4, 0x21, 0x07, 0x7c, 0x70, 0x03, 0x7a, 0x28, 0x87, 0x76, 0x80, 0x87, 0x19,
    0xd1, 0x43, 0x0e, 0xf8, 0xe0, 0x06, 0xe4, 0x20, 0x0e, 0xe7, 0xe0, 0x06, 0xf6, 0x10, 0x0e, 0xf2,
    0xc0, 0x0e, 0xe1, 0x90, 0x0f, 0xef, 0x50, 0x0f, 0xf4, 0x30, 0x83, 0x81, 0xc8, 0x01, 0x1f, 0xdc,
    0x40, 0x1c, 0xe4, 0xa1, 0x1c, 0xc2, 0x61, 0x1d, 0xdc, 0x40, 0x1c, 0xe4, 0x01, 0x00, 0x00, 0x00,
    0x71, 0x20, 0x00, 0x00, 0x2a, 0x00, 0x00, 0x00, 0x76, 0x00, 0x0d, 0x97, 0xef, 0x3c, 0x7e, 0x80,
    0x34, 0x40, 0x84, 0xf9, 0xc5, 0x6d, 0x1b, 0xc2, 0x36, 0x5c, 0xbe, 0xf3, 0xf8, 0x42, 0x40, 0x15,
    0x05, 0x11, 0x95, 0x0e, 0x30, 0x94, 0x84, 0x01, 0x08, 0x98, 0x5f, 0xdc, 0xb6, 0x29, 0x48, 0xc3,
    0xe5, 0x3b, 0x8f, 0x2f, 0x44, 0x04, 0x30, 0x11, 0x21, 0xd0, 0x0c, 0x0b, 0x61, 0x06, 0xce, 0x70,
    0xf9, 0xce, 0xe3, 0x0f, 0xce, 0x74, 0xfb, 0xc5, 0x6d, 0x5b, 0xc0, 0x34, 0x5c, 0xbe, 0xf3, 0xf8,
    0x8b, 0x03, 0x0c, 0x62, 0xf3, 0x50, 0x93, 0x5f, 0xdc, 0xb6, 0x0d, 0x40, 0xc3, 0xe5, 0x3b, 0x8f,
    0x2f, 0x01, 0xcc, 0xb3, 0x10, 0x7e, 0x71, 0xdb, 0x46, 0x40, 0x0d, 0x97, 0xef, 0x3c, 0xbe, 0x04,
    0x30, 0xcf, 0x42, 0x80, 0x11, 0x30, 0xf8, 0xc5, 0x6d, 0x9b, 0x40, 0x35, 0x5c, 0xbe, 0xf3, 0xf8,
    0xd2, 0xe4, 0x44, 0x04, 0x4a, 0x4d, 0x0f, 0x35, 0xf9, 0xc5, 0x6d, 0x5b, 0x82, 0x34, 0x5c, 0xbe,
    0xf3, 0xf8, 0x13, 0x11, 0x4d, 0x08, 0x10, 0x61, 0x7e, 0x71, 0xdb, 0x56, 0xf0, 0x0c, 0x97, 0xef,
    0x3c, 0x3e, 0xd5, 0x00, 0x11, 0xe6, 0x17, 0xb7, 0x6d, 0x00, 0x04, 0x03, 0x20, 0x0d, 0x00, 0x00,
    0x00, 0x00, 0x00, 0x00, 0x48, 0x41, 0x53, 0x48, 0x14, 0x00, 0x00, 0x00, 0x00, 0x00, 0x00, 0x00,
    0xe5, 0x78, 0x3c, 0xac, 0xc8, 0x34, 0xe5, 0xaa, 0x4a, 0xab, 0xc6, 0x5f, 0x81, 0x58, 0x6b, 0x3b,
    0x44, 0x58, 0x49, 0x4c, 0x48, 0x1c, 0x00, 0x00, 0x60, 0x00, 0x00, 0x00, 0x12, 0x07, 0x00, 0x00,
    0x44, 0x58, 0x49, 0x4c, 0x00, 0x01, 0x00, 0x00, 0x10, 0x00, 0x00, 0x00, 0x30, 0x1c, 0x00, 0x00,
    0x42, 0x43, 0xc0, 0xde, 0x21, 0x0c, 0x00, 0x00, 0x09, 0x07, 0x00, 0x00, 0x0b, 0x82, 0x20, 0x00,
    0x02, 0x00, 0x00, 0x00, 0x13, 0x00, 0x00, 0x00, 0x07, 0x81, 0x23, 0x91, 0x41, 0xc8, 0x04, 0x49,
    0x06, 0x10, 0x32, 0x39, 0x92, 0x01, 0x84, 0x0c, 0x25, 0x05, 0x08, 0x19, 0x1e, 0x04, 0x8b, 0x62,
    0x80, 0x18, 0x45, 0x02, 0x42, 0x92, 0x0b, 0x42, 0xc4, 0x10, 0x32, 0x14, 0x38, 0x08, 0x18, 0x4b,
    0x0a, 0x32, 0x62, 0x88, 0x48, 0x90, 0x14, 0x20, 0x43, 0x46, 0x88, 0xa5, 0x00, 0x19, 0x32, 0x42,
    0xe4, 0x48, 0x0e, 0x90, 0x11, 0x23, 0xc4, 0x50, 0x41, 0x51, 0x81, 0x8c, 0xe1, 0x83, 0xe5, 0x8a,
    0x04, 0x31, 0x46, 0x06, 0x51, 0x18, 0x00, 0x00, 0x08, 0x00, 0x00, 0x00, 0x1b, 0x8c, 0xe0, 0xff,
    0xff, 0xff, 0xff, 0x07, 0x40, 0x02, 0xa8, 0x0d, 0x84, 0xf0, 0xff, 0xff, 0xff, 0xff, 0x03, 0x20,
    0x6d, 0x30, 0x86, 0xff, 0xff, 0xff, 0xff, 0x1f, 0x00, 0x09, 0xa8, 0x00, 0x49, 0x18, 0x00, 0x00,
    0x03, 0x00, 0x00, 0x00, 0x13, 0x82, 0x60, 0x42, 0x20, 0x4c, 0x08, 0x06, 0x00, 0x00, 0x00, 0x00,
    0x89, 0x20, 0x00, 0x00, 0x5c, 0x00, 0x00, 0x00, 0x32, 0x22, 0x88, 0x09, 0x20, 0x64, 0x85, 0x04,
    0x13, 0x23, 0xa4, 0x84, 0x04, 0x13, 0x23, 0xe3, 0x84, 0xa1, 0x90, 0x14, 0x12, 0x4c, 0x8c, 0x8c,
    0x0b, 0x84, 0xc4, 0x4c, 0x10, 0xa8, 0xc1, 0x08, 0x40, 0x09, 0x00, 0x0a, 0x66, 0x00, 0xe6, 0x08,
    0xc0, 0x60, 0x8e, 0x00, 0x29, 0xc6, 0x40, 0x10, 0x44, 0x41, 0x90, 0x51, 0x0c, 0x80, 0x20, 0x88,
    0x62, 0x20, 0xe4, 0xa6, 0xe1, 0xf2, 0x27, 0xec, 0x21, 0x24, 0x7f, 0x25, 0xa4, 0x95, 0x98, 0xfc,
    0xe2, 0xb6, 0x51, 0x31, 0x0c, 0xc3, 0x40, 0x50, 0x71, 0xcf, 0x70, 0xf9, 0x13, 0xf6, 0x10, 0x92,
    0x1f, 0x02, 0xcd, 0xb0, 0x10, 0x28, 0x58, 0x0a, 0xa3, 0x10, 0x0c, 0x33, 0x0c, 0xc3, 0x40, 0x10,
    0xc4, 0x40, 0x4d, 0x91, 0x14, 0x82, 0x61, 0x86, 0x61, 0x18, 0x08, 0x82, 0x18, 0x86, 0x61, 0x18,
    0x86, 0x81, 0x9e, 0x32, 0x0c, 0xc4, 0x40, 0x51, 0x41, 0x06, 0x62, 0x18, 0x86, 0x61, 0x18, 0x68,
    0x2a, 0xc4, 0x40, 0x0c, 0x03, 0x55, 0x47, 0x0d, 0x97, 0x3f, 0x61, 0x0f, 0x21, 0xf9, 0xdc, 0x46,
    0x15, 0x2b, 0x31, 0xf9, 0xc5, 0x6d, 0x23, 0x62, 0x18, 0x86, 0xa1, 0x10, 0x17, 0xc1, 0x10, 0x84,
    0x95, 0x62, 0x20, 0x86, 0x61, 0x20, 0x6d, 0x8e, 0x20, 0x28, 0x06, 0x43, 0x14, 0x04, 0xc1, 0x51,
    0x37, 0x10, 0x30, 0x8c, 0x40, 0x0c, 0x33, 0xb5, 0xc1, 0x38, 0xb0, 0x43, 0x38, 0xcc, 0xc3, 0x3c,
    0xb8, 0x01, 0x2d, 0x94, 0x03, 0x3e, 0xd0, 0x43, 0x3d, 0xc8, 0x43, 0x39, 0xc8, 0x01, 0x29, 0xf0,
    0x81, 0x3d, 0x94, 0xc3, 0x38, 0xd0, 0xc3, 0x3b, 0xc8, 0x03, 0x1f, 0x98, 0x03, 0x3b, 0xbc, 0x43,
    0x38, 0xd0, 0x03, 0x1b, 0x80, 0x01, 0x1d, 0xf8, 0x01, 0x18, 0xf8, 0x81, 0x1e, 0xe8, 0x41, 0x3b,
    0xa4, 0x03, 0x3c, 0xcc, 0xc3, 0x2f, 0xd0, 0x43, 0x3e, 0xc0, 0x43, 0x39, 0xa0, 0x80, 0x98, 0x49,
    0x0c, 0xc6, 0x81, 0x1d, 0xc2, 0x61, 0x1e, 0xe6, 0xc1, 0x0d, 0x68, 0xa1, 0x1c, 0xf0, 0x81, 0x1e,
    0xea, 0x41, 0x1e, 0xca, 0x41, 0x0e, 0x48, 0x81, 0x0f, 0xec, 0xa1, 0x1c, 0xc6, 0x81, 0x1e, 0xde,
    0x41, 0x1e, 0xf8, 0xc0, 0x1c, 0xd8, 0xe1, 0x1d, 0xc2, 0x81, 0x1e, 0xd8, 0x00, 0x0c, 0xe8, 0xc0,
    0x0f, 0xc0, 0xc0, 0x0f, 0x90, 0x00, 0x86, 0x24, 0x5e, 0xc2, 0x39, 0x8d, 0x34, 0x01, 0xcd, 0x24,
    0xa1, 0x66, 0x18, 0x86, 0x01, 0x1c, 0x86, 0x61, 0x00, 0x41, 0x10, 0x24, 0xf2, 0x26, 0x69, 0x8a,
    0x28, 0x61, 0xf2, 0x59, 0x80, 0x79, 0x16, 0x22, 0x62, 0x27, 0x60, 0x22, 0x50, 0x40, 0x90, 0x99,
    0x0e, 0xc4, 0x14, 0x00, 0x00, 0x00, 0x00, 0x00, 0x13, 0x14, 0x72, 0xc0, 0x87, 0x74, 0x60, 0x87,
    0x36, 0x68, 0x87, 0x79, 0x68, 0x03, 0x72, 0xc0, 0x87, 0x0d, 0xaf, 0x50, 0x0e, 0x6d, 0xd0, 0x0e,
    0x7a, 0x50, 0x0e, 0x6d, 0x00, 0x0f, 0x7a, 0x30, 0x07, 0x72, 0xa0, 0x07, 0x73, 0x20, 0x07, 0x6d,
    0x90, 0x0e, 0x71, 0xa0, 0x07, 0x73, 0x20, 0x07, 0x6d, 0x90, 0x0e, 0x78, 0xa0, 0x07, 0x73, 0x20,
    0x07, 0x6d, 0x90, 0x0e, 0x71, 0x60, 0x07, 0x7a, 0x30, 0x07, 0x72, 0xd0, 0x06, 0xe9, 0x30, 0x07,
    0x72, 0xa0, 0x07, 0x73, 0x20, 0x07, 0x6d, 0x90, 0x0e, 0x76, 0x40, 0x07, 0x7a, 0x60, 0x07, 0x74,
    0xd0, 0x06, 0xe6, 0x10, 0x07, 0x76, 0xa0, 0x07, 0x73, 0x20, 0x07, 0x6d, 0x60, 0x0e, 0x73, 0x20,
    0x07, 0x7a, 0x30, 0x07, 0x72, 0xd0, 0x06, 0xe6, 0x60, 0x07, 0x74, 0xa0, 0x07, 0x76, 0x40, 0x07,
    0x6d, 0xe0, 0x0e, 0x78, 0xa0, 0x07, 0x71, 0x60, 0x07, 0x7a, 0x30, 0x07, 0x72, 0xa0, 0x07, 0x76,
    0x40, 0x07, 0x43, 0x9e, 0x00, 0x00, 0x00, 0x00, 0x00, 0x00, 0x00, 0x00, 0x00, 0x00, 0x00, 0x86,
    0x3c, 0x06, 0x10, 0x00, 0x01, 0x00, 0x00, 0x00, 0x00, 0x00, 0x00, 0x00, 0x0c, 0x79, 0x10, 0x20,
    0x00, 0x04, 0x00, 0x00, 0x00, 0x00, 0x00, 0x00, 0x00, 0x18, 0xf2, 0x34, 0x40, 0x00, 0x0c, 0x00,
    0x00, 0x00, 0x00, 0x00, 0x00, 0x00, 0x30, 0xe4, 0x79, 0x80, 0x00, 0x18, 0x00, 0x00, 0x00, 0x00,
    0x00, 0x00, 0x00, 0x60, 0xc8, 0x13, 0x01, 0x01, 0x10, 0x00, 0x00, 0x00, 0x00, 0x00, 0x00, 0x00,
    0xc0, 0x90, 0x67, 0x02, 0x02, 0x20, 0x00, 0x00, 0x00, 0x00, 0x00, 0x00, 0x00, 0x80, 0x21, 0x4f,
    0x05, 0x04, 0x40, 0x00, 0x00, 0x00, 0x00, 0x00, 0x00, 0x00, 0x00, 0x43, 0x1e, 0x0c, 0x08, 0x80,
    0x01, 0x00, 0x00, 0x00, 0x00, 0x00, 0x00, 0x00, 0x86, 0x3c, 0x1a, 0x10, 0x00, 0x01, 0x00, 0x00,
    0x00, 0x00, 0x00, 0x00, 0x00, 0x0c, 0x79, 0x3a, 0x20, 0x00, 0x06, 0x00, 0x00, 0x00, 0x00, 0x00,
    0x00, 0x00, 0xc8, 0x02, 0x01, 0x00, 0x00, 0x00, 0x11, 0x00, 0x00, 0x00, 0x32, 0x1e, 0x98, 0x14,
    0x19, 0x11, 0x4c, 0x90, 0x8c, 0x09, 0x26, 0x47, 0xc6, 0x04, 0x43, 0x22, 0x4a, 0x60, 0x04, 0xa0,
    0x20, 0x8a, 0xa1, 0x08, 0x4a, 0xa2, 0xc0, 0x03, 0xca, 0xa0, 0x3c, 0xa8, 0x28, 0x89, 0x32, 0x28,
    0x84, 0x11, 0x80, 0x22, 0x28, 0x10, 0x1a, 0x67, 0x00, 0xa8, 0x9c, 0x01, 0xa0, 0x73, 0x06, 0x80,
    0xd0, 0xb1, 0x1c, 0x86, 0x00, 0x00, 0x00, 0x78, 0x1e, 0x00, 0x08, 0x04, 0x02, 0x01, 0x00, 0x00,
    0x79, 0x18, 0x00, 0x00, 0x71, 0x00, 0x00, 0x00, 0x1a, 0x03, 0x4c, 0x90, 0x46, 0x02, 0x13, 0x44,
    0x8f, 0x0c, 0x6f, 0xec, 0xed, 0x4d, 0x0c, 0x24, 0xc6, 0x05, 0xc7, 0x45, 0xa6, 0x06, 0x46, 0xc6,
    0x25, 0x26, 0x06, 0x04, 0x45, 0x66, 0x26, 0x27, 0x47, 0x26, 0xa6, 0x46, 0x46, 0x26, 0x65, 0x43,
    0x10, 0x4c, 0x10, 0x88, 0x65, 0x82, 0x40, 0x30, 0x1b, 0x84, 0x81, 0x98, 0x20, 0x10, 0xcd, 0x06,
    0x61, 0x30, 0x28, 0xc0, 0xcd, 0x4d, 0x10, 0x08, 0x67, 0xc3, 0x80, 0x24, 0xc4, 0x04, 0x61, 0x0c,
    0x34, 0x02, 0x13, 0x04, 0xe2, 0x99, 0x20, 0x10, 0xd0, 0x06, 0x81, 0x70, 0x36, 0x24, 0xc4, 0xc2,
    0x10, 0xc4, 0xd0, 0x10, 0xcf, 0x86, 0x64, 0x58, 0x18, 0x62, 0x18, 0x1a, 0xe2, 0xd9, 0x90, 0x34,
    0x0b, 0x43, 0x34, 0x43, 0x43, 0x3c, 0x1b, 0x06, 0x28, 0x92, 0x26, 0x08, 0x65, 0xb0, 0x4d, 0x10,
    0x88, 0x68, 0x03, 0x42, 0x50, 0x0c, 0x31, 0x0c, 0x15, 0xb0, 0x21, 0xb0, 0x26, 0x08, 0x67, 0xc0,
    0x6d, 0x40, 0x08, 0x8c, 0x21, 0x88, 0x81, 0x00, 0x36, 0x20, 0x03, 0xc6, 0x10, 0xc3, 0x40, 0x00,
    0x1b, 0x84, 0x4c, 0xdb, 0x40, 0x4c, 0xc0, 0xb5, 0x4d, 0x10, 0xd0, 0xa0, 0xdb, 0x10, 0x74, 0x13,
    0x04, 0x01, 0x20, 0xd1, 0x16, 0x96, 0xe6, 0xc6, 0x65, 0xca, 0xea, 0x0b, 0xea, 0x6d, 0x2e, 0x8d,
    0x2e, 0xed, 0xcd, 0x6d, 0x82, 0x50, 0x50, 0x13, 0x84, 0xa2, 0xda, 0x10, 0x10, 0x13, 0x84, 0xc2,
    0x9a, 0x20, 0x14, 0xd7, 0x86, 0x85, 0x08, 0x03, 0x31, 0x18, 0x03, 0x32, 0x28, 0x83, 0xa1, 0x0c,
    0x08, 0x33, 0x00, 0x88, 0x50, 0x15, 0x61, 0x0d, 0x3d, 0x3d, 0x49, 0x11, 0x4d, 0x10, 0x0a, 0x6c,
    0x82, 0x40, 0x48, 0x1b, 0x04, 0x35, 0x50, 0x83, 0x0d, 0xcb, 0x80, 0x06, 0x62, 0x60, 0x06, 0x64,
    0x90, 0x06, 0x43, 0x1a, 0x0c, 0x66, 0xb0, 0x06, 0x2c, 0x86, 0x9e, 0x98, 0x9e, 0xa4, 0x26, 0x08,
    0xc4, 0xb4, 0x41, 0x50, 0x03, 0x37, 0xd8, 0xb0, 0x34, 0x6d, 0x20, 0x06, 0x66, 0x40, 0x06, 0x69,
    0x30, 0x94, 0x41, 0x63, 0x06, 0x6f, 0xb0, 0x61, 0x38, 0x03, 0x36, 0x80, 0x03, 0x26, 0x53, 0x56,
    0x5f, 0x54, 0x61, 0x72, 0x67, 0x65, 0x74, 0x13, 0x84, 0x22, 0xdb, 0xb0, 0x10, 0x72, 0x20, 0x06,
    0x73, 0x40, 0x06, 0x66, 0x30, 0x94, 0x01, 0x61, 0x06, 0x6f, 0xb0, 0x21, 0xa0, 0x83, 0x0d, 0x43,
    0x1c, 0xd4, 0x01, 0xb0, 0xa1, 0xf8, 0xc0, 0xc0, 0x0e, 0x38, 0xa0, 0x0a, 0x1b, 0x9b, 0x5d, 0x9b,
    0x4b, 0x1a, 0x59, 0x99, 0x1b, 0xdd, 0x94, 0x20, 0xa8, 0x42, 0x86, 0xe7, 0x62, 0x57, 0x26, 0x37,
    0x97, 0xf6, 0xe6, 0x36, 0x25, 0x20, 0x9a, 0x90, 0xe1, 0xb9, 0xd8, 0x85, 0xb1, 0xd9, 0x95, 0xc9,
    0x4d, 0x09, 0x8c, 0x3a, 0x64, 0x78, 0x2e, 0x73, 0x68, 0x61, 0x64, 0x65, 0x72, 0x4d, 0x6f, 0x64,
    0x65, 0x6c, 0x53, 0x82, 0xa4, 0x0c, 0x19, 0x9e, 0x8b, 0x5c, 0xd9, 0xdc, 0x5b, 0x9d, 0xdc, 0x58,
    0xd9, 0xdc, 0x94, 0x60, 0xab, 0x43, 0x86, 0xe7, 0x62, 0x97, 0x56, 0x76, 0x97, 0x44, 0x36, 0x45,
    0x17, 0x46, 0x57, 0x36, 0x25, 0xe8, 0xea, 0x90, 0xe1, 0xb9, 0x94, 0xb9, 0xd1, 0xc9, 0xe5, 0x41,
    0xbd, 0xa5, 0xb9, 0xd1, 0xcd, 0x4d, 0x09, 0xec, 0x00, 0x00, 0x00, 0x00, 0x79, 0x18, 0x00, 0x00,
    0x51, 0x00, 0x00, 0x00, 0x33, 0x08, 0x80, 0x1c, 0xc4, 0xe1, 0x1c, 0x66, 0x14, 0x01, 0x3d, 0x88,
    0x43, 0x38, 0x84, 0xc3, 0x8c, 0x42, 0x80, 0x07, 0x79, 0x78, 0x07, 0x73, 0x98, 0x71, 0x0c, 0xe6,
    0x00, 0x0f, 0xed, 0x10, 0x0e, 0xf4, 0x80, 0x0e, 0x33, 0x0c, 0x42, 0x1e, 0xc2, 0xc1, 0x1d, 0xce,
    0xa1, 0x1c, 0x66, 0x30, 0x05, 0x3d, 0x88, 0x43, 0x38, 0x84, 0x83, 0x1b, 0xcc, 0x03, 0x3d, 0xc8,
    0x43, 0x3d, 0x8c, 0x03, 0x3d, 0xcc, 0x78, 0x8c, 0x74, 0x70, 0x07, 0x7b, 0x08, 0x07, 0x79, 0x48,
    0x87, 0x70, 0x70, 0x07, 0x7a, 0x70, 0x03, 0x76, 0x78, 0x87, 0x70, 0x20, 0x87, 0x19, 0xcc, 0x11,
    0x0e, 0xec, 0x90, 0x0e, 0xe1, 0x30, 0x0f, 0x6e, 0x30, 0x0f, 0xe3, 0xf0, 0x0e, 0xf0, 0x50, 0x0e,
    0x33, 0x10, 0xc4, 0x1d, 0xde, 0x21, 0x1c, 0xd8, 0x21, 0x1d, 0xc2, 0x61, 0x1e, 0x66, 0x30, 0x89,
    0x3b, 0xbc, 0x83, 0x3b, 0xd0, 0x43, 0x39, 0xb4, 0x03, 0x3c, 0xbc, 0x83, 0x3c, 0x84, 0x03, 0x3b,
    0xcc, 0xf0, 0x14, 0x76, 0x60, 0x07, 0x7b, 0x68, 0x07, 0x37, 0x68, 0x87, 0x72, 0x68, 0x07, 0x37,
    0x80, 0x87, 0x70, 0x90, 0x87, 0x70, 0x60, 0x07, 0x76, 0x28, 0x07, 0x76, 0xf8, 0x05, 0x76, 0x78,
    0x87, 0x77, 0x80, 0x87, 0x5f, 0x08, 0x87, 0x71, 0x18, 0x87, 0x72, 0x98, 0x87, 0x79, 0x98, 0x81,
    0x2c, 0xee, 0xf0, 0x0e, 0xee, 0xe0, 0x0e, 0xf5, 0xc0, 0x0e, 0xec, 0x30, 0x03, 0x62, 0xc8, 0xa1,
    0x1c, 0xe4, 0xa1, 0x1c, 0xcc, 0xa1, 0x1c, 0xe4, 0xa1, 0x1c, 0xdc, 0x61, 0x1c, 0xca, 0x21, 0x1c,
    0xc4, 0x81, 0x1d, 0xca, 0x61, 0x06, 0xd6, 0x90, 0x43, 0x39, 0xc8, 0x43, 0x39, 0x98, 0x43, 0x39,
    0xc8, 0x43, 0x39, 0xb8, 0xc3, 0x38, 0x94, 0x43, 0x38, 0x88, 0x03, 0x3b, 0x94, 0xc3, 0x2f, 0xbc,
    0x83, 0x3c, 0xfc, 0x82, 0x3b, 0xd4, 0x03, 0x3b, 0xb0, 0xc3, 0x0c, 0xc4, 0x21, 0x07, 0x7c, 0x70,
    0x03, 0x7a, 0x28, 0x87, 0x76, 0x80, 0x87, 0x19, 0xd1, 0x43, 0x0e, 0xf8, 0xe0, 0x06, 0xe4, 0x20,
    0x0e, 0xe7, 0xe0, 0x06, 0xf6, 0x10, 0x0e, 0xf2, 0xc0, 0x0e, 0xe1, 0x90, 0x0f, 0xef, 0x50, 0x0f,
    0xf4, 0x30, 0x83, 0x81, 0xc8, 0x01, 0x1f, 0xdc, 0x40, 0x1c, 0xe4, 0xa1, 0x1c, 0xc2, 0x61, 0x1d,
    0xdc, 0x40, 0x1c, 0xe4, 0x01, 0x00, 0x00, 0x00, 0x71, 0x20, 0x00, 0x00, 0x2a, 0x00, 0x00, 0x00,
    0x76, 0x00, 0x0d, 0x97, 0xef, 0x3c, 0x7e, 0x80, 0x34, 0x40, 0x84, 0xf9, 0xc5, 0x6d, 0x1b, 0xc2,
    0x36, 0x5c, 0xbe, 0xf3, 0xf8, 0x42, 0x40, 0x15, 0x05, 0x11, 0x95, 0x0e, 0x30, 0x94, 0x84, 0x01,
    0x08, 0x98, 0x5f, 0xdc, 0xb6, 0x29, 0x48, 0xc3, 0xe5, 0x3b, 0x8f, 0x2f, 0x44, 0x04, 0x30, 0x11,
    0x21, 0xd0, 0x0c, 0x0b, 0x61, 0x06, 0xce, 0x70, 0xf9, 0xce, 0xe3, 0x0f, 0xce, 0x74, 0xfb, 0xc5,
    0x6d, 0x5b, 0xc0, 0x34, 0x5c, 0xbe, 0xf3, 0xf8, 0x8b, 0x03, 0x0c, 0x62, 0xf3, 0x50, 0x93, 0x5f,
    0xdc, 0xb6, 0x0d, 0x40, 0xc3, 0xe5, 0x3b, 0x8f, 0x2f, 0x01, 0xcc, 0xb3, 0x10, 0x7e, 0x71, 0xdb,
    0x46, 0x40, 0x0d, 0x97, 0xef, 0x3c, 0xbe, 0x04, 0x30, 0xcf, 0x42, 0x80, 0x11, 0x30, 0xf8, 0xc5,
    0x6d, 0x9b, 0x40, 0x35, 0x5c, 0xbe, 0xf3, 0xf8, 0xd2, 0xe4, 0x44, 0x04, 0x4a, 0x4d, 0x0f, 0x35,
    0xf9, 0xc5, 0x6d, 0x5b, 0x82, 0x34, 0x5c, 0xbe, 0xf3, 0xf8, 0x13, 0x11, 0x4d, 0x08, 0x10, 0x61,
    0x7e, 0x71, 0xdb, 0x56, 0xf0, 0x0c, 0x97, 0xef, 0x3c, 0x3e, 0xd5, 0x00, 0x11, 0xe6, 0x17, 0xb7,
    0x6d, 0x00, 0x04, 0x03, 0x20, 0x0d, 0x00, 0x00, 0x61, 0x20, 0x00, 0x00, 0x37, 0x05, 0x00, 0x00,
    0x13, 0x04, 0xa3, 0x10, 0x0b, 0x04, 0x00, 0x00, 0x5d, 0x00, 0x00, 0x00, 0xc4, 0x8d, 0x00, 0x50,
    0x51, 0x02, 0x44, 0x94, 0x5f, 0x21, 0x15, 0x6a, 0x40, 0x99, 0x06, 0x94, 0x5c, 0x29, 0x94, 0x4d,
    0xb1, 0x94, 0x5b, 0x19, 0x15, 0x42, 0x39, 0x94, 0x4a, 0xb9, 0x14, 0x57, 0xd9, 0x15, 0xde, 0x0c,
    0x00, 0x0d, 0x63, 0x04, 0xeb, 0x88, 0xc7, 0x2c, 0x18, 0x8c, 0x11, 0x80, 0x20, 0x8c, 0x87, 0x63,
    0x30, 0x46, 0x60, 0xde, 0xeb, 0x2a, 0x7b, 0x63, 0x04, 0x31, 0x0f, 0xf6, 0xb9, 0x37, 0x46, 0xe0,
    0xf6, 0xb1, 0x68, 0x7b, 0x63, 0x04, 0xef, 0x9e, 0x96, 0xf7, 0x37, 0x46, 0xa0, 0xb3, 0xe6, 0x1c,
    0x82, 0xc1, 0x18, 0x81, 0x98, 0x8b, 0x69, 0xff, 0x8d, 0x11, 0x80, 0x25, 0xcf, 0xc6, 0xbf, 0x30,
    0x46, 0x30, 0xa6, 0xab, 0x9a, 0xfb, 0xc2, 0x18, 0xc1, 0x3f, 0x93, 0xfe, 0xef, 0x0b, 0x63, 0x04,
    0x74, 0x0d, 0x8a, 0xf9, 0x37, 0x46, 0xd0, 0xc2, 0x71, 0x0c, 0xfa, 0xc2, 0x18, 0xc1, 0xdc, 0xb7,
    0x69, 0xea, 0x0b, 0x63, 0x04, 0xad, 0x1b, 0xf2, 0xbc, 0x2f, 0x8c, 0x11, 0xf0, 0x39, 0xeb, 0xe3,
    0xdf, 0x18, 0x01, 0x08, 0x82, 0x20, 0x0a, 0x06, 0x63, 0x04, 0x20, 0x08, 0x82, 0x2a, 0x18, 0x8c,
    0x11, 0x80, 0x20, 0x08, 0xb2, 0x60, 0x30, 0x46, 0x00, 0x82, 0x20, 0xe8, 0x82, 0xc1, 0x18, 0x01,
    0x08, 0x82, 0x20, 0x0c, 0x06, 0x63, 0x04, 0x2c, 0x7b, 0x86, 0xf2, 0x37, 0x46, 0x80, 0xfa, 0x65,
    0xac, 0x7e, 0x63, 0x04, 0xf9, 0xa9, 0x8b, 0xb3, 0x37, 0x46, 0xa0, 0xd7, 0xe0, 0x8e, 0x7b, 0x63,
    0x04, 0x2a, 0x9e, 0xdb, 0xf6, 0x37, 0x46, 0xf0, 0xf6, 0x29, 0x3d, 0x7a, 0x63, 0x04, 0xeb, 0x1c,
    0xb3, 0xa8, 0x37, 0x46, 0x90, 0x86, 0x30, 0xba, 0x7b, 0x63, 0x04, 0x77, 0x1b, 0xab, 0xf6, 0x37,
    0x46, 0x00, 0x82, 0x74, 0x9b, 0x83, 0xc1, 0x18, 0x01, 0x08, 0x82, 0x6b, 0x0e, 0x06, 0x63, 0x04,
    0x20, 0x08, 0xb2, 0xf5, 0x2f, 0x8c, 0x11, 0xb0, 0xed, 0xfc, 0x93, 0xde, 0x18, 0x01, 0x08, 0x82,
    0x20, 0xfc, 0x0b, 0x63, 0x04, 0x20, 0x08, 0x82, 0xf8, 0x2f, 0x8c, 0x11, 0xb0, 0x6d, 0xfc, 0xca,
    0xdb, 0x18, 0x81, 0xdb, 0xc7, 0xa2, 0xed, 0x0b, 0x63, 0x04, 0x7d, 0x2c, 0xba, 0xf8, 0x37, 0x46,
    0x50, 0xab, 0xb5, 0xda, 0x7e, 0x63, 0x04, 0xb2, 0xe8, 0xf6, 0x34, 0x18, 0x8c, 0x11, 0xf0, 0xf0,
    0xaa, 0xd3, 0xdd, 0x18, 0x01, 0x08, 0x82, 0x20, 0x09, 0x06, 0x63, 0x04, 0x20, 0x08, 0x82, 0x20,
    0x18, 0x8c, 0x11, 0x80, 0x20, 0x08, 0xc2, 0xdd, 0x18, 0x01, 0x08, 0x82, 0xfe, 0xfd, 0x8d, 0x00,
    0x8c, 0x11, 0x80, 0x20, 0x08, 0xe2, 0xdf, 0x18, 0x01, 0x08, 0x82, 0x20, 0xfc, 0xcd, 0x00, 0x00,
    0x23, 0x06, 0x09, 0x00, 0x82, 0x60, 0xd0, 0xe9, 0x02, 0x28, 0xb4, 0x42, 0x2d, 0xd4, 0x82, 0x29,
    0x8c, 0x18, 0x24, 0x00, 0x08, 0x82, 0x41, 0xb7, 0x0b, 0xa1, 0xe0, 0x0a, 0xba, 0xa0, 0x0b, 0xa7,
    0x30, 0x62, 0x90, 0x00, 0x20, 0x08, 0x06, 0x1d, 0x2f, 0x88, 0xc2, 0x2b, 0xe8, 0x82, 0x2e, 0xa0,
    0xc2, 0x88, 0x41, 0x02, 0x80, 0x20, 0x18, 0x74, 0xbd, 0x30, 0x0a, 0xb2, 0xc0, 0x0b, 0xbc, 0x90,
    0x0a, 0x23, 0x06, 0x09, 0x00, 0x82, 0x60, 0xd0, 0xf9, 0x02, 0x29, 0xcc, 0x02, 0x2f, 0xf0, 0x82,
    0x2a, 0x8c, 0x18, 0x24, 0x00, 0x08, 0x82, 0x41, 0xf7, 0x0b, 0xa5, 0x10, 0x0b, 0xbd, 0xe0, 0x0b,
    0xab, 0x30, 0x62, 0x90, 0x00, 0x20, 0x08, 0x06, 0x46, 0x3a, 0x80, 0xc2, 0x2e, 0xf8, 0xc2, 0x2c,
    0xe4, 0xc1, 0x88, 0x41, 0x02, 0x80, 0x20, 0x18, 0x18, 0xea, 0x10, 0x0a, 0xbc, 0xf0, 0x0b, 0xac,
    0xa0, 0x07, 0x23, 0x06, 0x09, 0x00, 0x82, 0x60, 0x60, 0xac, 0x83, 0x28, 0xf4, 0x02, 0x38, 0xd0,
    0xc2, 0x1e, 0x8c, 0x18, 0x24, 0x00, 0x08, 0x82, 0x81, 0xc1, 0x0e, 0xa3, 0xe0, 0x0b, 0xe1, 0x80,
    0x0b, 0x7c, 0x30, 0x62, 0x90, 0x00, 0x20, 0x08, 0x06, 0x46, 0x3b, 0x90, 0xc2, 0x38, 0x88, 0xc3,
    0x2d, 0xf4, 0xc1, 0x88, 0x41, 0x02, 0x80, 0x20, 0x18, 0x18, 0xee, 0x50, 0x0a, 0xe4, 0x30, 0x0e,
    0xb0, 0xe0, 0x07, 0x23, 0x06, 0x07, 0x00, 0x82, 0x60, 0x80, 0xa1, 0x43, 0x28, 0x1c, 0xe4, 0x30,
    0x9a, 0x10, 0x04, 0xc3, 0x11, 0x81, 0x14, 0x7c, 0xb3, 0x0c, 0x51, 0x10, 0x0c, 0x47, 0x08, 0x52,
    0xf0, 0xcd, 0x32, 0x08, 0x43, 0x30, 0x62, 0xf0, 0x00, 0x20, 0x08, 0x06, 0x4d, 0x3c, 0x90, 0x82,
    0xc3, 0x18, 0x45, 0x14, 0xa1, 0x03, 0x3a, 0x8c, 0x42, 0x34, 0x9a, 0x10, 0x00, 0xa3, 0x09, 0x42,
    0x30, 0x9a, 0x30, 0x08, 0xa3, 0x09, 0xc4, 0x30, 0x4b, 0x10, 0x0d, 0x47, 0x20, 0x5c, 0xf0, 0xcd,
    0x32, 0x10, 0x45, 0x30, 0x62, 0x60, 0x00, 0x20, 0x08, 0x06, 0x51, 0x3d, 0xdc, 0x02, 0x33, 0x62,
    0x60, 0x00, 0x20, 0x08, 0x06, 0x91, 0x3d, 0xe0, 0x02, 0x33, 0x62, 0x60, 0x00, 0x20, 0x08, 0x06,
    0xd1, 0x3d, 0xb8, 0x83, 0x30, 0x62, 0x60, 0x00, 0x20, 0x08, 0x06, 0x11, 0x3e, 0xbc, 0x83, 0x30,
    0x62, 0x60, 0x00, 0x20, 0x08, 0x06, 0x51, 0x3e, 0xf0, 0x02, 0x34, 0x62, 0x60, 0x00, 0x20, 0x08,
    0x06, 0x91, 0x3e, 0xf4, 0x02, 0x34, 0x62, 0x60, 0x00, 0x20, 0x08, 0x06, 0xd1, 0x3e, 0xc8, 0x83,
    0x30, 0x62, 0x60, 0x00, 0x20, 0x08, 0x06, 0x11, 0x3f, 0xcc, 0x83, 0x60, 0x82, 0x01, 0x1f, 0x13,
    0x0c, 0xf8, 0x8c, 0x18, 0x1c, 0x00, 0x08, 0x82, 0x01, 0xc6, 0x0f, 0xb5, 0xb0, 0xe5, 0xc3, 0x68,
    0x42, 0x20, 0x8c, 0x26, 0x08, 0x83, 0x09, 0x85, 0x7c, 0x4c, 0x28, 0xe4, 0x33, 0x62, 0x70, 0x00,
    0x20, 0x08, 0x06, 0x95, 0x48, 0x80, 0x83, 0x30, 0x07, 0x23, 0x06, 0x07, 0x00, 0x82, 0x60, 0x50,
    0x8d, 0x44, 0x38, 0x08, 0x74, 0x30, 0x62, 0x70, 0x00, 0x20, 0x08, 0x06, 0x15, 0x49, 0xa8, 0x83,
    0xa0, 0x06, 0x23, 0x06, 0x07, 0x00, 0x82, 0x60, 0x50, 0x95, 0xc4, 0x3a, 0x08, 0x6b, 0x60, 0xc8,
    0x27, 0x1f, 0x43, 0x3e, 0xf9, 0x18, 0xd1, 0x06, 0xf2, 0x31, 0xc2, 0x0d, 0xe4, 0x63, 0x84, 0x10,
    0x1f, 0x23, 0x84, 0xf8, 0x8c, 0x18, 0x18, 0x00, 0x08, 0x82, 0x41, 0xe4, 0x12, 0xec, 0x20, 0x8c,
    0x18, 0x18, 0x00, 0x08, 0x82, 0x41, 0xf4, 0x12, 0xed, 0x20, 0x98, 0x02, 0x0a, 0xf0, 0xb1, 0x60,
    0x80, 0x8f, 0x2d, 0xa2, 0x00, 0x1f, 0x0b, 0x08, 0xf8, 0xd8, 0xe0, 0xd0, 0xc7, 0x04, 0x87, 0x3e,
    0x23, 0x06, 0x06, 0x00, 0x82, 0x60, 0x10, 0xd9, 0x04, 0x3c, 0x08, 0x23, 0x06, 0x06, 0x00, 0x82,
    0x60, 0x10, 0xdd, 0x44, 0x3c, 0x08, 0x26, 0x80, 0x82, 0x7c, 0x4c, 0x08, 0x05, 0xf9, 0xd8, 0x28,
    0x08, 0xf1, 0x31, 0x52, 0x10, 0xe2, 0x63, 0x86, 0x21, 0x1f, 0x0b, 0x06, 0xf9, 0xd8, 0x71, 0xc8,
    0xc7, 0x02, 0x42, 0x3e, 0x23, 0x06, 0x06, 0x00, 0x82, 0x60, 0x10, 0x81, 0xc5, 0x3f, 0x50, 0x23,
    0x06, 0x06, 0x00, 0x82, 0x60, 0x10, 0x85, 0x05, 0x48, 0x50, 0x26, 0x94, 0x02, 0x7c, 0x4c, 0x30,
    0x05, 0xf8, 0x98, 0x70, 0xc0, 0xc7, 0x04, 0x03, 0x3e, 0xa3, 0x09, 0x67, 0x00, 0x8c, 0x26, 0xa0,
    0x41, 0x60, 0x84, 0x20, 0x1f, 0x23, 0x04, 0xf9, 0x8c, 0x18, 0x54, 0x00, 0x08, 0x82, 0xc1, 0xb3,
    0x16, 0x2f, 0x91, 0x0a, 0xa7, 0x20, 0x04, 0xac, 0xc0, 0x0a, 0x63, 0x31, 0x16, 0xfe, 0x50, 0x07,
    0x74, 0xc0, 0x0a, 0x71, 0x00, 0x07, 0xac, 0xc0, 0x0a, 0xa3, 0x09, 0x01, 0x30, 0x9a, 0x20, 0x04,
    0xa3, 0x09, 0x83, 0x30, 0x9a, 0x40, 0x0c, 0xb3, 0x04, 0xd1, 0x70, 0xc4, 0x28, 0xe0, 0x42, 0xf0,
    0xcd, 0x32, 0x18, 0x47, 0x30, 0x62, 0xf0, 0x00, 0x20, 0x08, 0x06, 0x8d, 0x5c, 0x94, 0xc4, 0x2b,
    0xb4, 0xc2, 0x29, 0x98, 0x82, 0x2c, 0xc8, 0x42, 0x5a, 0xa4, 0x05, 0x49, 0xc8, 0xc2, 0x68, 0x42,
    0x00, 0x58, 0x80, 0x0b, 0xf2, 0xb1, 0x40, 0x17, 0xe0, 0x33, 0x62, 0xf0, 0x00, 0x20, 0x08, 0x06,
    0x8d, 0x5d, 0xa4, 0x04, 0x2d, 0xc8, 0x42, 0x70, 0x0b, 0xb6, 0x60, 0x0b, 0x6d, 0xd1, 0x16, 0x28,
    0x61, 0x0b, 0xa3, 0x09, 0x01, 0x30, 0x9a, 0x20, 0x04, 0xa3, 0x09, 0x83, 0x30, 0x9a, 0x40, 0x0c,
    0xb3, 0x04, 0xd1, 0x70, 0x44, 0x2b, 0xf0, 0x43, 0xf0, 0xcd, 0x32, 0x20, 0x49, 0x30, 0x62, 0x70,
    0x00, 0x20, 0x08, 0x06, 0xd8, 0x5d, 0xc0, 0x84, 0x2d, 0xd0, 0xc5, 0x68, 0x42, 0x20, 0x8c, 0x26,
    0x08, 0x83, 0x09, 0xb4, 0x20, 0x1f, 0x13, 0x68, 0x41, 0x3e, 0x26, 0x88, 0x03, 0x7c, 0x4c, 0x18,
    0x07, 0xf8, 0x8c, 0x18, 0x18, 0x00, 0x08, 0x82, 0x41, 0x14, 0x1a, 0x60, 0x21, 0x8c, 0x18, 0x18,
    0x00, 0x08, 0x82, 0x41, 0x24, 0x1a, 0x61, 0x21, 0x98, 0x40, 0x0f, 0xf0, 0x31, 0xa1, 0x1e, 0xe0,
    0x33, 0x9a, 0xb0, 0x00, 0xa3, 0x09, 0x4c, 0x60, 0x84, 0x20, 0x1f, 0x23, 0x04, 0xf9, 0x18, 0xc2,
    0x0e, 0xf0, 0x31, 0xa4, 0x1d, 0xe0, 0x63, 0x82, 0x21, 0x1f, 0x13, 0x0c, 0xf9, 0x8c, 0x18, 0x18,
    0x00, 0x08, 0x82, 0x41, 0xd4, 0x1a, 0x6b, 0xe1, 0x8c, 0x18, 0x18, 0x00, 0x08, 0x82, 0x41, 0xe4,
    0x1a, 0x6c, 0xe1, 0x8c, 0x18, 0x3c, 0x00, 0x08, 0x82, 0x41, 0x13, 0x1b, 0x64, 0xe1, 0x0e, 0xec,
    0x80, 0x1c, 0xf1, 0x10, 0x0f, 0xa8, 0x81, 0x1a, 0x63, 0x11, 0x0f, 0xa3, 0x09, 0x01, 0x60, 0xc1,
    0x3d, 0xc8, 0xc7, 0x82, 0x7c, 0x80, 0xcf, 0x88, 0xc1, 0x03, 0x80, 0x20, 0x18, 0x34, 0xb5, 0x81,
    0x16, 0xf3, 0x10, 0x0f, 0x81, 0x3d, 0xd4, 0x43, 0x3d, 0xb0, 0x06, 0x6b, 0x9c, 0x45, 0x3d, 0x8c,
    0x26, 0x04, 0xc0, 0x68, 0x82, 0x10, 0x8c, 0x26, 0x0c, 0xc2, 0x68, 0x02, 0x31, 0x8c, 0x18, 0x3c,
    0x00, 0x08, 0x82, 0x41, 0xa3, 0x1b, 0x6d, 0x71, 0x0f, 0xf5, 0x10, 0x31, 0xfa, 0xa0, 0x0f, 0xb1,
    0x11, 0x1b, 0x6c, 0xa1, 0x0f, 0xa3, 0x09, 0x01, 0x60, 0x01, 0x48, 0xc8, 0xc7, 0x02, 0x91, 0x80,
    0xcf, 0x88, 0xc1, 0x03, 0x80, 0x20, 0x18, 0x34, 0xbe, 0x11, 0x17, 0xfc, 0xa0, 0x0f, 0xc1, 0x3f,
    0xf8, 0x83, 0x3f, 0xd4, 0x46, 0x6d, 0xc0, 0x85, 0x3f, 0x8c, 0x26, 0x04, 0xc0, 0x68, 0x82, 0x10,
    0x8c, 0x26, 0x0c, 0xc2, 0x68, 0x02, 0x31, 0x8c, 0x18, 0x3c, 0x00, 0x08, 0x82, 0x41, 0x33, 0x1e,
    0x76, 0x01, 0x12, 0xfe, 0x60, 0x65, 0x23, 0x31, 0x12, 0xba, 0xa1, 0x1b, 0x75, 0x31, 0x12, 0xa3,
    0x09, 0x01, 0x60, 0x41, 0x4a, 0xc8, 0xc7, 0x82, 0x95, 0x80, 0xcf, 0x88, 0xc1, 0x03, 0x80, 0x20,
    0x18, 0x34, 0xe7, 0xa1, 0x17, 0x25, 0x31, 0x12, 0x01, 0x4a, 0x9c, 0xc4, 0x49, 0xf8, 0x86, 0x6f,
    0xe4, 0xc5, 0x49, 0x8c, 0x26, 0x04, 0xc0, 0x68, 0x82, 0x10, 0x8c, 0x26, 0x0c, 0xc2, 0x68, 0x02,
    0x31, 0x8c, 0x18, 0x3c, 0x00, 0x08, 0x82, 0x41, 0xc3, 0x1e, 0x7f, 0x91, 0x12, 0x27, 0xf1, 0x79,
    0x2c, 0xc1, 0x12, 0xe3, 0x31, 0x1e, 0x7e, 0xc1, 0x12, 0xa3, 0x09, 0x01, 0x60, 0x81, 0x4c, 0xc8,
    0xc7, 0x02, 0x9a, 0x80, 0xcf, 0x88, 0xc1, 0x03, 0x80, 0x20, 0x18, 0x34, 0xf0, 0x31, 0x1a, 0x2e,
    0xc1, 0x12, 0x41, 0x4c, 0xc0, 0x04, 0x4c, 0x9c, 0xc7, 0x79, 0x88, 0x06, 0x4c, 0x8c, 0x26, 0x04,
    0xc0, 0x68, 0x82, 0x10, 0x8c, 0x26, 0x0c, 0xc2, 0x68, 0x02, 0x31, 0x18, 0xd1, 0xc4, 0xc7, 0x88,
    0x26, 0x3e, 0x46, 0x34, 0xf1, 0x31, 0xa2, 0x89, 0x8f, 0x11, 0x69, 0x20, 0x1f, 0x23, 0xd4, 0x40,
    0x3e, 0x46, 0xac, 0x81, 0x7c, 0x8c, 0x60, 0x03, 0xf9, 0x98, 0x77, 0x06, 0xf1, 0x31, 0xef, 0x0c,
    0xe2, 0x63, 0xde, 0x19, 0xc4, 0xc7, 0xbc, 0x33, 0x88, 0x8f, 0x11, 0x71, 0x20, 0x1f, 0x23, 0xe4,
    0x40, 0x3e, 0x46, 0xcc, 0x81, 0x7c, 0x8c, 0xa0, 0x03, 0xf9, 0x18, 0xf1, 0x06, 0xf0, 0x31, 0xe2,
    0x0d, 0xe0, 0x63, 0xc4, 0x1b, 0xc0, 0xc7, 0x88, 0x37, 0x80, 0x8f, 0x85, 0x01, 0x11, 0x1f, 0x0b,
    0x22, 0xf8, 0x98, 0x18, 0x14, 0xf1, 0xb1, 0x40, 0x82, 0x8f, 0x8d, 0x81, 0x11, 0x1f, 0x0b, 0x26,
    0xf8, 0x18, 0x19, 0x1c, 0xf1, 0xb1, 0x80, 0x82, 0x8f, 0x1d, 0xa2, 0x20, 0x1f, 0x33, 0x46, 0x41,
    0x3e, 0x56, 0x90, 0x82, 0x7c, 0x8c, 0x28, 0x05, 0xf9, 0x18, 0x01, 0xc1, 0xc7, 0x08, 0x08, 0x3e,
    0x46, 0x40, 0xf0, 0x31, 0x02, 0x82, 0xcf, 0x2c, 0x41, 0x34, 0x1c, 0xb1, 0x16, 0xb9, 0x11, 0x7c,
    0xb3, 0x0c, 0xca, 0x12, 0x8c, 0x18, 0x18, 0x00, 0x08, 0x82, 0x41, 0x84, 0x23, 0xfa, 0xf1, 0x16,
    0x23, 0x06, 0x06, 0x00, 0x82, 0x60, 0x10, 0xe5, 0xc8, 0x7e, 0xbc, 0xc5, 0x88, 0x81, 0x01, 0x80,
    0x20, 0x18, 0x44, 0x3a, 0x12, 0x23, 0xc2, 0x88, 0x81, 0x01, 0x80, 0x20, 0x18, 0x44, 0x3b, 0x22,
    0x23, 0xc2, 0x88, 0x81, 0x01, 0x80, 0x20, 0x18, 0x44, 0x3c, 0xf2, 0x1f, 0x73, 0x31, 0x62, 0x60,
    0x00, 0x20, 0x08, 0x06, 0x51, 0x8f, 0x80, 0xc8, 0x5c, 0x8c, 0x18, 0x18, 0x00, 0x08, 0x82, 0x41,
    0xe4, 0x23, 0x35, 0x22, 0x8c, 0x18, 0x18, 0x00, 0x08, 0x82, 0x41, 0xf4, 0x23, 0x36, 0x22, 0x98,
    0x60, 0xc0, 0xc7, 0x04, 0x03, 0x3e, 0x23, 0x06, 0x07, 0x00, 0x82, 0x60, 0x80, 0xfd, 0x08, 0x7e,
    0xf8, 0x05, 0x8f, 0x8c, 0x26, 0x04, 0xc2, 0x68, 0x82, 0x30, 0x98, 0x50, 0xc8, 0xc7, 0x84, 0x42,
    0x3e, 0x23, 0x06, 0x07, 0x00, 0x82, 0x60, 0x50, 0x95, 0xc9, 0x88, 0x08, 0xb6, 0x31, 0x62, 0x70,
    0x00, 0x20, 0x08, 0x06, 0x95, 0x99, 0x90, 0x88, 0x70, 0x1b, 0x23, 0x06, 0x07, 0x00, 0x82, 0x60,
    0x50, 0x9d, 0x49, 0x8b, 0x08, 0xad, 0x31, 0x62, 0x70, 0x00, 0x20, 0x08, 0x06, 0x15, 0x9a, 0xb8,
    0x88, 0xe0, 0x1a, 0x86, 0x88, 0x86, 0x7c, 0x0c, 0x11, 0x0d, 0xf9, 0x18, 0x01, 0x1b, 0xf2, 0x31,
    0x22, 0x36, 0xe4, 0x63, 0x84, 0x10, 0x1f, 0x23, 0x84, 0xf8, 0x8c, 0x18, 0x18, 0x00, 0x08, 0x82,
    0x41, 0x14, 0x27, 0x2f, 0x22, 0x8c, 0x18, 0x18, 0x00, 0x08, 0x82, 0x41, 0x24, 0x27, 0x30, 0x22,
    0x98, 0x32, 0x1e, 0xf0, 0xb1, 0x60, 0x80, 0x8f, 0x2d, 0xe5, 0x01, 0x1f, 0x0b, 0x08, 0xf8, 0xd8,
    0xe0, 0xd0, 0xc7, 0x04, 0x87, 0x3e, 0x23, 0x06, 0x06, 0x00, 0x82, 0x60, 0x10, 0xe5, 0xc9, 0x8c,
    0x08, 0x23, 0x06, 0x06, 0x00, 0x82, 0x60, 0x10, 0xe9, 0x09, 0x8d, 0x08, 0x26, 0x8c, 0x87, 0x7c,
    0x4c, 0x20, 0x0f, 0xf9, 0x98, 0x79, 0x08, 0xf1, 0xb1, 0xf3, 0x10, 0xe2, 0x63, 0x86, 0x21, 0x1f,
    0x0b, 0x06, 0xf9, 0xd8, 0x71, 0xc8, 0xc7, 0x02, 0x42, 0x3e, 0x23, 0x06, 0x06, 0x00, 0x82, 0x60,
    0x10, 0x8d, 0x8a, 0x98, 0x50, 0x23, 0x06, 0x06, 0x00, 0x82, 0x60, 0x10, 0x91, 0xca, 0x98, 0x50,
    0x26, 0xa0, 0x07, 0x7c, 0x4c, 0x48, 0x0f, 0xf8, 0x98, 0x70, 0xc0, 0xc7, 0x04, 0x03, 0x3e, 0xa3,
    0x09, 0x67, 0x00, 0x8c, 0x26, 0xa0, 0x41, 0x60, 0x68, 0x20, 0xc8, 0xc7, 0x82, 0x42, 0x3e, 0x96,
    0x06, 0x83, 0x7c, 0x2c, 0x30, 0xe4, 0x63, 0x83, 0x7c, 0xc0, 0xc7, 0x84, 0xf9, 0x80, 0xcf, 0x88,
    0x81, 0x01, 0x80, 0x20, 0x18, 0x44, 0xb1, 0x02, 0x27, 0xc2, 0x88, 0x81, 0x01, 0x80, 0x20, 0x18,
    0x44, 0xb2, 0x12, 0x27, 0x82, 0x09, 0x24, 0x02, 0x1f, 0x13, 0x4a, 0x04, 0x3e, 0x26, 0x30, 0xf2,
    0x31, 0x81, 0x91, 0x8f, 0x19, 0xfa, 0x01, 0x1f, 0x33, 0xf6, 0x03, 0x3e, 0x26, 0x40, 0xf2, 0x31,
    0x01, 0x92, 0xcf, 0x88, 0x81, 0x01, 0x80, 0x20, 0x18, 0x44, 0xbb, 0x92, 0x27, 0xcc, 0x88, 0x81,
    0x01, 0x80, 0x20, 0x18, 0x44, 0xbc, 0xa2, 0x27, 0xcc, 0x88, 0xc1, 0x03, 0x80, 0x20, 0x18, 0x34,
    0xbf, 0x22, 0x27, 0xfc, 0xa1, 0x1f, 0xc8, 0xf1, 0x1f, 0xff, 0x61, 0x2b, 0xb6, 0x12, 0x27, 0xff,
    0x31, 0x9a, 0x10, 0x00, 0x16, 0x94, 0x88, 0x7c, 0x2c, 0x38, 0x11, 0xf8, 0x8c, 0x18, 0x3c, 0x00,
    0x08, 0x82, 0x41, 0x33, 0x2e, 0x76, 0x12, 0x22, 0xff, 0x11, 0x90, 0xc8, 0x88, 0x8c, 0x88, 0xae,
    0xe8, 0x4a, 0x9d, 0x8c, 0xc8, 0x68, 0x42, 0x00, 0x8c, 0x26, 0x08, 0xc1, 0x68, 0xc2, 0x20, 0x8c,
    0x26, 0x10, 0xc3, 0x88, 0xc1, 0x03, 0x80, 0x20, 0x18, 0x34, 0xe8, 0xb2, 0x27, 0x25, 0x32, 0x22,
    0x11, 0x83, 0x22, 0x28, 0xf2, 0x2b, 0xbf, 0xa2, 0x27, 0x28, 0x32, 0x9a, 0x10, 0x00, 0x16, 0xb8,
    0x88, 0x7c, 0x2c, 0x80, 0x11, 0xf8, 0x8c, 0x18, 0x3c, 0x00, 0x08, 0x82, 0x41, 0xc3, 0x2e, 0x7f,
    0xa2, 0x22, 0x28, 0x12, 0xb4, 0x08, 0x8b, 0xb0, 0xc8, 0xb8, 0x8c, 0x8b, 0x9f, 0xb0, 0xc8, 0x68,
    0x42, 0x00, 0x8c, 0x26, 0x08, 0xc1, 0x68, 0xc2, 0x20, 0x8c, 0x26, 0x10, 0xc3, 0x88, 0xc1, 0x03,
    0x80, 0x20, 0x18, 0x34, 0xf1, 0x42, 0x2a, 0x2e, 0xc2, 0x22, 0x56, 0x16, 0x23, 0x31, 0x82, 0x2e,
    0xe8, 0x32, 0x2a, 0x31, 0x32, 0x9a, 0x10, 0x00, 0x16, 0xdc, 0x88, 0x7c, 0x2c, 0xc8, 0x11, 0xf8,
    0x8c, 0x18, 0x3c, 0x00, 0x08, 0x82, 0x41, 0x53, 0x2f, 0xa8, 0x32, 0x23, 0x31, 0x12, 0xd8, 0x48,
    0x8d, 0xd4, 0x08, 0xbb, 0xb0, 0xcb, 0xa9, 0xd4, 0xc8, 0x68, 0x42, 0x00, 0x8c, 0x26, 0x08, 0xc1,
    0x68, 0xc2, 0x20, 0x8c, 0x26, 0x10, 0xc3, 0x88, 0xc1, 0x03, 0x80, 0x20, 0x18, 0x34, 0xfa, 0xd2,
    0x2a, 0x37, 0x52, 0x23, 0x9f, 0xa7, 0x23, 0x3a, 0x12, 0x2f, 0xf1, 0xc2, 0x2a, 0x3a, 0x32, 0x9a,
    0x10, 0x00, 0x16, 0x80, 0x89, 0x7c, 0x2c, 0x10, 0x13, 0xf8, 0x8c, 0x18, 0x3c, 0x00, 0x08, 0x82,
    0x41, 0xe3, 0x2f, 0xb1, 0xc2, 0x23, 0x3a, 0x12, 0xfc, 0x88, 0x8f, 0xf8, 0x48, 0xbd, 0xd4, 0x0b,
    0xac, 0xf8, 0xc8, 0x68, 0x42, 0x00, 0x8c, 0x26, 0x08, 0xc1, 0x68, 0xc2, 0x20, 0x8c, 0x26, 0x10,
    0x83, 0x11, 0x4d, 0x7c, 0x8c, 0x68, 0xe2, 0x63, 0x44, 0x13, 0x1f, 0x23, 0x9a, 0xf8, 0x18, 0x91,
    0x06, 0xf2, 0x31, 0x42, 0x0d, 0xe4, 0x63, 0xc4, 0x1a, 0xc8, 0xc7, 0x08, 0x36, 0x90, 0x8f, 0x79,
    0x67, 0x10, 0x1f, 0xf3, 0xce, 0x20, 0x3e, 0xe6, 0x9d, 0x41, 0x7c, 0xcc, 0x3b, 0x83, 0xf8, 0x18,
    0x11, 0x07, 0xf2, 0x31, 0x42, 0x0e, 0xe4, 0x63, 0xc4, 0x1c, 0xc8, 0xc7, 0x08, 0x3a, 0x90, 0x8f,
    0x11, 0x6f, 0x00, 0x1f, 0x23, 0xde, 0x00, 0x3e, 0x46, 0xbc, 0x01, 0x7c, 0x8c, 0x78, 0x03, 0xf8,
    0x58, 0x18, 0x10, 0xf1, 0xb1, 0x20, 0x82, 0x8f, 0x89, 0x41, 0x11, 0x1f, 0x0b, 0x24, 0xf8, 0xd8,
    0x18, 0x18, 0xf1, 0xb1, 0x60, 0x82, 0x8f, 0x91, 0xc1, 0x11, 0x1f, 0x0b, 0x28, 0xf8, 0xd8, 0x21,
    0x0a, 0xf2, 0x31, 0x63, 0x14, 0xe4, 0x63, 0x05, 0x29, 0xc8, 0xc7, 0x88, 0x52, 0x90, 0x8f, 0x11,
    0x10, 0x7c, 0x8c, 0x80, 0xe0, 0x63, 0x04, 0x04, 0x1f, 0x23, 0x20, 0xf8, 0xcc, 0x12, 0x44, 0xc3,
    0x11, 0x79, 0x62, 0x2e, 0xc1, 0x37, 0xcb, 0xc0, 0x34, 0xc1, 0x88, 0xc1, 0x03, 0x80, 0x20, 0x18,
    0x34, 0x68, 0xb3, 0x2f, 0xa5, 0x32, 0x2a, 0x7d, 0xc2, 0x27, 0xa8, 0x82, 0x2a, 0x3f, 0xf3, 0x33,
    0xfa, 0x82, 0x2a, 0xa3, 0x09, 0x01, 0x30, 0x62, 0xf0, 0x00, 0x20, 0x08, 0x06, 0x8d, 0xda, 0xf4,
    0x0b, 0xaa, 0x94, 0xca, 0x9f, 0xf8, 0x89, 0xaa, 0xa8, 0x4a, 0xd8, 0x84, 0x0d, 0xbf, 0xa8, 0xca,
    0x68, 0x42, 0x00, 0x8c, 0x26, 0x08, 0xc1, 0x88, 0xc1, 0x01, 0x80, 0x20, 0x18, 0x60, 0x68, 0x13,
    0x32, 0xa7, 0xe2, 0x33, 0xa3, 0x09, 0x01, 0x30, 0x9a, 0x20, 0x04, 0xa3, 0x09, 0x83, 0x60, 0x03,
    0x02, 0x1f, 0x1b, 0x0e, 0xf8, 0xd8, 0x70, 0xc0, 0x67, 0xc4, 0xe0, 0x00, 0x40, 0x10, 0x0c, 0xb0,
    0xb7, 0x41, 0x19, 0x57, 0x69, 0x99, 0xd1, 0x84, 0x00, 0x18, 0x4d, 0x10, 0x82, 0xd1, 0x84, 0x41,
    0x18, 0x31, 0x58, 0x00, 0x10, 0x04, 0x83, 0xa9, 0x6e, 0x66, 0xe6, 0x30, 0x8a, 0x41, 0x08, 0x46,
    0x0c, 0x0e, 0x00, 0x04, 0xc1, 0x00, 0xa3, 0x9b, 0x96, 0x99, 0x95, 0x9b, 0x19, 0x4d, 0x08, 0x80,
    0xd1, 0x04, 0x21, 0x18, 0x4d, 0x18, 0x84, 0x11, 0x83, 0x05, 0x00, 0x41, 0x30, 0x98, 0xf4, 0x06,
    0x67, 0x98, 0x45, 0x19, 0x84, 0x60, 0xc4, 0xe0, 0x00, 0x40, 0x10, 0x0c, 0xb0, 0xbc, 0x91, 0x19,
    0x5c, 0x99, 0x9b, 0xd1, 0x84, 0x00, 0x18, 0x4d, 0x10, 0x82, 0xd1, 0x84, 0x41, 0x18, 0x31, 0x58,
    0x00, 0x10, 0x04, 0x83, 0xe9, 0x6f, 0x7a, 0x26, 0x82, 0x9e, 0x41, 0x08, 0x66, 0x09, 0xa2, 0xe1,
    0x88, 0x5a, 0x09, 0x99, 0xe0, 0x9b, 0x65, 0x70, 0x9e, 0x60, 0xc4, 0xe0, 0x01, 0x40, 0x10, 0x0c,
    0x1a, 0xd2, 0xb9, 0x99, 0x70, 0xf9, 0x95, 0x5c, 0xc1, 0x15, 0x72, 0x21, 0x97, 0xbd, 0xd9, 0x1b,
    0x9b, 0x21, 0x97, 0xd1, 0x84, 0x00, 0x18, 0x31, 0x78, 0x00, 0x10, 0x04, 0x83, 0xc6, 0x74, 0x72,
    0x86, 0x5c, 0xc2, 0x65, 0x57, 0x74, 0xc5, 0x5c, 0xcc, 0xa5, 0x6f, 0xfa, 0x06, 0x67, 0xcc, 0x65,
    0x34, 0x21, 0x00, 0x46, 0x13, 0x84, 0x60, 0xc4, 0xe0, 0x00, 0x40, 0x10, 0x0c, 0x30, 0xd2, 0xe9,
    0x99, 0x71, 0xd1, 0x9b, 0xd1, 0x84, 0x00, 0x18, 0x4d, 0x10, 0x82, 0xd1, 0x84, 0x41, 0xb0, 0x01,
    0x81, 0x8f, 0x0d, 0x06, 0x7c, 0x6c, 0x40, 0xe0, 0x33, 0x62, 0x70, 0x00, 0x20, 0x08, 0x06, 0xd8,
    0xea, 0x90, 0x8d, 0xba, 0xa4, 0xcd, 0x68, 0x42, 0x00, 0x8c, 0x26, 0x08, 0xc1, 0x68, 0xc2, 0x20,
    0x8c, 0x18, 0x2c, 0x00, 0x08, 0x82, 0xc1, 0x14, 0x3b, 0x6f, 0x73, 0x18, 0xc5, 0x20, 0x04, 0x23,
    0x06, 0x07, 0x00, 0x82, 0x60, 0x80, 0xc1, 0x4e, 0xda, 0xbc, 0xcb, 0xdc, 0x8c, 0x26, 0x04, 0xc0,
    0x68, 0x82, 0x10, 0x8c, 0x26, 0x0c, 0xc2, 0x88, 0xc1, 0x02, 0x80, 0x20, 0x18, 0x4c, 0xb6, 0x43,
    0x37, 0xcc, 0xa2, 0x0c, 0x42, 0x30, 0x62, 0x70, 0x00, 0x20, 0x08, 0x06, 0x58, 0xed, 0xb8, 0x0d,
    0xbd, 0xbc, 0xce, 0x68, 0x42, 0x00, 0x8c, 0x26, 0x08, 0xc1, 0x68, 0xc2, 0x20, 0x8c, 0x18, 0x2c,
    0x00, 0x08, 0x82, 0xc1, 0xb4, 0x3b, 0x79, 0x13, 0x41, 0xcf, 0x20, 0x04, 0xb3, 0x04, 0xd1, 0x70,
    0x44, 0xbc, 0xf0, 0x4c, 0xf0, 0xcd, 0x32, 0x40, 0x51, 0x30, 0x62, 0xf0, 0x00, 0x20, 0x08, 0x06,
    0x0d, 0xf8, 0xcc, 0x4d, 0xbf, 0xec, 0x4b, 0xbd, 0xd0, 0x0b, 0xc8, 0x80, 0xcc, 0xed, 0xdc, 0x8e,
    0xdc, 0x80, 0xcc, 0x68, 0x42, 0x00, 0x8c, 0x18, 0x3c, 0x00, 0x08, 0x82, 0x41, 0x23, 0x3e, 0x75,
    0x03, 0x32, 0xfd, 0x72, 0x2f, 0xf6, 0x22, 0x32, 0x22, 0x93, 0x3b, 0xb9, 0x43, 0x37, 0x22, 0x33,
    0x9a, 0x10, 0x00, 0x23, 0x06, 0x0f, 0x00, 0x82, 0x60, 0xd0, 0x90, 0xcf, 0xdd, 0x8c, 0xcc, 0xbf,
    0xe4, 0x0b, 0xbe, 0x90, 0x0c, 0xc9, 0xec, 0xce, 0xee, 0xd8, 0x0d, 0xc9, 0x8c, 0x26, 0x04, 0xc0,
    0x88, 0xc1, 0x01, 0x80, 0x20, 0x18, 0x60, 0xe1, 0xa3, 0x37, 0x20, 0x73, 0x3b, 0xa3, 0x09, 0x01,
    0x30, 0x9a, 0x20, 0x04, 0xa3, 0x09, 0x83, 0x60, 0x43, 0x02, 0x1f, 0x1b, 0x10, 0xf8, 0xd8, 0x70,
    0xc0, 0x67, 0xc4, 0xe0, 0x00, 0x40, 0x10, 0x0c, 0x30, 0xf4, 0x09, 0x9d, 0x93, 0x31, 0x9d, 0xd1,
    0x84, 0x00, 0x18, 0x4d, 0x10, 0x82, 0xd1, 0x84, 0x41, 0x18, 0x31, 0x58, 0x00, 0x10, 0x04, 0x83,
    0xc9, 0x7d, 0x58, 0xe7, 0x30, 0x8a, 0x41, 0x08, 0x46, 0x0c, 0x0e, 0x00, 0x04, 0xc1, 0x00, 0x6b,
    0x1f, 0xd3, 0x61, 0x19, 0xd8, 0x19, 0x4d, 0x08, 0x80, 0xd1, 0x04, 0x21, 0x18, 0x4d, 0x18, 0x84,
    0x11, 0x83, 0x05, 0x00, 0x41, 0x30, 0x98, 0xe6, 0x27, 0x76, 0x98, 0x45, 0x19, 0x84, 0x60, 0xc4,
    0xe0, 0x00, 0x40, 0x10, 0x0c, 0x30, 0xf9, 0x59, 0x9d, 0x98, 0x61, 0x9f, 0xd1, 0x84, 0x00, 0x18,
    0x4d, 0x10, 0x82, 0xd1, 0x84, 0x41, 0x18, 0x31, 0x58, 0x00, 0x10, 0x04, 0x83, 0x09, 0x7f, 0x6c,
    0x27, 0x82, 0x9e, 0x41, 0x08, 0x66, 0x09, 0xa2, 0x81, 0xaa, 0x81, 0xc6, 0x04, 0x9f, 0x22, 0x54,
    0xca, 0x70, 0x1d, 0x44, 0x2e, 0x14, 0x94, 0x60, 0x60, 0xc1, 0xb1, 0x20, 0x3e, 0x03, 0xf8, 0xec,
    0x19, 0xa8, 0x1a, 0x68, 0x4c, 0xf0, 0x29, 0x42, 0xa5, 0x0c, 0xd7, 0x41, 0xe4, 0x42, 0x01, 0x09,
    0x06, 0x15, 0x1c, 0x07, 0xf2, 0x33, 0x00, 0xd4, 0x9e, 0x81, 0xaa, 0x81, 0xc6, 0x04, 0x9f, 0x22,
    0x54, 0xca, 0x70, 0x1d, 0x44, 0x2e, 0x14, 0x7c, 0x60, 0x40, 0xc1, 0x31, 0x20, 0x50, 0x03, 0x40,
    0xed, 0x19, 0xa8, 0x1a, 0x68, 0x4c, 0xf0, 0x29, 0x42, 0xa5, 0x0c, 0xd7, 0x41, 0xe4, 0x42, 0x11,
    0x35, 0x46, 0xd4, 0x1c, 0x51, 0x83, 0x44, 0x0d, 0x10, 0xb5, 0x67, 0x34, 0x61, 0x66, 0x84, 0xe1,
    0x88, 0x00, 0x6d, 0x82, 0x6f, 0x96, 0x41, 0x9a, 0x82, 0x11, 0x03, 0x03, 0x00, 0x41, 0x30, 0x88,
    0x40, 0xe8, 0x7e, 0x8c, 0x11, 0x03, 0x03, 0x00, 0x41, 0x30, 0x88, 0x42, 0x08, 0x7f, 0x8c, 0x11,
    0x03, 0x03, 0x00, 0x41, 0x30, 0x88, 0x44, 0x28, 0x7f, 0x8c, 0x11, 0x03, 0x03, 0x00, 0x41, 0x30,
    0x88, 0x46, 0x68, 0x77, 0x86, 0x11, 0x03, 0x03, 0x00, 0x41, 0x30, 0x88, 0x48, 0x88, 0x77, 0x86,
    0x11, 0x03, 0x03, 0x00, 0x41, 0x30, 0x88, 0x4a, 0xa8, 0x77, 0x06, 0x1b, 0xf0, 0x46, 0x3e, 0x36,
    0xe4, 0x8d, 0x7c, 0x6c, 0xd0, 0x1b, 0xf9, 0x8c, 0x18, 0x18, 0x00, 0x08, 0x82, 0x41, 0x94, 0x42,
    0xe2, 0x33, 0x8c, 0x18, 0x18, 0x00, 0x08, 0x82, 0x41, 0xa4, 0x42, 0xe3, 0x33, 0x8c, 0x18, 0x18,
    0x00, 0x08, 0x82, 0x41, 0xb4, 0x42, 0xe4, 0x33, 0xd8, 0xf0, 0x37, 0xf0, 0xb1, 0x01, 0x74, 0xe0,
    0x63, 0x43, 0xe8, 0xc0, 0x67, 0xc4, 0xe0, 0x00, 0x40, 0x10, 0x0c, 0xaa, 0x16, 0x5a, 0x9f, 0x81,
    0x6e, 0x46, 0x0c, 0x0e, 0x00, 0x04, 0xc1, 0xa0, 0x72, 0x21, 0xf6, 0x19, 0xea, 0x66, 0xc4, 0xe0,
    0x00, 0x40, 0x10, 0x0c, 0xaa, 0x17, 0x6a, 0x9f, 0xc1, 0x6e, 0x2c, 0x31, 0x1d, 0xf9, 0x58, 0x72,
    0x3a, 0xf2, 0xb1, 0x04, 0x75, 0xe4, 0x63, 0xaa, 0x33, 0xc4, 0xc7, 0x56, 0x67, 0x88, 0x8f, 0xb1,
    0xce, 0x10, 0x1f, 0x4b, 0x06, 0xfa, 0x58, 0x32, 0xd0, 0xc7, 0x92, 0x81, 0x3e, 0x23, 0x06, 0x06,
    0x00, 0x82, 0x60, 0x10, 0xed, 0x90, 0x0c, 0x0d, 0x23, 0x06, 0x06, 0x00, 0x82, 0x60, 0x10, 0xf1,
    0xd0, 0x0c, 0x0d, 0x23, 0x06, 0x06, 0x00, 0x82, 0x60, 0x10, 0xf5, 0x10, 0x0d, 0x0d, 0x23, 0x06,
    0x06, 0x00, 0x82, 0x60, 0x10, 0xf9, 0x90, 0xfd, 0x0c, 0x23, 0x06, 0x06, 0x00, 0x82, 0x60, 0x10,
    0xfd, 0xd0, 0xfd, 0x0c, 0x23, 0x06, 0x06, 0x00, 0x82, 0x60, 0x10, 0x81, 0x11, 0xfe, 0x0c, 0x36,
    0xd0, 0x8f, 0x7c, 0x6c, 0xa8, 0x1f, 0xf9, 0xd8, 0x60, 0x3f, 0xf2, 0x19, 0x31, 0x30, 0x00, 0x10,
    0x04, 0x83, 0x88, 0x8c, 0xfa, 0x67, 0x18, 0x31, 0x30, 0x00, 0x10, 0x04, 0x83, 0xa8, 0x8c, 0xfc,
    0x67, 0x18, 0x31, 0x30, 0x00, 0x10, 0x04, 0x83, 0xc8, 0x8c, 0xfe, 0x67, 0xb0, 0x21, 0x7f, 0xe4,
    0x63, 0x83, 0xfe, 0xc8, 0xc7, 0x86, 0xfd, 0x91, 0xcf, 0x88, 0xc1, 0x01, 0x80, 0x20, 0x18, 0x60,
    0x67, 0x04, 0x42, 0xa6, 0x03, 0x46, 0xa3, 0x09, 0xc1, 0x60, 0x45, 0x40, 0x1f, 0x2b, 0x04, 0xfa,
    0x58, 0x31, 0xd0, 0x67, 0x96, 0x60, 0x1a, 0xa8, 0x18, 0x0c, 0x49, 0x1d, 0xa2, 0x81, 0x8a, 0xc1,
    0x90, 0xd4, 0x21, 0x1a, 0xa8, 0x18, 0x0c, 0x49, 0x1d, 0xa2, 0x11, 0x83, 0x03, 0x00, 0x41, 0x30,
    0xc0, 0xde, 0x08, 0x85, 0x5c, 0x07, 0x8d, 0x46, 0x13, 0x02, 0x60, 0x38, 0x22, 0xc8, 0x1d, 0xe7,
    0x9b, 0x65, 0xa0, 0xba, 0x60, 0x38, 0x42, 0xc8, 0x9d, 0xe0, 0x9b, 0x65, 0xa8, 0xac, 0x60, 0x34,
    0x81, 0x08, 0x2c, 0x40, 0xe4, 0x63, 0x02, 0x22, 0x1f, 0x1b, 0x10, 0xf9, 0xcc, 0x12, 0x74, 0xc3,
    0x11, 0x87, 0xf8, 0x04, 0xdf, 0x2c, 0xc3, 0xd5, 0x05, 0xc3, 0x11, 0x7d, 0x30, 0x3e, 0xc1, 0x37,
    0xcb, 0x80, 0x65, 0x81, 0x35, 0xfa, 0x23, 0x9f, 0x11, 0x03, 0x04, 0x00, 0x41, 0x30, 0xd0, 0xf2,
    0x88, 0x86, 0xf4, 0xa7, 0x09, 0x46, 0x0c, 0x10, 0x00, 0x04, 0xc1, 0x40, 0xd3, 0xa3, 0x1a, 0xd2,
    0x9f, 0x26, 0x30, 0x48, 0x7f, 0xe4, 0x33, 0x62, 0x80, 0x00, 0x20, 0x08, 0x06, 0x1a, 0x1f, 0xdd,
    0x90, 0xfe, 0x40, 0xc1, 0x88, 0x01, 0x02, 0x80, 0x20, 0x18, 0x68, 0x7d, 0x84, 0x43, 0xfa, 0x03,
    0x05, 0x36, 0xe9, 0x8f, 0x7c, 0x46, 0x0c, 0x10, 0x00, 0x04, 0xc1, 0x40, 0xfb, 0x23, 0x1d, 0xd2,
    0x9f, 0x29, 0x18, 0x31, 0x40, 0x00, 0x10, 0x04, 0x03, 0x0d, 0x94, 0x76, 0x48, 0x7f, 0xa6, 0x60,
    0x96, 0x20, 0x1b, 0xa8, 0x18, 0x1c, 0x8c, 0x0d, 0xae, 0x81, 0x8a, 0x41, 0xc1, 0xd8, 0xe0, 0x1a,
    0xa8, 0x18, 0x0c, 0x8c, 0x0d, 0xae, 0x11, 0x83, 0x03, 0x00, 0x41, 0x30, 0xa8, 0x4c, 0x89, 0x8c,
    0x84, 0x60, 0xc4, 0xe0, 0x00, 0x40, 0x10, 0x0c, 0xaa, 0x53, 0x2a, 0x23, 0x22, 0x18, 0x8e, 0x08,
    0xde, 0x47, 0xf8, 0x66, 0x19, 0xb4, 0x2d, 0x18, 0x4d, 0xc8, 0x02, 0x1b, 0x02, 0xf9, 0x58, 0x10,
    0x3f, 0xf0, 0x19, 0x4d, 0xe0, 0x04, 0x33, 0x02, 0xf9, 0x58, 0x40, 0x3f, 0xf0, 0x31, 0x22, 0xa0,
    0x8f, 0x05, 0x8d, 0x7c, 0x4c, 0x68, 0xe4, 0x63, 0x43, 0x23, 0x9f, 0x59, 0x82, 0x6d, 0xa0, 0x62,
    0x30, 0x34, 0x30, 0xc8, 0x06, 0x2a, 0x06, 0x43, 0x03, 0x83, 0x6c, 0xa0, 0x62, 0x30, 0x34, 0x30,
    0xc8, 0x66, 0x19, 0xb8, 0xae, 0xb3, 0x81, 0x8c, 0xe4, 0x33, 0x62, 0x80, 0x00, 0x20, 0x08, 0x06,
    0x5a, 0x2d, 0xc1, 0x11, 0x19, 0x0d, 0xc1, 0x88, 0x01, 0x02, 0x80, 0x20, 0x18, 0x68, 0xb6, 0x14,
    0x47, 0x64, 0x34, 0x04, 0x66, 0x90, 0x91, 0x7c, 0x46, 0x0c, 0x10, 0x00, 0x04, 0xc1, 0x40, 0xc3,
    0xa5, 0x39, 0x22, 0x23, 0x23, 0x18, 0x31, 0x40, 0x00, 0x10, 0x04, 0x03, 0x2d, 0x97, 0xe8, 0x88,
    0x8c, 0x8c, 0xc0, 0x12, 0x32, 0x92, 0xcf, 0x88, 0x01, 0x02, 0x80, 0x20, 0x18, 0x68, 0xbb, 0x64,
    0x47, 0x64, 0x94, 0x04, 0x23, 0x06, 0x08, 0x00, 0x82, 0x60, 0xa0, 0xf1, 0xd2, 0x1d, 0x91, 0x51,
    0x12, 0xcc, 0x12, 0x74, 0x03, 0x2d, 0x03, 0x39, 0x4c, 0xb4, 0x50, 0x39, 0x1c, 0xb6, 0x91, 0x83,
    0x35, 0xd0, 0x32, 0x90, 0xc3, 0x44, 0x0b, 0x95, 0xc2, 0x61, 0x1b, 0x39, 0x58, 0x03, 0x2d, 0x03,
    0x39, 0x4c, 0xb4, 0x50, 0x19, 0x1c, 0xb6, 0x91, 0x83, 0x35, 0x1c, 0x61, 0x0e, 0x28, 0x14, 0x7c,
    0xb3, 0x0c, 0x5e, 0x1a, 0x04, 0xa3, 0x09, 0xfa, 0x03, 0x0c, 0x47, 0x04, 0x2b, 0xe4, 0x7c, 0xb3,
    0x0c, 0x1f, 0x1a, 0x04, 0xc3, 0x11, 0x06, 0x1e, 0x29, 0xdf, 0x2c, 0x43, 0x18, 0x80, 0x41, 0x60,
    0x07, 0x1e, 0xc9, 0x67, 0x96, 0x40, 0x0c, 0x0c, 0xc1, 0x23, 0xf8, 0x8c, 0x18, 0x18, 0x00, 0x08,
    0x82, 0x41, 0xa4, 0x4e, 0xe1, 0x14, 0x58, 0x90, 0x47, 0xf2, 0x19, 0x31, 0x30, 0x00, 0x10, 0x04,
    0x83, 0x88, 0x9d, 0x48, 0x29, 0xb0, 0x40, 0x8f, 0xe4, 0x33, 0x62, 0x60, 0x00, 0x20, 0x08, 0x06,
    0x91, 0x3b, 0x9d, 0x52, 0x30, 0x4b, 0x20, 0x06, 0x03, 0x15, 0x83, 0x03, 0x06, 0x42, 0x18, 0x0c,
    0x47, 0x38, 0xa1, 0xa4, 0x7c, 0xb3, 0x0c, 0x64, 0x30, 0x06, 0x81, 0x3d, 0xa1, 0x24, 0x9f, 0x59,
    0x82, 0x32, 0x30, 0x28, 0x94, 0xe0, 0x33, 0x62, 0x60, 0x00, 0x20, 0x08, 0x06, 0xd1, 0x3c, 0xa9,
    0x53, 0x60, 0x81, 0x28, 0xc9, 0x67, 0xc4, 0xc0, 0x00, 0x40, 0x10, 0x0c, 0xa2, 0x7a, 0x6a, 0xa5,
    0xc0, 0x82, 0x51, 0x92, 0xcf, 0x88, 0x81, 0x01, 0x80, 0x20, 0x18, 0x44, 0xf7, 0x04, 0x4b, 0xc1,
    0x2c, 0x41, 0x19, 0x0c, 0x54, 0x0c, 0xce, 0x18, 0x08, 0x64, 0x30, 0x1c, 0x61, 0xa9, 0x92, 0xf2,
    0xcd, 0x32, 0x9c, 0x81, 0x19, 0x04, 0x76, 0xa9, 0x92, 0x7c, 0x66, 0x09, 0xd0, 0xc0, 0x30, 0x55,
    0x82, 0xcf, 0x88, 0x81, 0x01, 0x80, 0x20, 0x18, 0x44, 0xfc, 0x34, 0x4f, 0x81, 0x05, 0xab, 0x24,
    0x9f, 0x11, 0x03, 0x03, 0x00, 0x41, 0x30, 0x88, 0xfc, 0xc9, 0x96, 0x02, 0x0b, 0x58, 0x49, 0x3e,
    0x23, 0x06, 0x06, 0x00, 0x82, 0x60, 0x10, 0x81, 0x54, 0x2e, 0x05, 0xb3, 0x04, 0x68, 0x30, 0xd0,
    0x31, 0x80, 0x82, 0x47, 0x06, 0x67, 0x40, 0x06, 0x66, 0x30, 0xd0, 0x31, 0x80, 0x82, 0x47, 0x9d,
    0x01, 0x65, 0x06, 0x03, 0x1d, 0x03, 0x28, 0x78, 0xc6, 0x19, 0x48, 0x66, 0x30, 0x9a, 0x90, 0x43,
    0x83, 0x11, 0x81, 0x7c, 0x8c, 0x10, 0xe4, 0x63, 0xc4, 0x20, 0x9f, 0x59, 0x02, 0x51, 0x18, 0x8e,
    0x50, 0x09, 0x38, 0x0a, 0xbe, 0xd1, 0x04, 0x1f, 0x1a, 0x66, 0x19, 0xd4, 0xa0, 0x0e, 0x04, 0x4b,
    0x83, 0x40, 0x3e, 0x96, 0x06, 0x82, 0x7c, 0x2c, 0x0d, 0x06, 0xf9, 0x8c, 0x26, 0x88, 0x11, 0x30,
    0x1c, 0x11, 0xcc, 0x91, 0xf3, 0xcd, 0x32, 0x88, 0xc2, 0x1a, 0x04, 0xc3, 0x11, 0x45, 0x1e, 0x29,
    0xdf, 0x2c, 0x43, 0x1b, 0xb0, 0x41, 0x60, 0xc6, 0x1e, 0xc9, 0x67, 0x96, 0xc0, 0x0d, 0x46, 0x0c,
    0x0c, 0x00, 0x04, 0xc1, 0x20, 0x8a, 0x29, 0x94, 0x3a, 0x46, 0x0c, 0x0c, 0x00, 0x04, 0xc1, 0x20,
    0x92, 0x29, 0x75, 0x0a, 0x2c, 0xf8, 0x23, 0xf9, 0x8c, 0x18, 0x18, 0x00, 0x08, 0x82, 0x41, 0x44,
    0x53, 0xed, 0x14, 0x58, 0x20, 0x4a, 0xf2, 0xb1, 0x80, 0x94, 0xe0, 0x33, 0x4b, 0xe0, 0x06, 0x03,
    0x15, 0x83, 0xc3, 0x06, 0x42, 0x1b, 0x0c, 0x47, 0x34, 0xa2, 0xa4, 0x7c, 0xb3, 0x0c, 0x70, 0xf0,
    0x06, 0x81, 0x39, 0xa4, 0x24, 0x9f, 0x59, 0x82, 0x38, 0x18, 0x31, 0x30, 0x00, 0x10, 0x04, 0x83,
    0x48, 0xa7, 0x62, 0xea, 0x19, 0x31, 0x30, 0x00, 0x10, 0x04, 0x83, 0x68, 0xa7, 0xe6, 0x29, 0xb0,
    0x00, 0x95, 0xe4, 0x33, 0x62, 0x60, 0x00, 0x20, 0x08, 0x06, 0x51, 0x4f, 0xd9, 0x53, 0x60, 0xc1,
    0x2a, 0xc9, 0xc7, 0x82, 0x56, 0x82, 0xcf, 0x2c, 0x41, 0x1c, 0x0c, 0x54, 0x0c, 0xce, 0x1b, 0x08,
    0x70, 0x30, 0x1c, 0x51, 0xad, 0x92, 0xf2, 0xcd, 0x32, 0xcc, 0x81, 0x1c, 0x04, 0x66, 0xb5, 0x92,
    0x7c, 0x66, 0x09, 0xe8, 0x60, 0xc4, 0xc0, 0x00, 0x40, 0x10, 0x0c, 0xa2, 0xb1, 0xd2, 0xa9, 0x6b,
    0xc4, 0xc0, 0x00, 0x40, 0x10, 0x0c, 0x22, 0xb2, 0xe2, 0xa7, 0xc0, 0x82, 0x58, 0x92, 0xcf, 0x88,
    0x81, 0x01, 0x80, 0x20, 0x18, 0x44, 0x66, 0xf5, 0x4f, 0x81, 0x05, 0xb4, 0x24, 0x1f, 0x0b, 0x6c,
    0x09, 0x3e, 0xb3, 0x04, 0x74, 0x30, 0x50, 0x31, 0x38, 0x72, 0x20, 0xcc, 0xc1, 0x88, 0x81, 0x01,
    0x80, 0x20, 0x18, 0x44, 0x6a, 0x45, 0x52, 0xd3, 0x88, 0x81, 0x01, 0x80, 0x20, 0x18, 0x44, 0x6b,
    0x55, 0x52, 0xcb, 0x88, 0x81, 0x01, 0x80, 0x20, 0x18, 0x44, 0x6c, 0x65, 0x52, 0xc3, 0x2c, 0x81,
    0x28, 0xcc, 0x32, 0xd8, 0x41, 0x28, 0xb8, 0x85, 0xb1, 0x42, 0x3e, 0xc9, 0x67, 0xc4, 0x00, 0x01,
    0x40, 0x10, 0x0c, 0x34, 0xb5, 0x2a, 0xa9, 0x7c, 0x62, 0x85, 0x60, 0xc4, 0x00, 0x01, 0x40, 0x10,
    0x0c, 0xb4, 0xb5, 0x32, 0xa9, 0x7c, 0x62, 0x85, 0xc0, 0x5e, 0x21, 0x9f, 0xe4, 0x33, 0x62, 0x80,
    0x00, 0x20, 0x08, 0x06, 0x5a, 0x5b, 0xa1, 0x54, 0x3e, 0xbd, 0x42, 0x30, 0x62, 0x80, 0x00, 0x20,
    0x08, 0x06, 0x9a, 0x5b, 0xa5, 0x54, 0x3e, 0xbd, 0x42, 0x60, 0xb2, 0x90, 0x4f, 0xf2, 0x19, 0x31,
    0x40, 0x00, 0x10, 0x04, 0x03, 0x0d, 0xae, 0x56, 0x2a, 0x9f, 0x64, 0x21, 0x18, 0x31, 0x40, 0x00,
    0x10, 0x04, 0x03, 0x2d, 0xae, 0x58, 0x2a, 0x9f, 0x64, 0x21, 0xb0, 0xa3, 0x0d, 0xe4, 0x63, 0x85,
    0x1b, 0xc8, 0xc7, 0x86, 0x37, 0x90, 0xcf, 0x68, 0x82, 0x2b, 0x01, 0xc3, 0x11, 0xc1, 0x2f, 0x39,
    0xdf, 0x2c, 0x83, 0x28, 0xdc, 0x41, 0x30, 0x1c, 0x51, 0x94, 0x93, 0xf2, 0xcd, 0x32, 0xe4, 0x01,
    0x1e, 0x04, 0x66, 0x9c, 0x93, 0x7c, 0x66, 0x09, 0xf4, 0x60, 0xc4, 0xc0, 0x00, 0x40, 0x10, 0x0c,
    0xa2, 0xbe, 0xa2, 0xab, 0x63, 0xc4, 0xc0, 0x00, 0x40, 0x10, 0x0c, 0x22, 0xbf, 0xb2, 0xa9, 0xc0,
    0x82, 0x75, 0x92, 0xcf, 0x88, 0x81, 0x01, 0x80, 0x20, 0x18, 0x44, 0xa0, 0x95, 0x53, 0x81, 0x05,
    0xee, 0x24, 0x1f, 0x0b, 0xe0, 0x09, 0x3e, 0xb3, 0x04, 0x7a, 0x30, 0x50, 0x31, 0x38, 0x78, 0x20,
    0xe4, 0xc1, 0x70, 0x44, 0xe3, 0x4e, 0xca, 0x37, 0xcb, 0xc0, 0x07, 0x7b, 0x10, 0x98, 0x03, 0x4f,
    0xf2, 0x99, 0x25, 0xe8, 0x83, 0x11, 0x03, 0x03, 0x00, 0x41, 0x30, 0x88, 0x4c, 0xab, 0xaf, 0x9e,
    0x11, 0x03, 0x03, 0x00, 0x41, 0x30, 0x88, 0x4e, 0xeb, 0xa7, 0x02, 0x0b, 0xe8, 0x49, 0x3e, 0x23,
    0x06, 0x06, 0x00, 0x82, 0x60, 0x10, 0xa5, 0x96, 0x58, 0x05, 0x16, 0xdc, 0x93, 0x7c, 0x2c, 0xc8,
    0x27, 0xf8, 0xcc, 0x12, 0xf4, 0xc1, 0x40, 0xc5, 0xe0, 0xec, 0x81, 0xc0, 0x07, 0xc3, 0x11, 0xd5,
    0x3d, 0x29, 0xdf, 0x2c, 0xc3, 0x1f, 0xf8, 0x41, 0x60, 0x56, 0x3e, 0xc9, 0x67, 0x96, 0x00, 0x14,
    0x46, 0x0c, 0x0c, 0x00, 0x04, 0xc1, 0x20, 0x7a, 0x2d, 0xd3, 0xba, 0x46, 0x0c, 0x0c, 0x00, 0x04,
    0xc1, 0x20, 0x82, 0x2d, 0xb4, 0x0a, 0x2c, 0xe8, 0x27, 0xf9, 0x8c, 0x18, 0x18, 0x00, 0x08, 0x82,
    0x41, 0x24, 0x5b, 0x6b, 0x15, 0x58, 0x00, 0x52, 0xf2, 0xb1, 0x40, 0xa4, 0xe0, 0x33, 0x4b, 0x00,
    0x0a, 0x03, 0x15, 0x83, 0xe3, 0x07, 0xc2, 0x1f, 0x8c, 0x18, 0x18, 0x00, 0x08, 0x82, 0x41, 0x64,
    0x5b, 0x70, 0x35, 0x8d, 0x18, 0x18, 0x00, 0x08, 0x82, 0x41, 0x74, 0x5b, 0x71, 0xb5, 0x8c, 0x18,
    0x18, 0x00, 0x08, 0x82, 0x41, 0x84, 0x5b, 0x72, 0x35, 0xcc, 0x12, 0x88, 0x82, 0xe1, 0x03, 0x2c,
    0xc8, 0xc7, 0xf0, 0x21, 0x16, 0xe4, 0x63, 0xf8, 0x20, 0x0b, 0xf2, 0x99, 0x25, 0x10, 0x85, 0x81,
    0x9a, 0xc1, 0x2d, 0xd0, 0xc0, 0x08, 0x05, 0xb2, 0x50, 0x03, 0x72, 0xa0, 0x03, 0x56, 0xb0, 0x03,
    0x06, 0x14, 0x06, 0x6a, 0x06, 0xb7, 0x40, 0x03, 0x23, 0x14, 0xc8, 0x42, 0x0d, 0xc8, 0x81, 0x0e,
    0x58, 0xc1, 0x0e, 0x18, 0x50, 0x18, 0xa8, 0x19, 0xdc, 0x02, 0x0d, 0x8c, 0x50, 0x20, 0x0b, 0x35,
    0x20, 0x07, 0x3a, 0x60, 0x05, 0x3b, 0x60, 0x40, 0xc1, 0x06, 0x7d, 0x92, 0x8f, 0x0d, 0xfa, 0x24,
    0x1f, 0x1b, 0xf4, 0x49, 0x3e, 0x56, 0x1e, 0xfa, 0x24, 0x9f, 0x11, 0x83, 0x04, 0x00, 0x41, 0x30,
    0x40, 0xcc, 0x6b, 0xb4, 0x78, 0x8b, 0xb7, 0x62, 0x8b, 0x18, 0x31, 0x48, 0x00, 0x10, 0x04, 0x03,
    0xc4, 0xbc, 0x46, 0x8b, 0xb7, 0x78, 0x2b, 0xb5, 0x86, 0x11, 0x83, 0x04, 0x00, 0x41, 0x30, 0x40,
    0xcc, 0x6b, 0xb4, 0x78, 0x8b, 0xb7, 0x60, 0x4b, 0x18, 0x31, 0x48, 0x00, 0x10, 0x04, 0x03, 0xc4,
    0xbc, 0x46, 0x8b, 0xb7, 0x78, 0x6b, 0xb6, 0x02, 0x04, 0x00, 0x00, 0x00, 0x00, 0x00, 0x00, 0x00,
];

/// `D3D12_PixelShader_Textures_PQ`, from `D3D12_PixelShader_Textures_PQ.h`.
#[rustfmt::skip]
static D3D12_PIXEL_SHADER_TEXTURES_PQ: [u8; 10080] = [
    0x44, 0x58, 0x42, 0x43, 0x26, 0xf9, 0x42, 0x7c, 0xfc, 0x89, 0xca, 0x47, 0xc7, 0x56, 0x29, 0xec,
    0x04, 0x4c, 0xfb, 0x3b, 0x01, 0x00, 0x00, 0x00, 0x60, 0x27, 0x00, 0x00, 0x08, 0x00, 0x00, 0x00,
    0x40, 0x00, 0x00, 0x00, 0x50, 0x00, 0x00, 0x00, 0xdc, 0x00, 0x00, 0x00, 0x18, 0x01, 0x00, 0x00,
    0x88, 0x02, 0x00, 0x00, 0xb4, 0x03, 0x00, 0x00, 0xa4, 0x0d, 0x00, 0x00, 0xc0, 0x0d, 0x00, 0x00,
    0x53, 0x46, 0x49, 0x30, 0x08, 0x00, 0x00, 0x00, 0x00, 0x00, 0x00, 0x00, 0x00, 0x00, 0x00, 0x00,
    0x49, 0x53, 0x47, 0x31, 0x84, 0x00, 0x00, 0x00, 0x03, 0x00, 0x00, 0x00, 0x08, 0x00, 0x00, 0x00,
    0x00, 0x00, 0x00, 0x00, 0x68, 0x00, 0x00, 0x00, 0x00, 0x00, 0x00, 0x00, 0x01, 0x00, 0x00, 0x00,
    0x03, 0x00, 0x00, 0x00, 0x00, 0x00, 0x00, 0x00, 0x0f, 0x00, 0x00, 0x00, 0x00, 0x00, 0x00, 0x00,
    0x00, 0x00, 0x00, 0x00, 0x74, 0x00, 0x00, 0x00, 0x00, 0x00, 0x00, 0x00, 0x00, 0x00, 0x00, 0x00,
    0x03, 0x00, 0x00, 0x00, 0x01, 0x00, 0x00, 0x00, 0x03, 0x03, 0x00, 0x00, 0x00, 0x00, 0x00, 0x00,
    0x00, 0x00, 0x00, 0x00, 0x7d, 0x00, 0x00, 0x00, 0x00, 0x00, 0x00, 0x00, 0x00, 0x00, 0x00, 0x00,
    0x03, 0x00, 0x00, 0x00, 0x02, 0x00, 0x00, 0x00, 0x0f, 0x0f, 0x00, 0x00, 0x00, 0x00, 0x00, 0x00,
    0x53, 0x56, 0x5f, 0x50, 0x6f, 0x73, 0x69, 0x74, 0x69, 0x6f, 0x6e, 0x00, 0x54, 0x45, 0x58, 0x43,
    0x4f, 0x4f, 0x52, 0x44, 0x00, 0x43, 0x4f, 0x4c, 0x4f, 0x52, 0x00, 0x00, 0x4f, 0x53, 0x47, 0x31,
    0x34, 0x00, 0x00, 0x00, 0x01, 0x00, 0x00, 0x00, 0x08, 0x00, 0x00, 0x00, 0x00, 0x00, 0x00, 0x00,
    0x28, 0x00, 0x00, 0x00, 0x00, 0x00, 0x00, 0x00, 0x40, 0x00, 0x00, 0x00, 0x03, 0x00, 0x00, 0x00,
    0x00, 0x00, 0x00, 0x00, 0x0f, 0x00, 0x00, 0x00, 0x00, 0x00, 0x00, 0x00, 0x53, 0x56, 0x5f, 0x54,
    0x61, 0x72, 0x67, 0x65, 0x74, 0x00, 0x00, 0x00, 0x50, 0x53, 0x56, 0x30, 0x68, 0x01, 0x00, 0x00,
    0x34, 0x00, 0x00, 0x00, 0x00, 0x00, 0x00, 0x00, 0x00, 0x00, 0x00, 0x00, 0x00, 0x00, 0x00, 0x00,
    0x00, 0x00, 0x00, 0x00, 0x00, 0x00, 0x00, 0x00, 0xff, 0xff, 0xff, 0xff, 0x00, 0x00, 0x00, 0x00,
    0x03, 0x01, 0x00, 0x03, 0x01, 0x00, 0x00, 0x00, 0x00, 0x00, 0x00, 0x00, 0x00, 0x00, 0x00, 0x00,
    0x00, 0x00, 0x00, 0x00, 0x10, 0x00, 0x00, 0x00, 0x06, 0x00, 0x00, 0x00, 0x18, 0x00, 0x00, 0x00,
    0x02, 0x00, 0x00, 0x00, 0x00, 0x00, 0x00, 0x00, 0x01, 0x00, 0x00, 0x00, 0x01, 0x00, 0x00, 0x00,
    0x0d, 0x00, 0x00, 0x00, 0x00, 0x00, 0x00, 0x00, 0x01, 0x00, 0x00, 0x00, 0x00, 0x00, 0x00, 0x00,
    0x00, 0x00, 0x00, 0x00, 0x00, 0x00, 0x00, 0x00, 0x0e, 0x00, 0x00, 0x00, 0x00, 0x00, 0x00, 0x00,
    0x01, 0x00, 0x00, 0x00, 0x00, 0x00, 0x00, 0x00, 0x01, 0x00, 0x00, 0x00, 0x01, 0x00, 0x00, 0x00,
    0x0e, 0x00, 0x00, 0x00, 0x00, 0x00, 0x00, 0x00, 0x03, 0x00, 0x00, 0x00, 0x00, 0x00, 0x00, 0x00,
    0x00, 0x00, 0x00, 0x00, 0x00, 0x00, 0x00, 0x00, 0x02, 0x00, 0x00, 0x00, 0x00, 0x00, 0x00, 0x00,
    0x03, 0x00, 0x00, 0x00, 0x00, 0x00, 0x00, 0x00, 0x01, 0x00, 0x00, 0x00, 0x01, 0x00, 0x00, 0x00,
    0x02, 0x00, 0x00, 0x00, 0x00, 0x00, 0x00, 0x00, 0x03, 0x00, 0x00, 0x00, 0x00, 0x00, 0x00, 0x00,
    0x02, 0x00, 0x00, 0x00, 0x02, 0x00, 0x00, 0x00, 0x02, 0x00, 0x00, 0x00, 0x00, 0x00, 0x00, 0x00,
    0x18, 0x00, 0x00, 0x00, 0x00, 0x54, 0x45, 0x58, 0x43, 0x4f, 0x4f, 0x52, 0x44, 0x00, 0x43, 0x4f,
    0x4c, 0x4f, 0x52, 0x00, 0x6d, 0x61, 0x69, 0x6e, 0x00, 0x00, 0x00, 0x00, 0x01, 0x00, 0x00, 0x00,
    0x00, 0x00, 0x00, 0x00, 0x10, 0x00, 0x00, 0x00, 0x00, 0x00, 0x00, 0x00, 0x00, 0x00, 0x00, 0x00,
    0x01, 0x00, 0x44, 0x03, 0x03, 0x04, 0x00, 0x00, 0x01, 0x00, 0x00, 0x00, 0x00, 0x00, 0x00, 0x00,
    0x01, 0x01, 0x42, 0x00, 0x03, 0x02, 0x00, 0x00, 0x0a, 0x00, 0x00, 0x00, 0x00, 0x00, 0x00, 0x00,
    0x01, 0x02, 0x44, 0x00, 0x03, 0x02, 0x00, 0x00, 0x00, 0x00, 0x00, 0x00, 0x00, 0x00, 0x00, 0x00,
    0x01, 0x00, 0x44, 0x10, 0x03, 0x00, 0x00, 0x00, 0x00, 0x00, 0x00, 0x00, 0x00, 0x00, 0x00, 0x00,
    0x00, 0x00, 0x00, 0x00, 0x00, 0x00, 0x00, 0x00, 0x0f, 0x00, 0x00, 0x00, 0x0f, 0x00, 0x00, 0x00,
    0x00, 0x00, 0x00, 0x00, 0x00, 0x00, 0x00, 0x00, 0x01, 0x00, 0x00, 0x00, 0x02, 0x00, 0x00, 0x00,
    0x04, 0x00, 0x00, 0x00, 0x08, 0x00, 0x00, 0x00, 0x52, 0x54, 0x53, 0x30, 0x24, 0x01, 0x00, 0x00,
    0x02, 0x00, 0x00, 0x00, 0x07, 0x00, 0x00, 0x00, 0x18, 0x00, 0x00, 0x00, 0x00, 0x00, 0x00, 0x00,
    0x24, 0x01, 0x00, 0x00, 0x1d, 0x00, 0x00, 0x00, 0x01, 0x00, 0x00, 0x00, 0x00, 0x00, 0x00, 0x00,
    0x6c, 0x00, 0x00, 0x00, 0x01, 0x00, 0x00, 0x00, 0x00, 0x00, 0x00, 0x00, 0x78, 0x00, 0x00, 0x00,
    0x00, 0x00, 0x00, 0x00, 0x05, 0x00, 0x00, 0x00, 0x84, 0x00, 0x00, 0x00, 0x00, 0x00, 0x00, 0x00,
    0x05, 0x00, 0x00, 0x00, 0xa4, 0x00, 0x00, 0x00, 0x00, 0x00, 0x00, 0x00, 0x05, 0x00, 0x00, 0x00,
    0xc4, 0x00, 0x00, 0x00, 0x00, 0x00, 0x00, 0x00, 0x05, 0x00, 0x00, 0x00, 0xe4, 0x00, 0x00, 0x00,
    0x00, 0x00, 0x00, 0x00, 0x05, 0x00, 0x00, 0x00, 0x04, 0x01, 0x00, 0x00, 0x00, 0x00, 0x00, 0x00,
    0x00, 0x00, 0x00, 0x00, 0x10, 0x00, 0x00, 0x00, 0x01, 0x00, 0x00, 0x00, 0x00, 0x00, 0x00, 0x00,
    0x1c, 0x00, 0x00, 0x00, 0x01, 0x00, 0x00, 0x00, 0x8c, 0x00, 0x00, 0x00, 0x00, 0x00, 0x00, 0x00,
    0x01, 0x00, 0x00, 0x00, 0x00, 0x00, 0x00, 0x00, 0x00, 0x00, 0x00, 0x00, 0x00, 0x00, 0x00, 0x00,
    0xff, 0xff, 0xff, 0xff, 0x01, 0x00, 0x00, 0x00, 0xac, 0x00, 0x00, 0x00, 0x00, 0x00, 0x00, 0x00,
    0x01, 0x00, 0x00, 0x00, 0x01, 0x00, 0x00, 0x00, 0x00, 0x00, 0x00, 0x00, 0x00, 0x00, 0x00, 0x00,
    0xff, 0xff, 0xff, 0xff, 0x01, 0x00, 0x00, 0x00, 0xcc, 0x00, 0x00, 0x00, 0x00, 0x00, 0x00, 0x00,
    0x01, 0x00, 0x00, 0x00, 0x02, 0x00, 0x00, 0x00, 0x00, 0x00, 0x00, 0x00, 0x00, 0x00, 0x00, 0x00,
    0xff, 0xff, 0xff, 0xff, 0x01, 0x00, 0x00, 0x00, 0xec, 0x00, 0x00, 0x00, 0x03, 0x00, 0x00, 0x00,
    0x01, 0x00, 0x00, 0x00, 0x00, 0x00, 0x00, 0x00, 0x00, 0x00, 0x00, 0x00, 0x00, 0x00, 0x00, 0x00,
    0xff, 0xff, 0xff, 0xff, 0x01, 0x00, 0x00, 0x00, 0x0c, 0x01, 0x00, 0x00, 0x03, 0x00, 0x00, 0x00,
    0x01, 0x00, 0x00, 0x00, 0x01, 0x00, 0x00, 0x00, 0x00, 0x00, 0x00, 0x00, 0x00, 0x00, 0x00, 0x00,
    0xff, 0xff, 0xff, 0xff, 0x53, 0x54, 0x41, 0x54, 0xe8, 0x09, 0x00, 0x00, 0x60, 0x00, 0x00, 0x00,
    0x7a, 0x02, 0x00, 0x00, 0x44, 0x58, 0x49, 0x4c, 0x00, 0x01, 0x00, 0x00, 0x10, 0x00, 0x00, 0x00,
    0xd0, 0x09, 0x00, 0x00, 0x42, 0x43, 0xc0, 0xde, 0x21, 0x0c, 0x00, 0x00, 0x71, 0x02, 0x00, 0x00,
    0x0b, 0x82, 0x20, 0x00, 0x02, 0x00, 0x00, 0x00, 0x13, 0x00, 0x00, 0x00, 0x07, 0x81, 0x23, 0x91,
    0x41, 0xc8, 0x04, 0x49, 0x06, 0x10, 0x32, 0x39, 0x92, 0x01, 0x84, 0x0c, 0x25, 0x05, 0x08, 0x19,
    0x1e, 0x04, 0x8b, 0x62, 0x80, 0x18, 0x45, 0x02, 0x42, 0x92, 0x0b, 0x42, 0xc4, 0x10, 0x32, 0x14,
    0x38, 0x08, 0x18, 0x4b, 0x0a, 0x32, 0x62, 0x88, 0x48, 0x90, 0x14, 0x20, 0x43, 0x46, 0x88, 0xa5,
    0x00, 0x19, 0x32, 0x42, 0xe4, 0x48, 0x0e, 0x90, 0x11, 0x23, 0xc4, 0x50, 0x41, 0x51, 0x81, 0x8c,
    0xe1, 0x83, 0xe5, 0x8a, 0x04, 0x31, 0x46, 0x06, 0x51, 0x18, 0x00, 0x00, 0x08, 0x00, 0x00, 0x00,
    0x1b, 0x8c, 0xe0, 0xff, 0xff, 0xff, 0xff, 0x07, 0x40, 0x02, 0xa8, 0x0d, 0x84, 0xf0, 0xff, 0xff,
    0xff, 0xff, 0x03, 0x20, 0x6d, 0x30, 0x86, 0xff, 0xff, 0xff, 0xff, 0x1f, 0x00, 0x09, 0xa8, 0x00,
    0x49, 0x18, 0x00, 0x00, 0x03, 0x00, 0x00, 0x00, 0x13, 0x82, 0x60, 0x42, 0x20, 0x4c, 0x08, 0x06,
    0x00, 0x00, 0x00, 0x00, 0x89, 0x20, 0x00, 0x00, 0x5b, 0x00, 0x00, 0x00, 0x32, 0x22, 0x88, 0x09,
    0x20, 0x64, 0x85, 0x04, 0x13, 0x23, 0xa4, 0x84, 0x04, 0x13, 0x23, 0xe3, 0x84, 0xa1, 0x90, 0x14,
    0x12, 0x4c, 0x8c, 0x8c, 0x0b, 0x84, 0xc4, 0x4c, 0x10, 0xa4, 0xc1, 0x08, 0x40, 0x09, 0x00, 0x0a,
    0x66, 0x00, 0xe6, 0x08, 0xc0, 0x60, 0x8e, 0x00, 0x29, 0xc6, 0x40, 0x10, 0x44, 0x41, 0x90, 0x51,
    0x0c, 0x80, 0x20, 0x88, 0x62, 0x20, 0xe4, 0xa6, 0xe1, 0xf2, 0x27, 0xec, 0x21, 0x24, 0x7f, 0x25,
    0xa4, 0x95, 0x98, 0xfc, 0xe2, 0xb6, 0x51, 0x31, 0x0c, 0xc3, 0x40, 0x50, 0x71, 0xcf, 0x70, 0xf9,
    0x13, 0xf6, 0x10, 0x92, 0x1f, 0x02, 0xcd, 0xb0, 0x10, 0x28, 0x58, 0x0a, 0xa3, 0x10, 0x0c, 0x33,
    0x0c, 0xc3, 0x40, 0x10, 0xc4, 0x40, 0x4d, 0x91, 0x14, 0x82, 0x61, 0x86, 0x61, 0x18, 0x08, 0x82,
    0x18, 0x86, 0x61, 0x18, 0x86, 0x81, 0x9e, 0x32, 0x0c, 0xc4, 0x40, 0x51, 0x41, 0x06, 0x62, 0x18,
    0x86, 0x61, 0x18, 0x68, 0x2a, 0xc4, 0x40, 0x0c, 0x03, 0x55, 0x47, 0x0d, 0x97, 0x3f, 0x61, 0x0f,
    0x21, 0xf9, 0xdc, 0x46, 0x15, 0x2b, 0x31, 0xf9, 0xc5, 0x6d, 0x23, 0x62, 0x18, 0x86, 0xa1, 0x10,
    0x17, 0xc1, 0x10, 0x84, 0x95, 0x62, 0x20, 0x86, 0x61, 0x20, 0x6d, 0x8e, 0x20, 0x28, 0x06, 0x43,
    0x14, 0x04, 0xc1, 0x51, 0x37, 0x10, 0x30, 0x8c, 0x40, 0x0c, 0x33, 0xb5, 0xc1, 0x38, 0xb0, 0x43,
    0x38, 0xcc, 0xc3, 0x3c, 0xb8, 0x01, 0x2d, 0x94, 0x03, 0x3e, 0xd0, 0x43, 0x3d, 0xc8, 0x43, 0x39,
    0xc8, 0x01, 0x29, 0xf0, 0x81, 0x3d, 0x94, 0xc3, 0x38, 0xd0, 0xc3, 0x3b, 0xc8, 0x03, 0x1f, 0x98,
    0x03, 0x3b, 0xbc, 0x43, 0x38, 0xd0, 0x03, 0x1b, 0x80, 0x01, 0x1d, 0xf8, 0x01, 0x18, 0xf8, 0x81,
    0x1e, 0xe8, 0x41, 0x3b, 0xa4, 0x03, 0x3c, 0xcc, 0xc3, 0x2f, 0xd0, 0x43, 0x3e, 0xc0, 0x43, 0x39,
    0xa0, 0x80, 0x98, 0x49, 0x0c, 0xc6, 0x81, 0x1d, 0xc2, 0x61, 0x1e, 0xe6, 0xc1, 0x0d, 0x68, 0xa1,
    0x1c, 0xf0, 0x81, 0x1e, 0xea, 0x41, 0x1e, 0xca, 0x41, 0x0e, 0x48, 0x81, 0x0f, 0xec, 0xa1, 0x1c,
    0xc6, 0x81, 0x1e, 0xde, 0x41, 0x1e, 0xf8, 0xc0, 0x1c, 0xd8, 0xe1, 0x1d, 0xc2, 0x81, 0x1e, 0xd8,
    0x00, 0x0c, 0xe8, 0xc0, 0x0f, 0xc0, 0xc0, 0x0f, 0x90, 0x00, 0x86, 0x24, 0x5e, 0xc2, 0x39, 0x8d,
    0x34, 0x01, 0xcd, 0x24, 0xa1, 0x66, 0x18, 0x86, 0x01, 0x1c, 0x86, 0x61, 0x00, 0x41, 0x10, 0x24,
    0xf2, 0x26, 0x69, 0x8a, 0x28, 0x61, 0xf2, 0x59, 0x80, 0x79, 0x16, 0x22, 0x62, 0x27, 0x60, 0x22,
    0x50, 0x40, 0x90, 0x99, 0x0e, 0x04, 0x00, 0x00, 0x13, 0x14, 0x72, 0xc0, 0x87, 0x74, 0x60, 0x87,
    0x36, 0x68, 0x87, 0x79, 0x68, 0x03, 0x72, 0xc0, 0x87, 0x0d, 0xaf, 0x50, 0x0e, 0x6d, 0xd0, 0x0e,
    0x7a, 0x50, 0x0e, 0x6d, 0x00, 0x0f, 0x7a, 0x30, 0x07, 0x72, 0xa0, 0x07, 0x73, 0x20, 0x07, 0x6d,
    0x90, 0x0e, 0x71, 0xa0, 0x07, 0x73, 0x20, 0x07, 0x6d, 0x90, 0x0e, 0x78, 0xa0, 0x07, 0x73, 0x20,
    0x07, 0x6d, 0x90, 0x0e, 0x71, 0x60, 0x07, 0x7a, 0x30, 0x07, 0x72, 0xd0, 0x06, 0xe9, 0x30, 0x07,
    0x72, 0xa0, 0x07, 0x73, 0x20, 0x07, 0x6d, 0x90, 0x0e, 0x76, 0x40, 0x07, 0x7a, 0x60, 0x07, 0x74,
    0xd0, 0x06, 0xe6, 0x10, 0x07, 0x76, 0xa0, 0x07, 0x73, 0x20, 0x07, 0x6d, 0x60, 0x0e, 0x73, 0x20,
    0x07, 0x7a, 0x30, 0x07, 0x72, 0xd0, 0x06, 0xe6, 0x60, 0x07, 0x74, 0xa0, 0x07, 0x76, 0x40, 0x07,
    0x6d, 0xe0, 0x0e, 0x78, 0xa0, 0x07, 0x71, 0x60, 0x07, 0x7a, 0x30, 0x07, 0x72, 0xa0, 0x07, 0x76,
    0x40, 0x07, 0x43, 0x9e, 0x00, 0x08, 0x00, 0x00, 0x00, 0x00, 0x00, 0x00, 0x00, 0x00, 0x00, 0x86,
    0x3c, 0x06, 0x10, 0x00, 0x01, 0x00, 0x00, 0x00, 0x00, 0x00, 0x00, 0x00, 0x0c, 0x79, 0x10, 0x20,
    0x00, 0x04, 0x00, 0x00, 0x00, 0x00, 0x00, 0x00, 0x00, 0x18, 0xf2, 0x34, 0x40, 0x00, 0x0c, 0x00,
    0x00, 0x00, 0x00, 0x00, 0x00, 0x00, 0x30, 0xe4, 0x79, 0x80, 0x00, 0x18, 0x00, 0x00, 0x00, 0x00,
    0x00, 0x00, 0x00, 0x60, 0xc8, 0x13, 0x01, 0x01, 0x10, 0x00, 0x00, 0x00, 0x00, 0x00, 0x00, 0x00,
    0xc0, 0x90, 0x67, 0x02, 0x02, 0x20, 0x00, 0x00, 0x00, 0x00, 0x00, 0x00, 0x00, 0x80, 0x21, 0x4f,
    0x05, 0x04, 0x40, 0x00, 0x00, 0x00, 0x00, 0x00, 0x00, 0x00, 0x00, 0x43, 0x1e, 0x0c, 0x08, 0x80,
    0x01, 0x00, 0x00, 0x00, 0x00, 0x00, 0x00, 0x00, 0x86, 0x3c, 0x1a, 0x10, 0x00, 0x01, 0x00, 0x00,
    0x00, 0x00, 0x00, 0x00, 0x00, 0x0c, 0x79, 0x3a, 0x20, 0x00, 0x06, 0x00, 0x00, 0x00, 0x00, 0x00,
    0x00, 0x00, 0xc8, 0x02, 0x01, 0x00, 0x00, 0x00, 0x1a, 0x00, 0x00, 0x00, 0x32, 0x1e, 0x98, 0x18,
    0x19, 0x11, 0x4c, 0x90, 0x8c, 0x09, 0x26, 0x47, 0xc6, 0x04, 0x43, 0x22, 0x4a, 0x60, 0x04, 0xa0,
    0x18, 0x8a, 0xa0, 0x24, 0x0a, 0x3c, 0xa0, 0x0c, 0xca, 0xa1, 0x10, 0x0a, 0xa2, 0x30, 0x0a, 0xa4,
    0x34, 0x0a, 0xa8, 0x90, 0x0a, 0xaa, 0xb0, 0x0a, 0xac, 0x00, 0x03, 0x0a, 0x34, 0xa0, 0x80, 0x03,
    0xca, 0xa3, 0x48, 0x8a, 0xbe, 0xa0, 0xbc, 0x13, 0x8a, 0x86, 0x8a, 0x92, 0x28, 0x83, 0x42, 0x18,
    0x01, 0x28, 0x82, 0x02, 0x21, 0xae, 0x06, 0x68, 0x9c, 0x01, 0x20, 0x72, 0x06, 0x80, 0xca, 0x19,
    0x00, 0x3a, 0x67, 0x00, 0x08, 0x1d, 0xcb, 0x61, 0x08, 0x00, 0x00, 0x80, 0xe7, 0x01, 0x80, 0x40,
    0x20, 0x10, 0x00, 0x00, 0x79, 0x18, 0x00, 0x00, 0x0a, 0x01, 0x00, 0x00, 0x1a, 0x03, 0x4c, 0x90,
    0x46, 0x02, 0x13, 0x44, 0x8f, 0x0c, 0x6f, 0xec, 0xed, 0x4d, 0x0c, 0x24, 0xc6, 0x05, 0xc7, 0x45,
    0xa6, 0x06, 0x46, 0xc6, 0x25, 0x26, 0x06, 0x04, 0x45, 0x66, 0x26, 0x27, 0x47, 0x26, 0xa6, 0x46,
    0x46, 0x26, 0x65, 0x43, 0x10, 0x4c, 0x10, 0x88, 0x65, 0x82, 0x40, 0x30, 0x1b, 0x84, 0x81, 0xd8,
    0x20, 0x10, 0x04, 0x05, 0xb8, 0xb9, 0x09, 0x02, 0xd1, 0x6c, 0x18, 0x0e, 0x84, 0x98, 0x20, 0x8c,
    0x01, 0x1b, 0x10, 0xa1, 0x2b, 0xc3, 0xa3, 0xab, 0x93, 0x2b, 0x83, 0x99, 0x20, 0x10, 0xce, 0x04,
    0x81, 0x78, 0x36, 0x08, 0x44, 0xb3, 0x21, 0x21, 0x94, 0x85, 0x20, 0x06, 0x86, 0x70, 0x88, 0xd0,
    0x95, 0xe1, 0xd1, 0xd5, 0xc9, 0x95, 0xc5, 0x6c, 0x48, 0x06, 0x05, 0x22, 0x86, 0x81, 0x21, 0x1c,
    0x22, 0x74, 0x65, 0x78, 0x74, 0x75, 0x72, 0x65, 0x32, 0x1b, 0x12, 0x46, 0x91, 0x08, 0x66, 0x60,
    0x08, 0x67, 0xc3, 0xf0, 0x44, 0xd3, 0x04, 0xa1, 0x0c, 0xdc, 0x80, 0xc9, 0xd0, 0x9b, 0xdb, 0x1c,
    0x5d, 0x98, 0x1b, 0xdd, 0xdc, 0x04, 0x81, 0x80, 0x36, 0x20, 0x44, 0x65, 0x11, 0xc3, 0x70, 0x01,
    0x1b, 0x02, 0x6c, 0x82, 0x70, 0x06, 0x6f, 0x40, 0x64, 0x2e, 0xac, 0x0d, 0x8e, 0xad, 0x4c, 0x0e,
    0x66, 0x03, 0x42, 0x68, 0x1b, 0x41, 0x0c, 0x04, 0x40, 0x64, 0x2e, 0xac, 0x0d, 0x8e, 0xad, 0x4c,
    0x2e, 0x66, 0x03, 0x32, 0x68, 0x1d, 0x31, 0x0c, 0x04, 0xb0, 0x41, 0xe0, 0xbc, 0x0d, 0x04, 0x05,
    0x64, 0xdf, 0x04, 0x81, 0x0c, 0xda, 0x80, 0xcc, 0xdc, 0x98, 0xd4, 0x91, 0xd0, 0xd7, 0x5b, 0x1d,
    0x1d, 0x5c, 0x1d, 0xdd, 0x04, 0x81, 0x88, 0x26, 0x08, 0x84, 0xb4, 0xc1, 0x40, 0xc4, 0x60, 0x0c,
    0x08, 0x32, 0x68, 0xc8, 0xd0, 0x95, 0xe1, 0xd1, 0xd5, 0xc9, 0x95, 0x7d, 0xd1, 0xe5, 0xc1, 0x95,
    0x4d, 0x10, 0x88, 0x69, 0x82, 0xc0, 0xad, 0xc1, 0x06, 0x04, 0x31, 0x83, 0x31, 0x38, 0x03, 0x32,
    0x68, 0x1a, 0x34, 0xa0, 0x92, 0xe6, 0x06, 0x57, 0x47, 0xf7, 0x45, 0x97, 0x07, 0x57, 0x36, 0x41,
    0x20, 0xa8, 0x0d, 0x08, 0xa2, 0x06, 0x63, 0xb0, 0x06, 0x64, 0xd0, 0x34, 0x68, 0xc0, 0x65, 0xec,
    0x8d, 0xed, 0x4d, 0xee, 0x6b, 0x6e, 0x2c, 0x8c, 0xad, 0x6c, 0x82, 0x40, 0x54, 0x1b, 0x10, 0xa4,
    0x0d, 0xc6, 0xc0, 0x0d, 0xc8, 0xa0, 0x69, 0xd0, 0x80, 0x0a, 0x5d, 0x19, 0x5e, 0x19, 0xdb, 0xd7,
    0x5c, 0x9a, 0x5e, 0xd9, 0x04, 0x81, 0xb0, 0x26, 0x08, 0xc4, 0xb5, 0x41, 0x41, 0xe0, 0x60, 0x0c,
    0xe2, 0x80, 0x0c, 0x9a, 0x06, 0x0d, 0xe4, 0xe0, 0x0c, 0xe8, 0xd0, 0xbd, 0xb9, 0x95, 0xb5, 0x85,
    0xc1, 0x7d, 0xb5, 0x95, 0xd1, 0xa1, 0xbd, 0x91, 0x4d, 0x10, 0x08, 0x6c, 0x03, 0x82, 0xd0, 0xc1,
    0x18, 0xd4, 0x01, 0x19, 0x34, 0x0d, 0x1a, 0xf0, 0xa1, 0x7b, 0x73, 0x2b, 0x6b, 0x0b, 0x83, 0xfb,
    0x32, 0x0b, 0x1b, 0xa3, 0x7b, 0x93, 0x8b, 0x99, 0x20, 0x10, 0xd9, 0x06, 0x04, 0xb9, 0x83, 0x31,
    0xc0, 0x03, 0x32, 0x68, 0x1a, 0x34, 0xe0, 0x43, 0xf7, 0xe6, 0x56, 0xd6, 0x16, 0x06, 0xf7, 0x65,
    0x16, 0x36, 0x46, 0xf7, 0x26, 0x27, 0x33, 0x41, 0x20, 0xb4, 0x0d, 0x08, 0xa2, 0x07, 0x63, 0xb0,
    0x07, 0x64, 0xd0, 0x34, 0x68, 0xc0, 0x67, 0x8e, 0x4c, 0xee, 0xeb, 0x0e, 0x2d, 0x8d, 0xae, 0xec,
    0x0b, 0xee, 0x2d, 0xcd, 0x8d, 0x6e, 0x82, 0x40, 0x6c, 0x1b, 0x10, 0xa4, 0x0f, 0xc6, 0xc0, 0x0f,
    0xc8, 0xa0, 0x69, 0xd0, 0x80, 0x47, 0xd6, 0x9b, 0x99, 0xd9, 0x5c, 0x19, 0xdd, 0x04, 0x81, 0xe0,
    0x36, 0x28, 0x08, 0x28, 0x8c, 0x41, 0x28, 0x90, 0x41, 0xd3, 0xa0, 0x81, 0x1c, 0x9c, 0x01, 0x0d,
    0xa9, 0xb1, 0xb7, 0x32, 0x33, 0xb3, 0x09, 0x02, 0xd1, 0x6d, 0x50, 0x90, 0x51, 0x18, 0x03, 0x52,
    0x20, 0x83, 0xa6, 0x41, 0x03, 0x39, 0x38, 0x03, 0x1a, 0x47, 0x63, 0x6f, 0x65, 0x66, 0x66, 0x13,
    0x04, 0xc2, 0xdb, 0xa0, 0x20, 0xa6, 0x30, 0x06, 0xa7, 0x40, 0x06, 0x4d, 0x83, 0x06, 0x72, 0x70,
    0x06, 0x34, 0x84, 0xc6, 0xde, 0xca, 0xcc, 0xcc, 0x26, 0x08, 0xc4, 0xb7, 0x41, 0x41, 0x52, 0x61,
    0x0c, 0x54, 0x81, 0x0c, 0x9a, 0x06, 0x0d, 0xe4, 0xe0, 0x0c, 0x36, 0x38, 0x57, 0x19, 0xa4, 0x01,
    0x1b, 0xbc, 0xc1, 0x1c, 0xd8, 0x41, 0x1e, 0xf0, 0xc1, 0x1f, 0x88, 0x42, 0x29, 0xa0, 0xc2, 0x2a,
    0x6c, 0x18, 0x88, 0x30, 0x60, 0x85, 0x09, 0x82, 0x00, 0x6c, 0x00, 0x36, 0x0c, 0xc4, 0x2b, 0xbc,
    0xc2, 0x86, 0x00, 0x16, 0x36, 0x0c, 0x83, 0x2b, 0xc4, 0xc2, 0x04, 0x01, 0x0d, 0xe0, 0x60, 0x43,
    0x30, 0x0b, 0x24, 0xda, 0xc2, 0xd2, 0xdc, 0xb8, 0x4c, 0x59, 0x7d, 0x41, 0xbd, 0xcd, 0xa5, 0xd1,
    0xa5, 0xbd, 0xb9, 0x4d, 0x10, 0x8a, 0x32, 0x98, 0x20, 0x14, 0x66, 0xb0, 0x21, 0x20, 0x26, 0x08,
    0xc5, 0x19, 0x4c, 0x10, 0x0a, 0x34, 0xd8, 0xb0, 0x10, 0xb6, 0x70, 0x0b, 0xb8, 0x90, 0x0b, 0xba,
    0x30, 0xe8, 0x02, 0xb1, 0x0b, 0x00, 0x11, 0xaa, 0x22, 0xac, 0xa1, 0xa7, 0x27, 0x29, 0xa2, 0x09,
    0x42, 0x91, 0x06, 0x1b, 0x84, 0x31, 0x18, 0x83, 0x0d, 0xcb, 0xd0, 0x0b, 0xb7, 0xb0, 0x0b, 0xb9,
    0xe0, 0x0b, 0x83, 0x2f, 0x0c, 0xbb, 0xf0, 0x0b, 0x2c, 0x86, 0x9e, 0x98, 0x9e, 0xa4, 0x26, 0x08,
    0x04, 0x18, 0x6c, 0x10, 0xc6, 0x40, 0x1c, 0x36, 0x2c, 0x4c, 0x38, 0xdc, 0xc2, 0x2e, 0xe4, 0x82,
    0x2f, 0x0c, 0xba, 0xc0, 0xec, 0xc2, 0x38, 0x6c, 0x18, 0x78, 0x01, 0x1c, 0xc8, 0x81, 0xc9, 0x94,
    0xd5, 0x17, 0x55, 0x98, 0xdc, 0x59, 0x19, 0xdd, 0x04, 0xa1, 0x50, 0x83, 0x0d, 0x0b, 0x61, 0x0e,
    0xb7, 0x70, 0x0e, 0xb9, 0xb0, 0x0b, 0x83, 0x2e, 0x10, 0xbb, 0x30, 0x0e, 0x1b, 0x02, 0x74, 0xd8,
    0x30, 0x94, 0x43, 0x3a, 0x00, 0x1b, 0x0a, 0x57, 0xa8, 0x05, 0x75, 0x00, 0x03, 0x80, 0x88, 0x98,
    0x5c, 0x98, 0xdb, 0x18, 0x5a, 0xd9, 0xdc, 0x04, 0x81, 0x08, 0x03, 0x1a, 0x66, 0x6c, 0x6f, 0x61,
    0x74, 0x73, 0x13, 0x04, 0x42, 0x0c, 0x58, 0xa4, 0xb9, 0xcd, 0xd1, 0xcd, 0x4d, 0x10, 0x88, 0x31,
    0xa0, 0x31, 0x97, 0x76, 0xf6, 0xc5, 0x46, 0x46, 0x63, 0x2e, 0xed, 0xec, 0x6b, 0x8e, 0x8e, 0x08,
    0x5d, 0x19, 0xde, 0xd7, 0x99, 0x5c, 0x18, 0x19, 0x11, 0xba, 0x32, 0xbc, 0x2f, 0xb7, 0x37, 0xb9,
    0xb6, 0x09, 0x02, 0x41, 0x06, 0x1b, 0x1c, 0x76, 0x68, 0x07, 0x77, 0x78, 0x07, 0x78, 0x88, 0x07,
    0x79, 0x40, 0xe6, 0xe1, 0x0c, 0xe8, 0x61, 0xa8, 0x07, 0x7b, 0xa8, 0xc2, 0xc6, 0x66, 0xd7, 0xe6,
    0x92, 0x46, 0x56, 0xe6, 0x46, 0x37, 0x25, 0x08, 0xaa, 0x90, 0xe1, 0xb9, 0xd8, 0x95, 0xc9, 0xcd,
    0xa5, 0xbd, 0xb9, 0x4d, 0x09, 0x88, 0x26, 0x64, 0x78, 0x2e, 0x76, 0x61, 0x6c, 0x76, 0x65, 0x72,
    0x53, 0x82, 0xa2, 0x0e, 0x19, 0x9e, 0xcb, 0x1c, 0x5a, 0x18, 0x59, 0x99, 0x5c, 0xd3, 0x1b, 0x59,
    0x19, 0xdb, 0x94, 0x00, 0x29, 0x43, 0x86, 0xe7, 0x22, 0x57, 0x36, 0xf7, 0x56, 0x27, 0x37, 0x56,
    0x36, 0x37, 0x25, 0xf8, 0x2a, 0x91, 0xe1, 0xb9, 0xd0, 0xe5, 0xc1, 0x95, 0x05, 0xb9, 0xb9, 0xbd,
    0xd1, 0x85, 0xd1, 0xa5, 0xbd, 0xb9, 0xcd, 0x4d, 0x11, 0x58, 0x21, 0x16, 0xea, 0x90, 0xe1, 0xb9,
    0xd8, 0xa5, 0x95, 0xdd, 0x25, 0x91, 0x4d, 0xd1, 0x85, 0xd1, 0x95, 0x4d, 0x09, 0x66, 0xa1, 0x0e,
    0x19, 0x9e, 0x4b, 0x99, 0x1b, 0x9d, 0x5c, 0x1e, 0xd4, 0x5b, 0x9a, 0x1b, 0xdd, 0xdc, 0x94, 0x40,
    0x1d, 0xba, 0x90, 0xe1, 0xb9, 0x8c, 0xbd, 0xd5, 0xb9, 0xd1, 0x95, 0xc9, 0xcd, 0x4d, 0x09, 0xec,
    0x01, 0x00, 0x00, 0x00, 0x79, 0x18, 0x00, 0x00, 0x51, 0x00, 0x00, 0x00, 0x33, 0x08, 0x80, 0x1c,
    0xc4, 0xe1, 0x1c, 0x66, 0x14, 0x01, 0x3d, 0x88, 0x43, 0x38, 0x84, 0xc3, 0x8c, 0x42, 0x80, 0x07,
    0x79, 0x78, 0x07, 0x73, 0x98, 0x71, 0x0c, 0xe6, 0x00, 0x0f, 0xed, 0x10, 0x0e, 0xf4, 0x80, 0x0e,
    0x33, 0x0c, 0x42, 0x1e, 0xc2, 0xc1, 0x1d, 0xce, 0xa1, 0x1c, 0x66, 0x30, 0x05, 0x3d, 0x88, 0x43,
    0x38, 0x84, 0x83, 0x1b, 0xcc, 0x03, 0x3d, 0xc8, 0x43, 0x3d, 0x8c, 0x03, 0x3d, 0xcc, 0x78, 0x8c,
    0x74, 0x70, 0x07, 0x7b, 0x08, 0x07, 0x79, 0x48, 0x87, 0x70, 0x70, 0x07, 0x7a, 0x70, 0x03, 0x76,
    0x78, 0x87, 0x70, 0x20, 0x87, 0x19, 0xcc, 0x11, 0x0e, 0xec, 0x90, 0x0e, 0xe1, 0x30, 0x0f, 0x6e,
    0x30, 0x0f, 0xe3, 0xf0, 0x0e, 0xf0, 0x50, 0x0e, 0x33, 0x10, 0xc4, 0x1d, 0xde, 0x21, 0x1c, 0xd8,
    0x21, 0x1d, 0xc2, 0x61, 0x1e, 0x66, 0x30, 0x89, 0x3b, 0xbc, 0x83, 0x3b, 0xd0, 0x43, 0x39, 0xb4,
    0x03, 0x3c, 0xbc, 0x83, 0x3c, 0x84, 0x03, 0x3b, 0xcc, 0xf0, 0x14, 0x76, 0x60, 0x07, 0x7b, 0x68,
    0x07, 0x37, 0x68, 0x87, 0x72, 0x68, 0x07, 0x37, 0x80, 0x87, 0x70, 0x90, 0x87, 0x70, 0x60, 0x07,
    0x76, 0x28, 0x07, 0x76, 0xf8, 0x05, 0x76, 0x78, 0x87, 0x77, 0x80, 0x87, 0x5f, 0x08, 0x87, 0x71,
    0x18, 0x87, 0x72, 0x98, 0x87, 0x79, 0x98, 0x81, 0x2c, 0xee, 0xf0, 0x0e, 0xee, 0xe0, 0x0e, 0xf5,
    0xc0, 0x0e, 0xec, 0x30, 0x03, 0x62, 0xc8, 0xa1, 0x1c, 0xe4, 0xa1, 0x1c, 0xcc, 0xa1, 0x1c, 0xe4,
    0xa1, 0x1c, 0xdc, 0x61, 0x1c, 0xca, 0x21, 0x1c, 0xc4, 0x81, 0x1d, 0xca, 0x61, 0x06, 0xd6, 0x90,
    0x43, 0x39, 0xc8, 0x43, 0x39, 0x98, 0x43, 0x39, 0xc8, 0x43, 0x39, 0xb8, 0xc3, 0x38, 0x94, 0x43,
    0x38, 0x88, 0x03, 0x3b, 0x94, 0xc3, 0x2f, 0xbc, 0x83, 0x3c, 0xfc, 0x82, 0x3b, 0xd4, 0x03, 0x3b,
    0xb0, 0xc3, 0x0c, 0xc4, 0x21, 0x07, 0x7c, 0x70, 0x03, 0x7a, 0x28, 0x87, 0x76, 0x80, 0x87, 0x19,
    0xd1, 0x43, 0x0e, 0xf8, 0xe0, 0x06, 0xe4, 0x20, 0x0e, 0xe7, 0xe0, 0x06, 0xf6, 0x10, 0x0e, 0xf2,
    0xc0, 0x0e, 0xe1, 0x90, 0x0f, 0xef, 0x50, 0x0f, 0xf4, 0x30, 0x83, 0x81, 0xc8, 0x01, 0x1f, 0xdc,
    0x40, 0x1c, 0xe4, 0xa1, 0x1c, 0xc2, 0x61, 0x1d, 0xdc, 0x40, 0x1c, 0xe4, 0x01, 0x00, 0x00, 0x00,
    0x71, 0x20, 0x00, 0x00, 0x2a, 0x00, 0x00, 0x00, 0x76, 0x00, 0x0d, 0x97, 0xef, 0x3c, 0x7e, 0x80,
    0x34, 0x40, 0x84, 0xf9, 0xc5, 0x6d, 0x1b, 0xc2, 0x36, 0x5c, 0xbe, 0xf3, 0xf8, 0x42, 0x40, 0x15,
    0x05, 0x11, 0x95, 0x0e, 0x30, 0x94, 0x84, 0x01, 0x08, 0x98, 0x5f, 0xdc, 0xb6, 0x29, 0x48, 0xc3,
    0xe5, 0x3b, 0x8f, 0x2f, 0x44, 0x04, 0x30, 0x11, 0x21, 0xd0, 0x0c, 0x0b, 0x61, 0x06, 0xce, 0x70,
    0xf9, 0xce, 0xe3, 0x0f, 0xce, 0x74, 0xfb, 0xc5, 0x6d, 0x5b, 0xc0, 0x34, 0x5c, 0xbe, 0xf3, 0xf8,
    0x8b, 0x03, 0x0c, 0x62, 0xf3, 0x50, 0x93, 0x5f, 0xdc, 0xb6, 0x0d, 0x40, 0xc3, 0xe5, 0x3b, 0x8f,
    0x2f, 0x01, 0xcc, 0xb3, 0x10, 0x7e, 0x71, 0xdb, 0x46, 0x40, 0x0d, 0x97, 0xef, 0x3c, 0xbe, 0x04,
    0x30, 0xcf, 0x42, 0x80, 0x11, 0x30, 0xf8, 0xc5, 0x6d, 0x9b, 0x40, 0x35, 0x5c, 0xbe, 0xf3, 0xf8,
    0xd2, 0xe4, 0x44, 0x04, 0x4a, 0x4d, 0x0f, 0x35, 0xf9, 0xc5, 0x6d, 0x5b, 0x82, 0x34, 0x5c, 0xbe,
    0xf3, 0xf8, 0x13, 0x11, 0x4d, 0x08, 0x10, 0x61, 0x7e, 0x71, 0xdb, 0x56, 0xf0, 0x0c, 0x97, 0xef,
    0x3c, 0x3e, 0xd5, 0x00, 0x11, 0xe6, 0x17, 0xb7, 0x6d, 0x00, 0x04, 0x03, 0x20, 0x0d, 0x00, 0x00,
    0x00, 0x00, 0x00, 0x00, 0x48, 0x41, 0x53, 0x48, 0x14, 0x00, 0x00, 0x00, 0x00, 0x00, 0x00, 0x00,
    0xc4, 0x35, 0xb5, 0x05, 0x1c, 0x1c, 0xce, 0x90, 0xd7, 0x32, 0xd9, 0xea, 0x46, 0xb6, 0x15, 0x50,
    0x44, 0x58, 0x49, 0x4c, 0x98, 0x19, 0x00, 0x00, 0x60, 0x00, 0x00, 0x00, 0x66, 0x06, 0x00, 0x00,
    0x44, 0x58, 0x49, 0x4c, 0x00, 0x01, 0x00, 0x00, 0x10, 0x00, 0x00, 0x00, 0x80, 0x19, 0x00, 0x00,
    0x42, 0x43, 0xc0, 0xde, 0x21, 0x0c, 0x00, 0x00, 0x5d, 0x06, 0x00, 0x00, 0x0b, 0x82, 0x20, 0x00,
    0x02, 0x00, 0x00, 0x00, 0x13, 0x00, 0x00, 0x00, 0x07, 0x81, 0x23, 0x91, 0x41, 0xc8, 0x04, 0x49,
    0x06, 0x10, 0x32, 0x39, 0x92, 0x01, 0x84, 0x0c, 0x25, 0x05, 0x08, 0x19, 0x1e, 0x04, 0x8b, 0x62,
    0x80, 0x18, 0x45, 0x02, 0x42, 0x92, 0x0b, 0x42, 0xc4, 0x10, 0x32, 0x14, 0x38, 0x08, 0x18, 0x4b,
    0x0a, 0x32, 0x62, 0x88, 0x48, 0x90, 0x14, 0x20, 0x43, 0x46, 0x88, 0xa5, 0x00, 0x19, 0x32, 0x42,
    0xe4, 0x48, 0x0e, 0x90, 0x11, 0x23, 0xc4, 0x50, 0x41, 0x51, 0x81, 0x8c, 0xe1, 0x83, 0xe5, 0x8a,
    0x04, 0x31, 0x46, 0x06, 0x51, 0x18, 0x00, 0x00, 0x08, 0x00, 0x00, 0x00, 0x1b, 0x8c, 0xe0, 0xff,
    0xff, 0xff, 0xff, 0x07, 0x40, 0x02, 0xa8, 0x0d, 0x84, 0xf0, 0xff, 0xff, 0xff, 0xff, 0x03, 0x20,
    0x6d, 0x30, 0x86, 0xff, 0xff, 0xff, 0xff, 0x1f, 0x00, 0x09, 0xa8, 0x00, 0x49, 0x18, 0x00, 0x00,
    0x03, 0x00, 0x00, 0x00, 0x13, 0x82, 0x60, 0x42, 0x20, 0x4c, 0x08, 0x06, 0x00, 0x00, 0x00, 0x00,
    0x89, 0x20, 0x00, 0x00, 0x5c, 0x00, 0x00, 0x00, 0x32, 0x22, 0x88, 0x09, 0x20, 0x64, 0x85, 0x04,
    0x13, 0x23, 0xa4, 0x84, 0x04, 0x13, 0x23, 0xe3, 0x84, 0xa1, 0x90, 0x14, 0x12, 0x4c, 0x8c, 0x8c,
    0x0b, 0x84, 0xc4, 0x4c, 0x10, 0xa8, 0xc1, 0x08, 0x40, 0x09, 0x00, 0x0a, 0x66, 0x00, 0xe6, 0x08,
    0xc0, 0x60, 0x8e, 0x00, 0x29, 0xc6, 0x40, 0x10, 0x44, 0x41, 0x90, 0x51, 0x0c, 0x80, 0x20, 0x88,
    0x62, 0x20, 0xe4, 0xa6, 0xe1, 0xf2, 0x27, 0xec, 0x21, 0x24, 0x7f, 0x25, 0xa4, 0x95, 0x98, 0xfc,
    0xe2, 0xb6, 0x51, 0x31, 0x0c, 0xc3, 0x40, 0x50, 0x71, 0xcf, 0x70, 0xf9, 0x13, 0xf6, 0x10, 0x92,
    0x1f, 0x02, 0xcd, 0xb0, 0x10, 0x28, 0x58, 0x0a, 0xa3, 0x10, 0x0c, 0x33, 0x0c, 0xc3, 0x40, 0x10,
    0xc4, 0x40, 0x4d, 0x91, 0x14, 0x82, 0x61, 0x86, 0x61, 0x18, 0x08, 0x82, 0x18, 0x86, 0x61, 0x18,
    0x86, 0x81, 0x9e, 0x32, 0x0c, 0xc4, 0x40, 0x51, 0x41, 0x06, 0x62, 0x18, 0x86, 0x61, 0x18, 0x68,
    0x2a, 0xc4, 0x40, 0x0c, 0x03, 0x55, 0x47, 0x0d, 0x97, 0x3f, 0x61, 0x0f, 0x21, 0xf9, 0xdc, 0x46,
    0x15, 0x2b, 0x31, 0xf9, 0xc5, 0x6d, 0x23, 0x62, 0x18, 0x86, 0xa1, 0x10, 0x17, 0xc1, 0x10, 0x84,
    0x95, 0x62, 0x20, 0x86, 0x61, 0x20, 0x6d, 0x8e, 0x20, 0x28, 0x06, 0x43, 0x14, 0x04, 0xc1, 0x51,
    0x37, 0x10, 0x30, 0x8c, 0x40, 0x0c, 0x33, 0xb5, 0xc1, 0x38, 0xb0, 0x43, 0x38, 0xcc, 0xc3, 0x3c,
    0xb8, 0x01, 0x2d, 0x94, 0x03, 0x3e, 0xd0, 0x43, 0x3d, 0xc8, 0x43, 0x39, 0xc8, 0x01, 0x29, 0xf0,
    0x81, 0x3d, 0x94, 0xc3, 0x38, 0xd0, 0xc3, 0x3b, 0xc8, 0x03, 0x1f, 0x98, 0x03, 0x3b, 0xbc, 0x43,
    0x38, 0xd0, 0x03, 0x1b, 0x80, 0x01, 0x1d, 0xf8, 0x01, 0x18, 0xf8, 0x81, 0x1e, 0xe8, 0x41, 0x3b,
    0xa4, 0x03, 0x3c, 0xcc, 0xc3, 0x2f, 0xd0, 0x43, 0x3e, 0xc0, 0x43, 0x39, 0xa0, 0x80, 0x98, 0x49,
    0x0c, 0xc6, 0x81, 0x1d, 0xc2, 0x61, 0x1e, 0xe6, 0xc1, 0x0d, 0x68, 0xa1, 0x1c, 0xf0, 0x81, 0x1e,
    0xea, 0x41, 0x1e, 0xca, 0x41, 0x0e, 0x48, 0x81, 0x0f, 0xec, 0xa1, 0x1c, 0xc6, 0x81, 0x1e, 0xde,
    0x41, 0x1e, 0xf8, 0xc0, 0x1c, 0xd8, 0xe1, 0x1d, 0xc2, 0x81, 0x1e, 0xd8, 0x00, 0x0c, 0xe8, 0xc0,
    0x0f, 0xc0, 0xc0, 0x0f, 0x90, 0x00, 0x86, 0x24, 0x5e, 0xc2, 0x39, 0x8d, 0x34, 0x01, 0xcd, 0x24,
    0xa1, 0x66, 0x18, 0x86, 0x01, 0x1c, 0x86, 0x61, 0x00, 0x41, 0x10, 0x24, 0xf2, 0x26, 0x69, 0x8a,
    0x28, 0x61, 0xf2, 0x59, 0x80, 0x79, 0x16, 0x22, 0x62, 0x27, 0x60, 0x22, 0x50, 0x40, 0x90, 0x99,
    0x0e, 0xc4, 0x14, 0x00, 0x00, 0x00, 0x00, 0x00, 0x13, 0x14, 0x72, 0xc0, 0x87, 0x74, 0x60, 0x87,
    0x36, 0x68, 0x87, 0x79, 0x68, 0x03, 0x72, 0xc0, 0x87, 0x0d, 0xaf, 0x50, 0x0e, 0x6d, 0xd0, 0x0e,
    0x7a, 0x50, 0x0e, 0x6d, 0x00, 0x0f, 0x7a, 0x30, 0x07, 0x72, 0xa0, 0x07, 0x73, 0x20, 0x07, 0x6d,
    0x90, 0x0e, 0x71, 0xa0, 0x07, 0x73, 0x20, 0x07, 0x6d, 0x90, 0x0e, 0x78, 0xa0, 0x07, 0x73, 0x20,
    0x07, 0x6d, 0x90, 0x0e, 0x71, 0x60, 0x07, 0x7a, 0x30, 0x07, 0x72, 0xd0, 0x06, 0xe9, 0x30, 0x07,
    0x72, 0xa0, 0x07, 0x73, 0x20, 0x07, 0x6d, 0x90, 0x0e, 0x76, 0x40, 0x07, 0x7a, 0x60, 0x07, 0x74,
    0xd0, 0x06, 0xe6, 0x10, 0x07, 0x76, 0xa0, 0x07, 0x73, 0x20, 0x07, 0x6d, 0x60, 0x0e, 0x73, 0x20,
    0x07, 0x7a, 0x30, 0x07, 0x72, 0xd0, 0x06, 0xe6, 0x60, 0x07, 0x74, 0xa0, 0x07, 0x76, 0x40, 0x07,
    0x6d, 0xe0, 0x0e, 0x78, 0xa0, 0x07, 0x71, 0x60, 0x07, 0x7a, 0x30, 0x07, 0x72, 0xa0, 0x07, 0x76,
    0x40, 0x07, 0x43, 0x9e, 0x00, 0x00, 0x00, 0x00, 0x00, 0x00, 0x00, 0x00, 0x00, 0x00, 0x00, 0x86,
    0x3c, 0x06, 0x10, 0x00, 0x01, 0x00, 0x00, 0x00, 0x00, 0x00, 0x00, 0x00, 0x0c, 0x79, 0x10, 0x20,
    0x00, 0x04, 0x00, 0x00, 0x00, 0x00, 0x00, 0x00, 0x00, 0x18, 0xf2, 0x34, 0x40, 0x00, 0x0c, 0x00,
    0x00, 0x00, 0x00, 0x00, 0x00, 0x00, 0x30, 0xe4, 0x79, 0x80, 0x00, 0x18, 0x00, 0x00, 0x00, 0x00,
    0x00, 0x00, 0x00, 0x60, 0xc8, 0x13, 0x01, 0x01, 0x10, 0x00, 0x00, 0x00, 0x00, 0x00, 0x00, 0x00,
    0xc0, 0x90, 0x67, 0x02, 0x02, 0x20, 0x00, 0x00, 0x00, 0x00, 0x00, 0x00, 0x00, 0x80, 0x21, 0x4f,
    0x05, 0x04, 0x40, 0x00, 0x00, 0x00, 0x00, 0x00, 0x00, 0x00, 0x00, 0x43, 0x1e, 0x0c, 0x08, 0x80,
    0x01, 0x00, 0x00, 0x00, 0x00, 0x00, 0x00, 0x00, 0x86, 0x3c, 0x1a, 0x10, 0x00, 0x01, 0x00, 0x00,
    0x00, 0x00, 0x00, 0x00, 0x00, 0x0c, 0x79, 0x3a, 0x20, 0x00, 0x06, 0x00, 0x00, 0x00, 0x00, 0x00,
    0x00, 0x00, 0xc8, 0x02, 0x01, 0x00, 0x00, 0x00, 0x11, 0x00, 0x00, 0x00, 0x32, 0x1e, 0x98, 0x14,
    0x19, 0x11, 0x4c, 0x90, 0x8c, 0x09, 0x26, 0x47, 0xc6, 0x04, 0x43, 0x22, 0x4a, 0x60, 0x04, 0xa0,
    0x20, 0x8a, 0xa1, 0x08, 0x4a, 0xa2, 0xc0, 0x03, 0xca, 0xa0, 0x3c, 0xa8, 0x28, 0x89, 0x32, 0x28,
    0x84, 0x11, 0x80, 0x22, 0x28, 0x10, 0x1a, 0x67, 0x00, 0xa8, 0x9c, 0x01, 0xa0, 0x73, 0x06, 0x80,
    0xd0, 0xb1, 0x1c, 0x86, 0x00, 0x00, 0x00, 0x78, 0x1e, 0x00, 0x08, 0x04, 0x02, 0x01, 0x00, 0x00,
    0x79, 0x18, 0x00, 0x00, 0x71, 0x00, 0x00, 0x00, 0x1a, 0x03, 0x4c, 0x90, 0x46, 0x02, 0x13, 0x44,
    0x8f, 0x0c, 0x6f, 0xec, 0xed, 0x4d, 0x0c, 0x24, 0xc6, 0x05, 0xc7, 0x45, 0xa6, 0x06, 0x46, 0xc6,
    0x25, 0x26, 0x06, 0x04, 0x45, 0x66, 0x26, 0x27, 0x47, 0x26, 0xa6, 0x46, 0x46, 0x26, 0x65, 0x43,
    0x10, 0x4c, 0x10, 0x88, 0x65, 0x82, 0x40, 0x30, 0x1b, 0x84, 0x81, 0x98, 0x20, 0x10, 0xcd, 0x06,
    0x61, 0x30, 0x28, 0xc0, 0xcd, 0x4d, 0x10, 0x08, 0x67, 0xc3, 0x80, 0x24, 0xc4, 0x04, 0x61, 0x0c,
    0x34, 0x02, 0x13, 0x04, 0xe2, 0x99, 0x20, 0x10, 0xd0, 0x06, 0x81, 0x70, 0x36, 0x24, 0xc4, 0xc2,
    0x10, 0xc4, 0xd0, 0x10, 0xcf, 0x86, 0x64, 0x58, 0x18, 0x62, 0x18, 0x1a, 0xe2, 0xd9, 0x90, 0x34,
    0x0b, 0x43, 0x34, 0x43, 0x43, 0x3c, 0x1b, 0x06, 0x28, 0x92, 0x26, 0x08, 0x65, 0xb0, 0x4d, 0x10,
    0x88, 0x68, 0x03, 0x42, 0x50, 0x0c, 0x31, 0x0c, 0x15, 0xb0, 0x21, 0xb0, 0x26, 0x08, 0x67, 0xc0,
    0x6d, 0x40, 0x08, 0x8c, 0x21, 0x88, 0x81, 0x00, 0x36, 0x20, 0x03, 0xc6, 0x10, 0xc3, 0x40, 0x00,
    0x1b, 0x84, 0x4c, 0xdb, 0x40, 0x4c, 0xc0, 0xb5, 0x4d, 0x10, 0xd0, 0xa0, 0xdb, 0x10, 0x74, 0x13,
    0x04, 0x01, 0x20, 0xd1, 0x16, 0x96, 0xe6, 0xc6, 0x65, 0xca, 0xea, 0x0b, 0xea, 0x6d, 0x2e, 0x8d,
    0x2e, 0xed, 0xcd, 0x6d, 0x82, 0x50, 0x50, 0x13, 0x84, 0xa2, 0xda, 0x10, 0x10, 0x13, 0x84, 0xc2,
    0x9a, 0x20, 0x14, 0xd7, 0x86, 0x85, 0x08, 0x03, 0x31, 0x18, 0x03, 0x32, 0x28, 0x83, 0xa1, 0x0c,
    0x08, 0x33, 0x00, 0x88, 0x50, 0x15, 0x61, 0x0d, 0x3d, 0x3d, 0x49, 0x11, 0x4d, 0x10, 0x0a, 0x6c,
    0x82, 0x40, 0x48, 0x1b, 0x04, 0x35, 0x50, 0x83, 0x0d, 0xcb, 0x80, 0x06, 0x62, 0x60, 0x06, 0x64,
    0x90, 0x06, 0x43, 0x1a, 0x0c, 0x66, 0xb0, 0x06, 0x2c, 0x86, 0x9e, 0x98, 0x9e, 0xa4, 0x26, 0x08,
    0xc4, 0xb4, 0x41, 0x50, 0x03, 0x37, 0xd8, 0xb0, 0x34, 0x6d, 0x20, 0x06, 0x66, 0x40, 0x06, 0x69,
    0x30, 0x94, 0x41, 0x63, 0x06, 0x6f, 0xb0, 0x61, 0x38, 0x03, 0x36, 0x80, 0x03, 0x26, 0x53, 0x56,
    0x5f, 0x54, 0x61, 0x72, 0x67, 0x65, 0x74, 0x13, 0x84, 0x22, 0xdb, 0xb0, 0x10, 0x72, 0x20, 0x06,
    0x73, 0x40, 0x06, 0x66, 0x30, 0x94, 0x01, 0x61, 0x06, 0x6f, 0xb0, 0x21, 0xa0, 0x83, 0x0d, 0x43,
    0x1c, 0xd4, 0x01, 0xb0, 0xa1, 0xf8, 0xc0, 0xc0, 0x0e, 0x38, 0xa0, 0x0a, 0x1b, 0x9b, 0x5d, 0x9b,
    0x4b, 0x1a, 0x59, 0x99, 0x1b, 0xdd, 0x94, 0x20, 0xa8, 0x42, 0x86, 0xe7, 0x62, 0x57, 0x26, 0x37,
    0x97, 0xf6, 0xe6, 0x36, 0x25, 0x20, 0x9a, 0x90, 0xe1, 0xb9, 0xd8, 0x85, 0xb1, 0xd9, 0x95, 0xc9,
    0x4d, 0x09, 0x8c, 0x3a, 0x64, 0x78, 0x2e, 0x73, 0x68, 0x61, 0x64, 0x65, 0x72, 0x4d, 0x6f, 0x64,
    0x65, 0x6c, 0x53, 0x82, 0xa4, 0x0c, 0x19, 0x9e, 0x8b, 0x5c, 0xd9, 0xdc, 0x5b, 0x9d, 0xdc, 0x58,
    0xd9, 0xdc, 0x94, 0x60, 0xab, 0x43, 0x86, 0xe7, 0x62, 0x97, 0x56, 0x76, 0x97, 0x44, 0x36, 0x45,
    0x17, 0x46, 0x57, 0x36, 0x25, 0xe8, 0xea, 0x90, 0xe1, 0xb9, 0x94, 0xb9, 0xd1, 0xc9, 0xe5, 0x41,
    0xbd, 0xa5, 0xb9, 0xd1, 0xcd, 0x4d, 0x09, 0xec, 0x00, 0x00, 0x00, 0x00, 0x79, 0x18, 0x00, 0x00,
    0x51, 0x00, 0x00, 0x00, 0x33, 0x08, 0x80, 0x1c, 0xc4, 0xe1, 0x1c, 0x66, 0x14, 0x01, 0x3d, 0x88,
    0x43, 0x38, 0x84, 0xc3, 0x8c, 0x42, 0x80, 0x07, 0x79, 0x78, 0x07, 0x73, 0x98, 0x71, 0x0c, 0xe6,
    0x00, 0x0f, 0xed, 0x10, 0x0e, 0xf4, 0x80, 0x0e, 0x33, 0x0c, 0x42, 0x1e, 0xc2, 0xc1, 0x1d, 0xce,
    0xa1, 0x1c, 0x66, 0x30, 0x05, 0x3d, 0x88, 0x43, 0x38, 0x84, 0x83, 0x1b, 0xcc, 0x03, 0x3d, 0xc8,
    0x43, 0x3d, 0x8c, 0x03, 0x3d, 0xcc, 0x78, 0x8c, 0x74, 0x70, 0x07, 0x7b, 0x08, 0x07, 0x79, 0x48,
    0x87, 0x70, 0x70, 0x07, 0x7a, 0x70, 0x03, 0x76, 0x78, 0x87, 0x70, 0x20, 0x87, 0x19, 0xcc, 0x11,
    0x0e, 0xec, 0x90, 0x0e, 0xe1, 0x30, 0x0f, 0x6e, 0x30, 0x0f, 0xe3, 0xf0, 0x0e, 0xf0, 0x50, 0x0e,
    0x33, 0x10, 0xc4, 0x1d, 0xde, 0x21, 0x1c, 0xd8, 0x21, 0x1d, 0xc2, 0x61, 0x1e, 0x66, 0x30, 0x89,
    0x3b, 0xbc, 0x83, 0x3b, 0xd0, 0x43, 0x39, 0xb4, 0x03, 0x3c, 0xbc, 0x83, 0x3c, 0x84, 0x03, 0x3b,
    0xcc, 0xf0, 0x14, 0x76, 0x60, 0x07, 0x7b, 0x68, 0x07, 0x37, 0x68, 0x87, 0x72, 0x68, 0x07, 0x37,
    0x80, 0x87, 0x70, 0x90, 0x87, 0x70, 0x60, 0x07, 0x76, 0x28, 0x07, 0x76, 0xf8, 0x05, 0x76, 0x78,
    0x87, 0x77, 0x80, 0x87, 0x5f, 0x08, 0x87, 0x71, 0x18, 0x87, 0x72, 0x98, 0x87, 0x79, 0x98, 0x81,
    0x2c, 0xee, 0xf0, 0x0e, 0xee, 0xe0, 0x0e, 0xf5, 0xc0, 0x0e, 0xec, 0x30, 0x03, 0x62, 0xc8, 0xa1,
    0x1c, 0xe4, 0xa1, 0x1c, 0xcc, 0xa1, 0x1c, 0xe4, 0xa1, 0x1c, 0xdc, 0x61, 0x1c, 0xca, 0x21, 0x1c,
    0xc4, 0x81, 0x1d, 0xca, 0x61, 0x06, 0xd6, 0x90, 0x43, 0x39, 0xc8, 0x43, 0x39, 0x98, 0x43, 0x39,
    0xc8, 0x43, 0x39, 0xb8, 0xc3, 0x38, 0x94, 0x43, 0x38, 0x88, 0x03, 0x3b, 0x94, 0xc3, 0x2f, 0xbc,
    0x83, 0x3c, 0xfc, 0x82, 0x3b, 0xd4, 0x03, 0x3b, 0xb0, 0xc3, 0x0c, 0xc4, 0x21, 0x07, 0x7c, 0x70,
    0x03, 0x7a, 0x28, 0x87, 0x76, 0x80, 0x87, 0x19, 0xd1, 0x43, 0x0e, 0xf8, 0xe0, 0x06, 0xe4, 0x20,
    0x0e, 0xe7, 0xe0, 0x06, 0xf6, 0x10, 0x0e, 0xf2, 0xc0, 0x0e, 0xe1, 0x90, 0x0f, 0xef, 0x50, 0x0f,
    0xf4, 0x30, 0x83, 0x81, 0xc8, 0x01, 0x1f, 0xdc, 0x40, 0x1c, 0xe4, 0xa1, 0x1c, 0xc2, 0x61, 0x1d,
    0xdc, 0x40, 0x1c, 0xe4, 0x01, 0x00, 0x00, 0x00, 0x71, 0x20, 0x00, 0x00, 0x2a, 0x00, 0x00, 0x00,
    0x76, 0x00, 0x0d, 0x97, 0xef, 0x3c, 0x7e, 0x80, 0x34, 0x40, 0x84, 0xf9, 0xc5, 0x6d, 0x1b, 0xc2,
    0x36, 0x5c, 0xbe, 0xf3, 0xf8, 0x42, 0x40, 0x15, 0x05, 0x11, 0x95, 0x0e, 0x30, 0x94, 0x84, 0x01,
    0x08, 0x98, 0x5f, 0xdc, 0xb6, 0x29, 0x48, 0xc3, 0xe5, 0x3b, 0x8f, 0x2f, 0x44, 0x04, 0x30, 0x11,
    0x21, 0xd0, 0x0c, 0x0b, 0x61, 0x06, 0xce, 0x70, 0xf9, 0xce, 0xe3, 0x0f, 0xce, 0x74, 0xfb, 0xc5,
    0x6d, 0x5b, 0xc0, 0x34, 0x5c, 0xbe, 0xf3, 0xf8, 0x8b, 0x03, 0x0c, 0x62, 0xf3, 0x50, 0x93, 0x5f,
    0xdc, 0xb6, 0x0d, 0x40, 0xc3, 0xe5, 0x3b, 0x8f, 0x2f, 0x01, 0xcc, 0xb3, 0x10, 0x7e, 0x71, 0xdb,
    0x46, 0x40, 0x0d, 0x97, 0xef, 0x3c, 0xbe, 0x04, 0x30, 0xcf, 0x42, 0x80, 0x11, 0x30, 0xf8, 0xc5,
    0x6d, 0x9b, 0x40, 0x35, 0x5c, 0xbe, 0xf3, 0xf8, 0xd2, 0xe4, 0x44, 0x04, 0x4a, 0x4d, 0x0f, 0x35,
    0xf9, 0xc5, 0x6d, 0x5b, 0x82, 0x34, 0x5c, 0xbe, 0xf3, 0xf8, 0x13, 0x11, 0x4d, 0x08, 0x10, 0x61,
    0x7e, 0x71, 0xdb, 0x56, 0xf0, 0x0c, 0x97, 0xef, 0x3c, 0x3e, 0xd5, 0x00, 0x11, 0xe6, 0x17, 0xb7,
    0x6d, 0x00, 0x04, 0x03, 0x20, 0x0d, 0x00, 0x00, 0x61, 0x20, 0x00, 0x00, 0x8b, 0x04, 0x00, 0x00,
    0x13, 0x04, 0x65, 0x10, 0x0b, 0x04, 0x00, 0x00, 0x4c, 0x00, 0x00, 0x00, 0xc4, 0x8d, 0x00, 0x50,
    0x51, 0x02, 0x44, 0x94, 0x5f, 0x21, 0x15, 0x6a, 0x40, 0x99, 0x06, 0x14, 0x57, 0xc9, 0x95, 0x42,
    0x39, 0x94, 0x4d, 0xb1, 0x94, 0x5b, 0x19, 0x15, 0x42, 0xa9, 0x94, 0x4b, 0xd9, 0x15, 0xde, 0x0c,
    0x00, 0x0d, 0x63, 0x04, 0xef, 0x9e, 0x96, 0xf7, 0x37, 0x46, 0xa0, 0xb3, 0xe6, 0x1c, 0x82, 0xc1,
    0x18, 0x01, 0x08, 0xa2, 0xa6, 0xf8, 0x8d, 0x11, 0x80, 0x20, 0xc8, 0xd6, 0xdf, 0x18, 0x01, 0x08,
    0xb2, 0x7b, 0x1a, 0x06, 0x63, 0x04, 0x20, 0x08, 0x82, 0x28, 0x18, 0x8c, 0x11, 0x80, 0x20, 0x08,
    0xaa, 0x60, 0x30, 0x46, 0x00, 0x82, 0x20, 0xc8, 0x82, 0xc1, 0x18, 0x01, 0x08, 0x82, 0xa0, 0x0b,
    0x06, 0x63, 0x04, 0x20, 0x08, 0x82, 0x30, 0x18, 0x8c, 0x11, 0xb0, 0xec, 0x19, 0xca, 0xdf, 0x18,
    0x01, 0xea, 0x97, 0xb1, 0xfa, 0x8d, 0x11, 0xe4, 0xa7, 0x2e, 0xce, 0xde, 0x18, 0x81, 0x5e, 0x83,
    0x3b, 0xee, 0x8d, 0x11, 0xa8, 0x78, 0x6e, 0xdb, 0xdf, 0x18, 0xc1, 0xdb, 0xa7, 0xf4, 0xe8, 0x8d,
    0x11, 0xac, 0x73, 0xcc, 0xa2, 0xde, 0x18, 0x41, 0x1a, 0xc2, 0xe8, 0xee, 0x8d, 0x11, 0xdc, 0x6d,
    0xac, 0xda, 0xdf, 0x18, 0xc1, 0x3b, 0x93, 0x26, 0xe8, 0x8d, 0x11, 0xb8, 0x7d, 0x2c, 0xda, 0xde,
    0x18, 0x41, 0xcc, 0x83, 0x7d, 0xee, 0x8d, 0x11, 0x98, 0xf7, 0xba, 0xca, 0xde, 0x18, 0x01, 0x08,
    0xc2, 0x78, 0x38, 0x06, 0x63, 0x04, 0xeb, 0x88, 0xc7, 0x2c, 0x18, 0x8c, 0x11, 0x80, 0x20, 0xc8,
    0xd6, 0xbf, 0x30, 0x46, 0xc0, 0xb6, 0xf3, 0x4f, 0x7a, 0x63, 0x04, 0x20, 0x08, 0x82, 0xf0, 0x2f,
    0x8c, 0x11, 0x80, 0x20, 0x08, 0xe2, 0xbf, 0x30, 0x46, 0xc0, 0xb6, 0xf1, 0x2b, 0x6f, 0x63, 0x04,
    0x20, 0x48, 0xb7, 0x39, 0x18, 0x8c, 0x11, 0x80, 0x20, 0xb8, 0xe6, 0x60, 0x30, 0x46, 0x00, 0x82,
    0x20, 0x48, 0x82, 0xc1, 0x18, 0x01, 0x08, 0x82, 0x20, 0x08, 0x06, 0x23, 0x00, 0x63, 0x04, 0x20,
    0x08, 0x82, 0x70, 0x37, 0x46, 0x00, 0x82, 0xa0, 0x7f, 0x7f, 0x63, 0x04, 0x20, 0x08, 0x82, 0xf8,
    0x37, 0x46, 0x00, 0x82, 0x20, 0x08, 0x7f, 0x33, 0x00, 0x00, 0x00, 0x00, 0x23, 0x06, 0x09, 0x00,
    0x82, 0x60, 0xd0, 0xc1, 0x42, 0x1d, 0x8c, 0xc2, 0x2a, 0xac, 0x02, 0x1f, 0x8c, 0x18, 0x24, 0x00,
    0x08, 0x82, 0x41, 0x17, 0x0b, 0x76, 0x40, 0x0a, 0xb0, 0x00, 0x0b, 0x7d, 0x30, 0x62, 0x90, 0x00,
    0x20, 0x08, 0x06, 0x9d, 0x2c, 0xdc, 0x41, 0x29, 0xc0, 0x02, 0x2c, 0xf8, 0xc1, 0x88, 0x41, 0x02,
    0x80, 0x20, 0x18, 0x74, 0xb3, 0x80, 0x07, 0xa8, 0x20, 0x0b, 0xb2, 0xf0, 0x07, 0x23, 0x06, 0x09,
    0x00, 0x82, 0x60, 0xd0, 0xd1, 0x42, 0x1e, 0xa4, 0x82, 0x2c, 0xc8, 0x02, 0x28, 0x8c, 0x18, 0x24,
    0x00, 0x08, 0x82, 0x41, 0x57, 0x0b, 0x7a, 0x70, 0x0a, 0xb3, 0x40, 0x0b, 0xa1, 0x30, 0x62, 0x90,
    0x00, 0x20, 0x08, 0x06, 0xc6, 0x2f, 0xd0, 0x41, 0x2c, 0xd0, 0x42, 0x2a, 0xbc, 0xc1, 0x88, 0x41,
    0x02, 0x80, 0x20, 0x18, 0x18, 0xe0, 0x50, 0x07, 0xb2, 0x50, 0x0b, 0xa2, 0x00, 0x07, 0x23, 0x06,
    0x09, 0x00, 0x82, 0x60, 0x60, 0x84, 0x83, 0x1d, 0xcc, 0x82, 0x2d, 0xa8, 0x42, 0x1c, 0x8c, 0x18,
    0x24, 0x00, 0x08, 0x82, 0x81, 0x21, 0x0e, 0x77, 0x40, 0x0b, 0xb7, 0xe0, 0x0a, 0x72, 0x30, 0x62,
    0x90, 0x00, 0x20, 0x08, 0x06, 0xc6, 0x38, 0xe0, 0x41, 0x2e, 0xe0, 0x42, 0x2b, 0xcc, 0xc1, 0x88,
    0x41, 0x02, 0x80, 0x20, 0x18, 0x18, 0xe4, 0x90, 0x07, 0xba, 0x90, 0x0b, 0xa6, 0x40, 0x07, 0x23,
    0x06, 0x07, 0x00, 0x82, 0x60, 0x80, 0xf9, 0xc2, 0x1d, 0x1c, 0xba, 0x30, 0x9a, 0x10, 0x04, 0xc3,
    0x11, 0x01, 0x15, 0x7c, 0xb3, 0x0c, 0x51, 0x10, 0x0c, 0x47, 0x08, 0x52, 0xf0, 0xcd, 0x32, 0x08,
    0x43, 0x30, 0x62, 0xf0, 0x00, 0x20, 0x08, 0x06, 0xcd, 0x39, 0xe8, 0x81, 0xc3, 0x18, 0x45, 0x14,
    0xf9, 0x82, 0x2f, 0xe4, 0x41, 0x34, 0x9a, 0x10, 0x00, 0xa3, 0x09, 0x42, 0x30, 0x9a, 0x30, 0x08,
    0xa3, 0x09, 0xc4, 0x30, 0x4b, 0x10, 0x0d, 0x47, 0x20, 0x5c, 0xf0, 0xcd, 0x32, 0x10, 0x45, 0x30,
    0x62, 0x60, 0x00, 0x20, 0x08, 0x06, 0xd1, 0x3a, 0xb4, 0x02, 0x33, 0x62, 0x60, 0x00, 0x20, 0x08,
    0x06, 0x11, 0x3b, 0xb8, 0x02, 0x33, 0x62, 0x60, 0x00, 0x20, 0x08, 0x06, 0x51, 0x3b, 0x90, 0x83,
    0x30, 0x62, 0x60, 0x00, 0x20, 0x08, 0x06, 0x91, 0x3b, 0x94, 0x83, 0x30, 0x62, 0x60, 0x00, 0x20,
    0x08, 0x06, 0xd1, 0x3b, 0xc8, 0x02, 0x34, 0x62, 0x60, 0x00, 0x20, 0x08, 0x06, 0x11, 0x3c, 0xcc,
    0x02, 0x34, 0x62, 0x60, 0x00, 0x20, 0x08, 0x06, 0x51, 0x3c, 0xa0, 0x83, 0x30, 0x62, 0x60, 0x00,
    0x20, 0x08, 0x06, 0x91, 0x3c, 0xa4, 0x83, 0x60, 0x82, 0x01, 0x1f, 0x13, 0x0c, 0xf8, 0x8c, 0x18,
    0x1c, 0x00, 0x08, 0x82, 0x01, 0x26, 0x0f, 0xab, 0xb0, 0xbd, 0xc3, 0x68, 0x42, 0x20, 0x8c, 0x26,
    0x08, 0x83, 0x09, 0x85, 0x7c, 0x4c, 0x28, 0xe4, 0x33, 0x62, 0x70, 0x00, 0x20, 0x08, 0x06, 0x15,
    0x3e, 0xd0, 0x82, 0x00, 0x07, 0x23, 0x06, 0x07, 0x00, 0x82, 0x60, 0x50, 0xe5, 0x43, 0x2d, 0x08,
    0x71, 0x30, 0x62, 0x70, 0x00, 0x20, 0x08, 0x06, 0x95, 0x3e, 0x80, 0x83, 0xa0, 0x06, 0x23, 0x06,
    0x07, 0x00, 0x82, 0x60, 0x50, 0xed, 0x43, 0x38, 0x08, 0x6b, 0x60, 0xc8, 0x27, 0x1f, 0x43, 0x3e,
    0xf9, 0x18, 0xd1, 0x06, 0xf2, 0x31, 0xc2, 0x0d, 0xe4, 0x63, 0x84, 0x10, 0x1f, 0x23, 0x84, 0xf8,
    0x8c, 0x18, 0x18, 0x00, 0x08, 0x82, 0x41, 0x44, 0x12, 0xe0, 0x20, 0x8c, 0x18, 0x18, 0x00, 0x08,
    0x82, 0x41, 0x54, 0x12, 0xe1, 0x20, 0x98, 0xd2, 0x07, 0xf0, 0xb1, 0x60, 0x80, 0x8f, 0x2d, 0x7f,
    0x00, 0x1f, 0x0b, 0x08, 0xf8, 0xd8, 0xe0, 0xd0, 0xc7, 0x04, 0x87, 0x3e, 0x23, 0x06, 0x06, 0x00,
    0x82, 0x60, 0x10, 0xb1, 0x84, 0x3a, 0x08, 0x23, 0x06, 0x06, 0x00, 0x82, 0x60, 0x10, 0xb5, 0xc4,
    0x3a, 0x08, 0x26, 0x80, 0x82, 0x7c, 0x4c, 0x08, 0x05, 0xf9, 0xd8, 0x28, 0x08, 0xf1, 0x31, 0x52,
    0x10, 0xe2, 0x63, 0x86, 0x21, 0x1f, 0x0b, 0x06, 0xf9, 0xd8, 0x71, 0xc8, 0xc7, 0x02, 0x42, 0x3e,
    0x23, 0x06, 0x06, 0x00, 0x82, 0x60, 0x10, 0xd9, 0xc4, 0x3c, 0x50, 0x23, 0x06, 0x06, 0x00, 0x82,
    0x60, 0x10, 0xdd, 0x04, 0x3d, 0x50, 0x26, 0x94, 0x02, 0x7c, 0x4c, 0x30, 0x05, 0xf8, 0x98, 0x70,
    0xc0, 0xc7, 0x04, 0x03, 0x3e, 0xa3, 0x09, 0x67, 0x00, 0x8c, 0x26, 0xa0, 0x41, 0x60, 0x84, 0x20,
    0x1f, 0x23, 0x04, 0xf9, 0x8c, 0x18, 0x54, 0x00, 0x08, 0x82, 0xc1, 0x13, 0x16, 0x25, 0x91, 0x0a,
    0xa7, 0x20, 0x04, 0xac, 0xc0, 0x0a, 0x39, 0x91, 0x13, 0xf4, 0x50, 0x07, 0x74, 0xc0, 0x0a, 0x71,
    0x00, 0x07, 0xac, 0xc0, 0x0a, 0xa3, 0x09, 0x01, 0x30, 0x9a, 0x20, 0x04, 0xa3, 0x09, 0x83, 0x30,
    0x9a, 0x40, 0x0c, 0xb3, 0x04, 0xd1, 0x70, 0xc4, 0x28, 0xe0, 0x42, 0xf0, 0xcd, 0x32, 0x18, 0x47,
    0x30, 0x62, 0xf0, 0x00, 0x20, 0x08, 0x06, 0x0d, 0x5a, 0xec, 0xc3, 0x2b, 0xb4, 0xc2, 0x29, 0x98,
    0x82, 0x2c, 0xc8, 0xc2, 0x4f, 0xfc, 0x84, 0x3e, 0xc8, 0xc2, 0x68, 0x42, 0x00, 0x58, 0x70, 0x0b,
    0xf2, 0xb1, 0x20, 0x17, 0xe0, 0x33, 0x62, 0xf0, 0x00, 0x20, 0x08, 0x06, 0x0d, 0x5b, 0xfc, 0x03,
    0x2d, 0xc8, 0x42, 0x70, 0x0b, 0xb6, 0x60, 0x0b, 0x63, 0x31, 0x16, 0xfe, 0x60, 0x0b, 0xa3, 0x09,
    0x01, 0x30, 0x9a, 0x20, 0x04, 0xa3, 0x09, 0x83, 0x30, 0x9a, 0x40, 0x0c, 0xb3, 0x04, 0xd1, 0x70,
    0x44, 0x2b, 0xf4, 0x43, 0xf0, 0xcd, 0x32, 0x20, 0x49, 0x30, 0x62, 0x70, 0x00, 0x20, 0x08, 0x06,
    0x58, 0x5b, 0x98, 0x84, 0x2d, 0xa8, 0xc5, 0x68, 0x42, 0x20, 0x8c, 0x26, 0x08, 0x83, 0x09, 0xb4,
    0x20, 0x1f, 0x13, 0x68, 0x41, 0x3e, 0x26, 0x88, 0x03, 0x7c, 0x4c, 0x18, 0x07, 0xf8, 0x8c, 0x18,
    0x18, 0x00, 0x08, 0x82, 0x41, 0x74, 0x17, 0x34, 0x21, 0x8c, 0x18, 0x18, 0x00, 0x08, 0x82, 0x41,
    0x84, 0x17, 0x35, 0x21, 0x98, 0x10, 0x0f, 0xf0, 0x31, 0x41, 0x1e, 0xe0, 0x33, 0x9a, 0xb0, 0x00,
    0xa3, 0x09, 0x4c, 0x60, 0x84, 0x20, 0x1f, 0x23, 0x04, 0xf9, 0x18, 0xc2, 0x0e, 0xf0, 0x31, 0xa4,
    0x1d, 0xe0, 0x63, 0x82, 0x21, 0x1f, 0x13, 0x0c, 0xf9, 0x8c, 0x18, 0x18, 0x00, 0x08, 0x82, 0x41,
    0x34, 0x1a, 0x3f, 0xe1, 0x8c, 0x18, 0x18, 0x00, 0x08, 0x82, 0x41, 0x44, 0x1a, 0x60, 0xe1, 0x8c,
    0x18, 0x3c, 0x00, 0x08, 0x82, 0x41, 0x73, 0x1a, 0x3a, 0xe1, 0x0e, 0xec, 0x80, 0x1c, 0xf1, 0x10,
    0x0f, 0x7e, 0xe1, 0x17, 0x39, 0x11, 0x0f, 0xa3, 0x09, 0x01, 0x60, 0x81, 0x3d, 0xc8, 0xc7, 0x02,
    0x7c, 0x80, 0xcf, 0x88, 0xc1, 0x03, 0x80, 0x20, 0x18, 0x34, 0xab, 0xe1, 0x13, 0xf3, 0x10, 0x0f,
    0x81, 0x3d, 0xd4, 0x43, 0x3d, 0x88, 0x86, 0x68, 0xf4, 0x44, 0x3d, 0x8c, 0x26, 0x04, 0xc0, 0x68,
    0x82, 0x10, 0x8c, 0x26, 0x0c, 0xc2, 0x68, 0x02, 0x31, 0x8c, 0x18, 0x3c, 0x00, 0x08, 0x82, 0x41,
    0x03, 0x1b, 0x63, 0x71, 0x0f, 0xf5, 0x10, 0x31, 0xfa, 0xa0, 0x0f, 0xa7, 0x71, 0x1a, 0x62, 0xa1,
    0x0f, 0xa3, 0x09, 0x01, 0x60, 0xc1, 0x3f, 0xc8, 0xc7, 0x82, 0x90, 0x80, 0xcf, 0x88, 0xc1, 0x03,
    0x80, 0x20, 0x18, 0x34, 0xb4, 0x71, 0x16, 0xfc, 0xa0, 0x0f, 0xc1, 0x3f, 0xf8, 0x83, 0x3f, 0xac,
    0xc6, 0x6a, 0x98, 0x85, 0x3f, 0x8c, 0x26, 0x04, 0xc0, 0x68, 0x82, 0x10, 0x8c, 0x26, 0x0c, 0xc2,
    0x68, 0x02, 0x31, 0x8c, 0x18, 0x3c, 0x00, 0x08, 0x82, 0x41, 0x93, 0x1b, 0x6c, 0x01, 0x12, 0xfe,
    0x60, 0x65, 0x23, 0x31, 0x12, 0xb0, 0x01, 0x1b, 0x6b, 0x31, 0x12, 0xa3, 0x09, 0x01, 0x60, 0x01,
    0x4a, 0xc8, 0xc7, 0x02, 0x95, 0x80, 0xcf, 0x88, 0xc1, 0x03, 0x80, 0x20, 0x18, 0x34, 0xbd, 0x01,
    0x17, 0x25, 0x31, 0x12, 0x01, 0x4a, 0x9c, 0xc4, 0x49, 0xd0, 0x06, 0x6d, 0xbc, 0xc5, 0x49, 0x8c,
    0x26, 0x04, 0xc0, 0x68, 0x82, 0x10, 0x8c, 0x26, 0x0c, 0xc2, 0x68, 0x02, 0x31, 0x8c, 0x18, 0x3c,
    0x00, 0x08, 0x82, 0x41, 0x23, 0x1e, 0x75, 0x91, 0x12, 0x27, 0xf1, 0x79, 0x2c, 0xc1, 0x12, 0xb9,
    0x91, 0x1b, 0x74, 0xc1, 0x12, 0xa3, 0x09, 0x01, 0x60, 0x41, 0x4c, 0xc8, 0xc7, 0x82, 0x99, 0x80,
    0xcf, 0x88, 0xc1, 0x03, 0x80, 0x20, 0x18, 0x34, 0xe6, 0x91, 0x17, 0x2e, 0xc1, 0x12, 0x41, 0x4c,
    0xc0, 0x04, 0x4c, 0xf4, 0x46, 0x6f, 0xe0, 0x05, 0x4c, 0x8c, 0x26, 0x04, 0xc0, 0x68, 0x82, 0x10,
    0x8c, 0x26, 0x0c, 0xc2, 0x68, 0x02, 0x31, 0x18, 0xd1, 0xc4, 0xc7, 0x88, 0x26, 0x3e, 0x46, 0x34,
    0xf1, 0x31, 0xa2, 0x89, 0x8f, 0x11, 0x69, 0x20, 0x1f, 0x23, 0xd4, 0x40, 0x3e, 0x46, 0xac, 0x81,
    0x7c, 0x8c, 0x60, 0x03, 0xf9, 0x98, 0x77, 0x06, 0xf1, 0x31, 0xef, 0x0c, 0xe2, 0x63, 0xde, 0x19,
    0xc4, 0xc7, 0xbc, 0x33, 0x88, 0x8f, 0x11, 0x71, 0x20, 0x1f, 0x23, 0xe4, 0x40, 0x3e, 0x46, 0xcc,
    0x81, 0x7c, 0x8c, 0xa0, 0x03, 0xf9, 0x18, 0xf1, 0x06, 0xf0, 0x31, 0xe2, 0x0d, 0xe0, 0x63, 0xc4,
    0x1b, 0xc0, 0xc7, 0x88, 0x37, 0x80, 0x8f, 0x85, 0x01, 0x11, 0x1f, 0x0b, 0x22, 0xf8, 0x98, 0x18,
    0x14, 0xf1, 0xb1, 0x40, 0x82, 0x8f, 0x8d, 0x81, 0x11, 0x1f, 0x0b, 0x26, 0xf8, 0x18, 0x19, 0x1c,
    0xf1, 0xb1, 0x80, 0x82, 0x8f, 0x1d, 0xa2, 0x20, 0x1f, 0x33, 0x46, 0x41, 0x3e, 0x56, 0x90, 0x82,
    0x7c, 0x8c, 0x28, 0x05, 0xf9, 0x18, 0x01, 0xc1, 0xc7, 0x08, 0x08, 0x3e, 0x46, 0x40, 0xf0, 0x31,
    0x02, 0x82, 0xcf, 0x2c, 0x41, 0x34, 0x1c, 0xb1, 0x16, 0xba, 0x11, 0x7c, 0xb3, 0x0c, 0xca, 0x12,
    0x8c, 0x18, 0x18, 0x00, 0x08, 0x82, 0x41, 0xe4, 0x22, 0xf0, 0xf1, 0x16, 0x23, 0x06, 0x06, 0x00,
    0x82, 0x60, 0x10, 0xbd, 0x48, 0x7c, 0xbc, 0xc5, 0x88, 0x81, 0x01, 0x80, 0x20, 0x18, 0x44, 0x30,
    0x72, 0x22, 0xc2, 0x88, 0x81, 0x01, 0x80, 0x20, 0x18, 0x44, 0x31, 0x82, 0x22, 0xc2, 0x88, 0x81,
    0x01, 0x80, 0x20, 0x18, 0x44, 0x32, 0x52, 0x1f, 0x73, 0x31, 0x62, 0x60, 0x00, 0x20, 0x08, 0x06,
    0xd1, 0x8c, 0xd8, 0xc7, 0x5c, 0x8c, 0x18, 0x18, 0x00, 0x08, 0x82, 0x41, 0x44, 0x23, 0x2b, 0x22,
    0x8c, 0x18, 0x18, 0x00, 0x08, 0x82, 0x41, 0x54, 0x23, 0x2c, 0x22, 0x98, 0x60, 0xc0, 0xc7, 0x04,
    0x03, 0x3e, 0x23, 0x06, 0x07, 0x00, 0x82, 0x60, 0x80, 0xd5, 0x88, 0x7b, 0xf8, 0x85, 0x8c, 0x8c,
    0x26, 0x04, 0xc2, 0x68, 0x82, 0x30, 0x98, 0x50, 0xc8, 0xc7, 0x84, 0x42, 0x3e, 0x23, 0x06, 0x07,
    0x00, 0x82, 0x60, 0x50, 0xed, 0xc8, 0x7d, 0x08, 0xb3, 0x31, 0x62, 0x70, 0x00, 0x20, 0x08, 0x06,
    0x15, 0x8f, 0xe0, 0x87, 0x40, 0x1b, 0x23, 0x06, 0x07, 0x00, 0x82, 0x60, 0x50, 0xf5, 0xc8, 0x88,
    0x08, 0xad, 0x31, 0x62, 0x70, 0x00, 0x20, 0x08, 0x06, 0x95, 0x8f, 0x90, 0x88, 0xe0, 0x1a, 0x86,
    0x88, 0x86, 0x7c, 0x0c, 0x11, 0x0d, 0xf9, 0x18, 0x01, 0x1b, 0xf2, 0x31, 0x22, 0x36, 0xe4, 0x63,
    0x84, 0x10, 0x1f, 0x23, 0x84, 0xf8, 0x8c, 0x18, 0x18, 0x00, 0x08, 0x82, 0x41, 0x74, 0x26, 0x23,
    0x22, 0x8c, 0x18, 0x18, 0x00, 0x08, 0x82, 0x41, 0x84, 0x26, 0x24, 0x22, 0x98, 0x02, 0x1e, 0xf0,
    0xb1, 0x60, 0x80, 0x8f, 0x2d, 0xe2, 0x01, 0x1f, 0x0b, 0x08, 0xf8, 0xd8, 0xe0, 0xd0, 0xc7, 0x04,
    0x87, 0x3e, 0x23, 0x06, 0x06, 0x00, 0x82, 0x60, 0x10, 0xbd, 0x49, 0x8b, 0x08, 0x23, 0x06, 0x06,
    0x00, 0x82, 0x60, 0x10, 0xc1, 0x89, 0x8b, 0x08, 0x26, 0x8c, 0x87, 0x7c, 0x4c, 0x20, 0x0f, 0xf9,
    0x98, 0x79, 0x08, 0xf1, 0xb1, 0xf3, 0x10, 0xe2, 0x63, 0x86, 0x21, 0x1f, 0x0b, 0x06, 0xf9, 0xd8,
    0x71, 0xc8, 0xc7, 0x02, 0x42, 0x3e, 0x23, 0x06, 0x06, 0x00, 0x82, 0x60, 0x10, 0xe5, 0x89, 0x8d,
    0x50, 0x23, 0x06, 0x06, 0x00, 0x82, 0x60, 0x10, 0xe9, 0xc9, 0x8d, 0x50, 0x26, 0xa0, 0x07, 0x7c,
    0x4c, 0x48, 0x0f, 0xf8, 0x98, 0x70, 0xc0, 0xc7, 0x04, 0x03, 0x3e, 0xa3, 0x09, 0x67, 0x00, 0x8c,
    0x26, 0xa0, 0x41, 0x60, 0x68, 0x20, 0xc8, 0xc7, 0x82, 0x42, 0x3e, 0x96, 0x06, 0x83, 0x7c, 0x2c,
    0x30, 0xe4, 0x63, 0x83, 0x7c, 0xc0, 0xc7, 0x84, 0xf9, 0x80, 0xcf, 0x88, 0x81, 0x01, 0x80, 0x20,
    0x18, 0x44, 0xa7, 0x42, 0x26, 0xc2, 0x88, 0x81, 0x01, 0x80, 0x20, 0x18, 0x44, 0xa8, 0x52, 0x26,
    0x82, 0x09, 0x21, 0x02, 0x1f, 0x13, 0x44, 0x04, 0x3e, 0x26, 0x30, 0xf2, 0x31, 0x81, 0x91, 0x8f,
    0x19, 0xfa, 0x01, 0x1f, 0x33, 0xf6, 0x03, 0x3e, 0x26, 0x40, 0xf2, 0x31, 0x01, 0x92, 0xcf, 0x88,
    0x81, 0x01, 0x80, 0x20, 0x18, 0x44, 0xb1, 0xd2, 0x26, 0xcc, 0x88, 0x81, 0x01, 0x80, 0x20, 0x18,
    0x44, 0xb2, 0xe2, 0x26, 0xcc, 0x88, 0xc1, 0x03, 0x80, 0x20, 0x18, 0x34, 0xb5, 0x82, 0x26, 0xfc,
    0xa1, 0x1f, 0xc8, 0xf1, 0x1f, 0xff, 0xc1, 0x2a, 0xac, 0x72, 0x26, 0xff, 0x31, 0x9a, 0x10, 0x00,
    0x16, 0x90, 0x88, 0x7c, 0x2c, 0x30, 0x11, 0xf8, 0x8c, 0x18, 0x3c, 0x00, 0x08, 0x82, 0x41, 0x93,
    0x2b, 0x6c, 0x12, 0x22, 0xff, 0x11, 0x90, 0xc8, 0x88, 0x8c, 0x08, 0xac, 0xc0, 0xca, 0x9a, 0x8c,
    0xc8, 0x68, 0x42, 0x00, 0x8c, 0x26, 0x08, 0xc1, 0x68, 0xc2, 0x20, 0x8c, 0x26, 0x10, 0xc3, 0x88,
    0xc1, 0x03, 0x80, 0x20, 0x18, 0x34, 0xbe, 0x12, 0x27, 0x25, 0x32, 0x22, 0x11, 0x83, 0x22, 0x28,
    0x52, 0x2b, 0xb5, 0x02, 0x27, 0x28, 0x32, 0x9a, 0x10, 0x00, 0x16, 0xb4, 0x88, 0x7c, 0x2c, 0x78,
    0x11, 0xf8, 0x8c, 0x18, 0x3c, 0x00, 0x08, 0x82, 0x41, 0x23, 0x2e, 0x75, 0xa2, 0x22, 0x28, 0x12,
    0xb4, 0x08, 0x8b, 0xb0, 0x48, 0xae, 0xe4, 0x0a, 0x9d, 0xb0, 0xc8, 0x68, 0x42, 0x00, 0x8c, 0x26,
    0x08, 0xc1, 0x68, 0xc2, 0x20, 0x8c, 0x26, 0x10, 0xc3, 0x88, 0xc1, 0x03, 0x80, 0x20, 0x18, 0x34,
    0xe7, 0xa2, 0x27, 0x2e, 0xc2, 0x22, 0x56, 0x16, 0x23, 0x31, 0xe2, 0x2b, 0xbe, 0x92, 0x27, 0x31,
    0x32, 0x9a, 0x10, 0x00, 0x16, 0xd8, 0x88, 0x7c, 0x2c, 0xc0, 0x11, 0xf8, 0x8c, 0x18, 0x3c, 0x00,
    0x08, 0x82, 0x41, 0xb3, 0x2e, 0x7e, 0x32, 0x23, 0x31, 0x12, 0xd8, 0x48, 0x8d, 0xd4, 0x88, 0xb8,
    0x88, 0x4b, 0x9f, 0xd4, 0xc8, 0x68, 0x42, 0x00, 0x8c, 0x26, 0x08, 0xc1, 0x68, 0xc2, 0x20, 0x8c,
    0x26, 0x10, 0xc3, 0x88, 0xc1, 0x03, 0x80, 0x20, 0x18, 0x34, 0xf0, 0x32, 0x2a, 0x37, 0x52, 0x23,
    0x9f, 0xa7, 0x23, 0x3a, 0x72, 0x2e, 0xe7, 0x22, 0x2a, 0x3a, 0x32, 0x9a, 0x10, 0x00, 0x16, 0xfc,
    0x88, 0x7c, 0x2c, 0x08, 0x13, 0xf8, 0x8c, 0x18, 0x3c, 0x00, 0x08, 0x82, 0x41, 0x43, 0x2f, 0xa7,
    0xc2, 0x23, 0x3a, 0x12, 0xfc, 0x88, 0x8f, 0xf8, 0xc8, 0xba, 0xac, 0x8b, 0xa9, 0xf8, 0xc8, 0x68,
    0x42, 0x00, 0x8c, 0x26, 0x08, 0xc1, 0x68, 0xc2, 0x20, 0x8c, 0x26, 0x10, 0x83, 0x11, 0x4d, 0x7c,
    0x8c, 0x68, 0xe2, 0x63, 0x44, 0x13, 0x1f, 0x23, 0x9a, 0xf8, 0x18, 0x91, 0x06, 0xf2, 0x31, 0x42,
    0x0d, 0xe4, 0x63, 0xc4, 0x1a, 0xc8, 0xc7, 0x08, 0x36, 0x90, 0x8f, 0x79, 0x67, 0x10, 0x1f, 0xf3,
    0xce, 0x20, 0x3e, 0xe6, 0x9d, 0x41, 0x7c, 0xcc, 0x3b, 0x83, 0xf8, 0x18, 0x11, 0x07, 0xf2, 0x31,
    0x42, 0x0e, 0xe4, 0x63, 0xc4, 0x1c, 0xc8, 0xc7, 0x08, 0x3a, 0x90, 0x8f, 0x11, 0x6f, 0x00, 0x1f,
    0x23, 0xde, 0x00, 0x3e, 0x46, 0xbc, 0x01, 0x7c, 0x8c, 0x78, 0x03, 0xf8, 0x58, 0x18, 0x10, 0xf1,
    0xb1, 0x20, 0x82, 0x8f, 0x89, 0x41, 0x11, 0x1f, 0x0b, 0x24, 0xf8, 0xd8, 0x18, 0x18, 0xf1, 0xb1,
    0x60, 0x82, 0x8f, 0x91, 0xc1, 0x11, 0x1f, 0x0b, 0x28, 0xf8, 0xd8, 0x21, 0x0a, 0xf2, 0x31, 0x63,
    0x14, 0xe4, 0x63, 0x05, 0x29, 0xc8, 0xc7, 0x88, 0x52, 0x90, 0x8f, 0x11, 0x10, 0x7c, 0x8c, 0x80,
    0xe0, 0x63, 0x04, 0x04, 0x1f, 0x23, 0x20, 0xf8, 0xcc, 0x12, 0x44, 0xc3, 0x11, 0x79, 0x72, 0x2e,
    0xc1, 0x37, 0xcb, 0xc0, 0x34, 0xc1, 0x88, 0xc1, 0x03, 0x80, 0x20, 0x18, 0x34, 0x3e, 0x13, 0x2f,
    0xa5, 0x32, 0x2a, 0x7d, 0xc2, 0x27, 0xa8, 0x82, 0x2a, 0x35, 0x53, 0x33, 0xf0, 0x82, 0x2a, 0xa3,
    0x09, 0x01, 0x30, 0x62, 0xf0, 0x00, 0x20, 0x08, 0x06, 0x0d, 0xd8, 0xcc, 0x0b, 0xaa, 0x94, 0xca,
    0x9f, 0xf8, 0x89, 0xaa, 0xa8, 0xca, 0xcd, 0xdc, 0x8c, 0xbc, 0xa8, 0xca, 0x68, 0x42, 0x00, 0x8c,
    0x26, 0x08, 0xc1, 0x88, 0xc1, 0x01, 0x80, 0x20, 0x18, 0x60, 0x3e, 0x73, 0x2f, 0xa7, 0x42, 0x33,
    0xa3, 0x09, 0x01, 0x30, 0x9a, 0x20, 0x04, 0xa3, 0x09, 0x83, 0x60, 0x03, 0x02, 0x1f, 0x1b, 0x0e,
    0xf8, 0xd8, 0x70, 0xc0, 0x67, 0xc4, 0xe0, 0x00, 0x40, 0x10, 0x0c, 0xb0, 0xb2, 0xf1, 0x17, 0x57,
    0x09, 0x99, 0xd1, 0x84, 0x00, 0x18, 0x4d, 0x10, 0x82, 0xd1, 0x84, 0x41, 0x18, 0x31, 0x58, 0x00,
    0x10, 0x04, 0x83, 0x69, 0x6d, 0x4e, 0xe6, 0x30, 0x8a, 0x41, 0x08, 0x46, 0x0c, 0x0e, 0x00, 0x04,
    0xc1, 0x00, 0x53, 0x9b, 0x91, 0x99, 0x15, 0x96, 0x19, 0x4d, 0x08, 0x80, 0xd1, 0x04, 0x21, 0x18,
    0x4d, 0x18, 0x84, 0x11, 0x83, 0x05, 0x00, 0x41, 0x30, 0x98, 0xe0, 0x86, 0x65, 0x98, 0x45, 0x19,
    0x84, 0x60, 0xc4, 0xe0, 0x00, 0x40, 0x10, 0x0c, 0xb0, 0xb7, 0x41, 0x19, 0x5c, 0x49, 0x9b, 0xd1,
    0x84, 0x00, 0x18, 0x4d, 0x10, 0x82, 0xd1, 0x84, 0x41, 0x18, 0x31, 0x58, 0x00, 0x10, 0x04, 0x83,
    0xa9, 0x6e, 0x62, 0x26, 0x82, 0x9e, 0x41, 0x08, 0x66, 0x09, 0xa2, 0xe1, 0x88, 0x5a, 0x11, 0x99,
    0xe0, 0x9b, 0x65, 0x70, 0x9e, 0x60, 0xc4, 0xe0, 0x01, 0x40, 0x10, 0x0c, 0x1a, 0xbd, 0x69, 0x99,
    0x70, 0xf9, 0x95, 0x5c, 0xc1, 0x15, 0x72, 0x21, 0x97, 0xb8, 0x89, 0x1b, 0x96, 0x21, 0x97, 0xd1,
    0x84, 0x00, 0x18, 0x31, 0x78, 0x00, 0x10, 0x04, 0x83, 0x86, 0x6f, 0x5e, 0x86, 0x5c, 0xc2, 0x65,
    0x57, 0x74, 0xc5, 0x5c, 0xcc, 0x65, 0x6e, 0xe6, 0xc6, 0x65, 0xcc, 0x65, 0x34, 0x21, 0x00, 0x46,
    0x13, 0x84, 0x60, 0xc4, 0xe0, 0x00, 0x40, 0x10, 0x0c, 0x30, 0xbd, 0x99, 0x99, 0x71, 0x81, 0x9b,
    0xd1, 0x84, 0x00, 0x18, 0x4d, 0x10, 0x82, 0xd1, 0x84, 0x41, 0xb0, 0x01, 0x81, 0x8f, 0x0d, 0x06,
    0x7c, 0x6c, 0x40, 0xe0, 0x33, 0x62, 0x70, 0x00, 0x20, 0x08, 0x06, 0x58, 0xe8, 0xe8, 0x8c, 0xba,
    0xf4, 0xcc, 0x68, 0x42, 0x00, 0x8c, 0x26, 0x08, 0xc1, 0x68, 0xc2, 0x20, 0x8c, 0x18, 0x2c, 0x00,
    0x08, 0x82, 0xc1, 0x74, 0x3a, 0x63, 0x73, 0x18, 0xc5, 0x20, 0x04, 0x23, 0x06, 0x07, 0x00, 0x82,
    0x60, 0x80, 0x99, 0xce, 0xcf, 0xbc, 0x0b, 0xda, 0x8c, 0x26, 0x04, 0xc0, 0x68, 0x82, 0x10, 0x8c,
    0x26, 0x0c, 0xc2, 0x88, 0xc1, 0x02, 0x80, 0x20, 0x18, 0x4c, 0xac, 0x83, 0x36, 0xcc, 0xa2, 0x0c,
    0x42, 0x30, 0x62, 0x70, 0x00, 0x20, 0x08, 0x06, 0xd8, 0xea, 0x90, 0x0d, 0xbd, 0x94, 0xce, 0x68,
    0x42, 0x00, 0x8c, 0x26, 0x08, 0xc1, 0x68, 0xc2, 0x20, 0x8c, 0x18, 0x2c, 0x00, 0x08, 0x82, 0xc1,
    0x14, 0x3b, 0x6d, 0x13, 0x41, 0xcf, 0x20, 0x04, 0xb3, 0x04, 0xd1, 0x70, 0x44, 0xbc, 0xf4, 0x4c,
    0xf0, 0xcd, 0x32, 0x40, 0x51, 0x30, 0x62, 0xf0, 0x00, 0x20, 0x08, 0x06, 0x8d, 0xed, 0xa4, 0x4d,
    0xbf, 0xec, 0x4b, 0xbd, 0xd0, 0x0b, 0xc8, 0x80, 0x4c, 0xeb, 0xb4, 0x0e, 0xda, 0x80, 0xcc, 0x68,
    0x42, 0x00, 0x8c, 0x18, 0x3c, 0x00, 0x08, 0x82, 0x41, 0x83, 0x3b, 0x6b, 0x03, 0x32, 0xfd, 0x72,
    0x2f, 0xf6, 0x22, 0x32, 0x22, 0xf3, 0x3a, 0xaf, 0xa3, 0x36, 0x22, 0x33, 0x9a, 0x10, 0x00, 0x23,
    0x06, 0x0f, 0x00, 0x82, 0x60, 0xd0, 0xe8, 0x4e, 0xdb, 0x8c, 0xcc, 0xbf, 0xe4, 0x0b, 0xbe, 0x90,
    0x0c, 0xc9, 0xc4, 0x4e, 0xec, 0xb0, 0x0d, 0xc9, 0x8c, 0x26, 0x04, 0xc0, 0x88, 0xc1, 0x01, 0x80,
    0x20, 0x18, 0x60, 0xb7, 0x03, 0x37, 0x20, 0xd3, 0x3a, 0xa3, 0x09, 0x01, 0x30, 0x9a, 0x20, 0x04,
    0xa3, 0x09, 0x83, 0x60, 0x43, 0x02, 0x1f, 0x1b, 0x10, 0xf8, 0xd8, 0x70, 0xc0, 0x67, 0xc4, 0xe0,
    0x00, 0x40, 0x10, 0x0c, 0x30, 0xdf, 0xb9, 0x9b, 0x93, 0xd1, 0x9b, 0xd1, 0x84, 0x00, 0x18, 0x4d,
    0x10, 0x82, 0xd1, 0x84, 0x41, 0x18, 0x31, 0x58, 0x00, 0x10, 0x04, 0x83, 0x89, 0x7c, 0x40, 0xe7,
    0x30, 0x8a, 0x41, 0x08, 0x46, 0x0c, 0x0e, 0x00, 0x04, 0xc1, 0x00, 0x1b, 0x1f, 0xbe, 0x61, 0x99,
    0xd2, 0x19, 0x4d, 0x08, 0x80, 0xd1, 0x04, 0x21, 0x18, 0x4d, 0x18, 0x84, 0x11, 0x83, 0x05, 0x00,
    0x41, 0x30, 0x98, 0xd2, 0xa7, 0x74, 0x98, 0x45, 0x19, 0x84, 0x60, 0xc4, 0xe0, 0x00, 0x40, 0x10,
    0x0c, 0x30, 0xf4, 0x09, 0x9d, 0x98, 0x11, 0x9f, 0xd1, 0x84, 0x00, 0x18, 0x4d, 0x10, 0x82, 0xd1,
    0x84, 0x41, 0x18, 0x31, 0x58, 0x00, 0x10, 0x04, 0x83, 0xc9, 0x7d, 0x54, 0x27, 0x82, 0x9e, 0x41,
    0x08, 0x66, 0x09, 0xa2, 0x81, 0xaa, 0x81, 0xc6, 0x04, 0x9f, 0x22, 0x54, 0xca, 0x70, 0x1d, 0x44,
    0x2e, 0x14, 0x94, 0x60, 0x60, 0xc1, 0xb1, 0x20, 0x3e, 0x03, 0xf8, 0xec, 0x19, 0xa8, 0x1a, 0x68,
    0x4c, 0xf0, 0x29, 0x42, 0xa5, 0x0c, 0xd7, 0x41, 0xe4, 0x42, 0x01, 0x09, 0x06, 0x15, 0x1c, 0x07,
    0xf2, 0x33, 0x80, 0xd4, 0x9e, 0x81, 0xaa, 0x81, 0xc6, 0x04, 0x9f, 0x22, 0x54, 0xca, 0x70, 0x1d,
    0x44, 0x2e, 0x14, 0x7c, 0x60, 0x40, 0xc1, 0x31, 0x20, 0x50, 0x03, 0x40, 0xed, 0x19, 0xa8, 0x1a,
    0x68, 0x4c, 0xf0, 0x29, 0x42, 0xa5, 0x0c, 0xd7, 0x41, 0xe4, 0x42, 0x11, 0x35, 0x46, 0xd4, 0x1c,
    0x51, 0x83, 0x44, 0x0d, 0x10, 0xb5, 0x67, 0x34, 0x61, 0x66, 0x84, 0xe1, 0x88, 0x00, 0x6d, 0x82,
    0x6f, 0x96, 0x41, 0x9a, 0x82, 0x11, 0x03, 0x03, 0x00, 0x41, 0x30, 0x88, 0xec, 0xa7, 0x7d, 0x8c,
    0x11, 0x03, 0x03, 0x00, 0x41, 0x30, 0x88, 0xee, 0xc7, 0x7d, 0x8c, 0x11, 0x03, 0x03, 0x00, 0x41,
    0x30, 0x88, 0xf0, 0xe7, 0x7d, 0x8c, 0x11, 0x03, 0x03, 0x00, 0x41, 0x30, 0x88, 0xf2, 0x07, 0x76,
    0x86, 0x11, 0x03, 0x03, 0x00, 0x41, 0x30, 0x88, 0xf4, 0x27, 0x76, 0x86, 0x11, 0x03, 0x03, 0x00,
    0x41, 0x30, 0x88, 0xf6, 0x47, 0x76, 0x06, 0x1b, 0xea, 0x46, 0x3e, 0x36, 0xd8, 0x8d, 0x7c, 0x6c,
    0xb8, 0x1b, 0xf9, 0x8c, 0x18, 0x18, 0x00, 0x08, 0x82, 0x41, 0xf4, 0x3f, 0xb7, 0x33, 0x8c, 0x18,
    0x18, 0x00, 0x08, 0x82, 0x41, 0x04, 0x42, 0xb8, 0x33, 0x8c, 0x18, 0x18, 0x00, 0x08, 0x82, 0x41,
    0x14, 0x42, 0xb9, 0x33, 0xd8, 0xc0, 0x37, 0xf0, 0xb1, 0xa1, 0x6f, 0xe0, 0x63, 0x83, 0xdf, 0xc0,
    0x67, 0xc4, 0xe0, 0x00, 0x40, 0x10, 0x0c, 0xaa, 0x11, 0xfa, 0x9d, 0xc1, 0x6e, 0x46, 0x0c, 0x0e,
    0x00, 0x04, 0xc1, 0xa0, 0x22, 0x21, 0xf0, 0x19, 0xee, 0x66, 0xc4, 0xe0, 0x00, 0x40, 0x10, 0x0c,
    0xaa, 0x12, 0x0a, 0x9f, 0x01, 0x6f, 0x2c, 0xe1, 0x1b, 0xf9, 0x58, 0xd2, 0x37, 0xf2, 0xb1, 0xc4,
    0x6f, 0xe4, 0x63, 0xa0, 0x33, 0xc4, 0xc7, 0x42, 0x67, 0x88, 0x8f, 0x89, 0xce, 0x10, 0x1f, 0x4b,
    0x06, 0xfa, 0x58, 0x32, 0xd0, 0xc7, 0x92, 0x81, 0x3e, 0x23, 0x06, 0x06, 0x00, 0x82, 0x60, 0x10,
    0xc5, 0x10, 0x0a, 0x0d, 0x23, 0x06, 0x06, 0x00, 0x82, 0x60, 0x10, 0xc9, 0x50, 0x0a, 0x0d, 0x23,
    0x06, 0x06, 0x00, 0x82, 0x60, 0x10, 0xcd, 0x90, 0x0a, 0x0d, 0x23, 0x06, 0x06, 0x00, 0x82, 0x60,
    0x10, 0xd1, 0xd0, 0xfa, 0x0c, 0x23, 0x06, 0x06, 0x00, 0x82, 0x60, 0x10, 0xd5, 0x10, 0xfb, 0x0c,
    0x23, 0x06, 0x06, 0x00, 0x82, 0x60, 0x10, 0xd9, 0x50, 0xfb, 0x0c, 0x36, 0xc8, 0x8e, 0x7c, 0x6c,
    0x98, 0x1d, 0xf9, 0xd8, 0x40, 0x3b, 0xf2, 0x19, 0x31, 0x30, 0x00, 0x10, 0x04, 0x83, 0x48, 0x87,
    0xe4, 0x67, 0x18, 0x31, 0x30, 0x00, 0x10, 0x04, 0x83, 0x68, 0x87, 0xe6, 0x67, 0x18, 0x31, 0x30,
    0x00, 0x10, 0x04, 0x83, 0x88, 0x87, 0xe8, 0x67, 0xb0, 0x21, 0x77, 0xe4, 0x63, 0x83, 0xee, 0xc8,
    0xc7, 0x86, 0xdd, 0x91, 0xcf, 0x88, 0xc1, 0x01, 0x80, 0x20, 0x18, 0x60, 0x3d, 0x64, 0x3f, 0xa6,
    0x63, 0x43, 0xa3, 0x09, 0xc1, 0x60, 0x45, 0x40, 0x1f, 0x2b, 0x04, 0xfa, 0x58, 0x31, 0xd0, 0x67,
    0x96, 0xc0, 0x1b, 0x8e, 0x88, 0x83, 0xd9, 0x09, 0xbe, 0x59, 0x06, 0xaa, 0x0b, 0x86, 0x23, 0xec,
    0x60, 0x7c, 0x94, 0x6f, 0x96, 0xc1, 0xaa, 0x02, 0xbb, 0x83, 0xf2, 0x91, 0xcf, 0x2c, 0xc1, 0x65,
    0x78, 0x70, 0x3e, 0xf0, 0x19, 0x31, 0x30, 0x00, 0x10, 0x04, 0x83, 0x28, 0x8d, 0xc0, 0x28, 0xb0,
    0xa0, 0x7f, 0xe4, 0x33, 0x62, 0x60, 0x00, 0x20, 0x08, 0x06, 0xd1, 0x1a, 0x89, 0x50, 0x60, 0x81,
    0xff, 0xc8, 0x67, 0xc4, 0xc0, 0x00, 0x40, 0x10, 0x0c, 0xa2, 0x36, 0x2a, 0xa1, 0x60, 0x96, 0xe0,
    0x1a, 0xa8, 0x18, 0x9c, 0x4a, 0xb0, 0x86, 0x23, 0xfc, 0x80, 0x7d, 0x94, 0x6f, 0x96, 0x21, 0xc3,
    0x02, 0xfb, 0x03, 0xf7, 0x91, 0xcf, 0x2c, 0x81, 0x66, 0xa0, 0x00, 0x3f, 0xf0, 0x19, 0x31, 0x30,
    0x00, 0x10, 0x04, 0x83, 0x48, 0x8e, 0xd2, 0x28, 0xb0, 0xc0, 0x84, 0xe4, 0x33, 0x62, 0x60, 0x00,
    0x20, 0x08, 0x06, 0x11, 0x1d, 0xad, 0x50, 0x60, 0xc1, 0x09, 0xc9, 0x67, 0xc4, 0xc0, 0x00, 0x40,
    0x10, 0x0c, 0x22, 0x3b, 0x72, 0xa1, 0x60, 0x96, 0x40, 0x1b, 0xa8, 0x18, 0x1c, 0x4c, 0xc8, 0x86,
    0x23, 0x4c, 0xa1, 0x7e, 0x94, 0x6f, 0x96, 0x81, 0xdb, 0x02, 0x3b, 0x85, 0xfb, 0x91, 0xcf, 0x2c,
    0x41, 0x67, 0xa8, 0x90, 0x3f, 0xf0, 0x19, 0x31, 0x30, 0x00, 0x10, 0x04, 0x83, 0x68, 0x8f, 0xe4,
    0x28, 0xb0, 0xe0, 0x85, 0xe4, 0x33, 0x62, 0x60, 0x00, 0x20, 0x08, 0x06, 0x51, 0x1f, 0xd1, 0x50,
    0x60, 0x01, 0x0c, 0xc9, 0x67, 0xc4, 0xc0, 0x00, 0x40, 0x10, 0x0c, 0xa2, 0x3f, 0xba, 0xa1, 0x60,
    0x96, 0xa0, 0x1b, 0xe8, 0x18, 0xc0, 0x62, 0x22, 0x03, 0x8e, 0x0c, 0xb6, 0x81, 0x8e, 0x01, 0x2c,
    0x26, 0x8a, 0xa3, 0xb6, 0x81, 0x8e, 0x01, 0x2c, 0x26, 0x83, 0x93, 0x36, 0x1b, 0x58, 0x48, 0x3e,
    0x23, 0x06, 0x08, 0x00, 0x82, 0x60, 0xa0, 0x81, 0x52, 0x19, 0xb1, 0xd0, 0x10, 0x8c, 0x18, 0x20,
    0x00, 0x08, 0x82, 0x81, 0x16, 0x4a, 0x66, 0xc4, 0x42, 0x43, 0x60, 0x06, 0x0b, 0xc9, 0x67, 0xc4,
    0x00, 0x01, 0x40, 0x10, 0x0c, 0xb4, 0x51, 0x42, 0x23, 0x16, 0x32, 0x82, 0x11, 0x03, 0x04, 0x00,
    0x41, 0x30, 0xd0, 0x48, 0x29, 0x8d, 0x58, 0xc8, 0x08, 0x2c, 0x61, 0x21, 0xf9, 0x8c, 0x18, 0x20,
    0x00, 0x08, 0x82, 0x81, 0x66, 0x4a, 0x6b, 0xc4, 0x42, 0x49, 0x30, 0x62, 0x80, 0x00, 0x20, 0x08,
    0x06, 0xda, 0x29, 0xb1, 0x11, 0x0b, 0x25, 0xc1, 0x2c, 0x81, 0x37, 0x50, 0x31, 0xd0, 0x82, 0xe4,
    0x74, 0x03, 0x15, 0x03, 0x2d, 0x48, 0x4a, 0x37, 0x50, 0x31, 0xd0, 0x82, 0x64, 0x74, 0x23, 0x06,
    0x07, 0x00, 0x82, 0x60, 0x80, 0xb1, 0x52, 0x19, 0xd5, 0x4f, 0x29, 0x8d, 0x26, 0x04, 0xc0, 0x70,
    0x44, 0x20, 0x42, 0xce, 0x37, 0xcb, 0xf0, 0x91, 0x41, 0x30, 0x1c, 0x21, 0x80, 0x50, 0xf0, 0xcd,
    0x32, 0x80, 0x41, 0x18, 0x04, 0xa3, 0x09, 0x44, 0x60, 0x01, 0x22, 0x1f, 0x13, 0x10, 0xf9, 0xd8,
    0x80, 0xc8, 0x67, 0x96, 0x80, 0x0c, 0x86, 0x23, 0x8e, 0x14, 0x0a, 0xbe, 0x59, 0x06, 0x31, 0x20,
    0x83, 0x60, 0xc4, 0xe0, 0x00, 0x40, 0x10, 0x0c, 0x2a, 0x5b, 0x92, 0xa3, 0x45, 0x19, 0x31, 0x38,
    0x00, 0x10, 0x04, 0x83, 0xea, 0x96, 0xe6, 0xa8, 0x09, 0x86, 0x23, 0x82, 0x15, 0x12, 0xbe, 0x59,
    0x86, 0x31, 0x20, 0x83, 0x60, 0x34, 0x81, 0x09, 0x6c, 0x08, 0xe4, 0x63, 0xc1, 0x0a, 0xc1, 0x67,
    0x34, 0xe1, 0x11, 0xcc, 0x08, 0xe4, 0x63, 0x81, 0x0b, 0xc1, 0xc7, 0x88, 0x80, 0x3e, 0x16, 0x58,
    0xf2, 0x31, 0xc1, 0x92, 0x8f, 0x0d, 0x96, 0x7c, 0x66, 0x09, 0xc8, 0x60, 0xa0, 0x65, 0x90, 0x03,
    0x4f, 0x0c, 0xc0, 0xc0, 0x18, 0x03, 0x39, 0x10, 0x03, 0x39, 0x08, 0x83, 0x81, 0x96, 0x41, 0x0e,
    0x3c, 0x31, 0x00, 0x03, 0x63, 0x0c, 0xe4, 0x40, 0x0c, 0xe4, 0x20, 0x0c, 0x06, 0x5a, 0x06, 0x39,
    0xf0, 0xc4, 0x00, 0x0c, 0x8c, 0x31, 0x90, 0x03, 0x31, 0x90, 0x83, 0x30, 0x18, 0x4d, 0x38, 0xa1,
    0xc1, 0x82, 0x34, 0x92, 0x8f, 0x05, 0x2f, 0x24, 0x1f, 0x0b, 0x0c, 0xf9, 0xd8, 0x00, 0x43, 0xf2,
    0xb1, 0xe0, 0x90, 0x8f, 0x15, 0x31, 0x24, 0x1f, 0x0b, 0x10, 0xf9, 0x8c, 0x18, 0x18, 0x00, 0x08,
    0x82, 0x41, 0x04, 0x4f, 0xae, 0x54, 0x8c, 0x18, 0x18, 0x00, 0x08, 0x82, 0x41, 0x14, 0x4f, 0xaf,
    0x44, 0x8c, 0x18, 0x18, 0x00, 0x08, 0x82, 0x41, 0x24, 0x4f, 0xb0, 0x34, 0x8c, 0x18, 0x18, 0x00,
    0x08, 0x82, 0x41, 0x34, 0x4f, 0xea, 0x34, 0x8c, 0x18, 0x18, 0x00, 0x08, 0x82, 0x41, 0x44, 0x4f,
    0xeb, 0x34, 0x8c, 0x18, 0x18, 0x00, 0x08, 0x82, 0x41, 0x54, 0x4f, 0xec, 0x34, 0x8c, 0x18, 0x18,
    0x00, 0x08, 0x82, 0x41, 0x64, 0x4f, 0xad, 0x34, 0x8c, 0x18, 0x18, 0x00, 0x08, 0x82, 0x41, 0x74,
    0x4f, 0xae, 0x34, 0x8c, 0x18, 0x18, 0x00, 0x08, 0x82, 0x41, 0x84, 0x4f, 0xaf, 0x34, 0xd8, 0xa0,
    0x4a, 0xf2, 0xb1, 0x61, 0x95, 0xe4, 0x63, 0x03, 0x2b, 0xc9, 0x67, 0xc4, 0xc0, 0x00, 0x40, 0x10,
    0x0c, 0x22, 0x7e, 0xa2, 0xa5, 0x61, 0xc4, 0xc0, 0x00, 0x40, 0x10, 0x0c, 0xa2, 0x7e, 0xaa, 0xa5,
    0x61, 0xc4, 0xc0, 0x00, 0x40, 0x10, 0x0c, 0x22, 0x7f, 0xb2, 0xa5, 0xc1, 0x06, 0x3a, 0x92, 0x8f,
    0x0d, 0x75, 0x24, 0x1f, 0x1b, 0xec, 0x48, 0x3e, 0x36, 0xc8, 0x12, 0x7c, 0x6c, 0x98, 0x25, 0xf8,
    0xd8, 0x40, 0x4b, 0xf0, 0xb1, 0x24, 0x8f, 0xe4, 0x63, 0x89, 0x1e, 0xc9, 0xc7, 0x92, 0x3d, 0x92,
    0x8f, 0x0d, 0x76, 0x04, 0x1f, 0x1b, 0xee, 0x08, 0x3e, 0x36, 0xe0, 0x11, 0x7c, 0x2c, 0x19, 0xe8,
    0x63, 0xc9, 0x40, 0x1f, 0x4b, 0x06, 0xfa, 0x8c, 0x18, 0x18, 0x00, 0x08, 0x82, 0x41, 0xe4, 0x52,
    0x25, 0x35, 0x8c, 0x18, 0x18, 0x00, 0x08, 0x82, 0x41, 0xf4, 0x52, 0x26, 0x35, 0x8c, 0x18, 0x18,
    0x00, 0x08, 0x82, 0x41, 0x04, 0x53, 0x27, 0x35, 0x8c, 0x18, 0x18, 0x00, 0x08, 0x82, 0x41, 0x14,
    0x53, 0xe8, 0x34, 0x8c, 0x18, 0x18, 0x00, 0x08, 0x82, 0x41, 0x24, 0x53, 0xe9, 0x34, 0x8c, 0x18,
    0x18, 0x00, 0x08, 0x82, 0x41, 0x34, 0x53, 0xea, 0x34, 0xd8, 0x30, 0x4e, 0xf2, 0xb1, 0x81, 0x9c,
    0xe4, 0x63, 0x43, 0x39, 0xc9, 0x67, 0xc4, 0xc0, 0x00, 0x40, 0x10, 0x0c, 0xa2, 0x9b, 0x7a, 0xa7,
    0x61, 0xc4, 0xc0, 0x00, 0x40, 0x10, 0x0c, 0x22, 0x9c, 0x82, 0xa7, 0x61, 0xc4, 0xc0, 0x00, 0x40,
    0x10, 0x0c, 0xa2, 0x9c, 0x8a, 0xa7, 0xc1, 0xce, 0x82, 0x8f, 0xe4, 0x33, 0x62, 0x90, 0x00, 0x20,
    0x08, 0x06, 0x88, 0x4f, 0xe9, 0x13, 0x4d, 0xd1, 0x54, 0x4a, 0x11, 0x23, 0x06, 0x09, 0x00, 0x82,
    0x60, 0x80, 0xf8, 0x94, 0x3e, 0xd1, 0x14, 0x4d, 0x85, 0xd4, 0x30, 0x62, 0x90, 0x00, 0x20, 0x08,
    0x06, 0x88, 0x4f, 0xe9, 0x13, 0x4d, 0xd1, 0x14, 0x4a, 0x09, 0x23, 0x06, 0x09, 0x00, 0x82, 0x60,
    0x80, 0xf8, 0x94, 0x3e, 0xd1, 0x14, 0x4d, 0xad, 0x54, 0x80, 0x00, 0x00, 0x00, 0x00, 0x00, 0x00,
];

/// `D3D12_PixelShader_Textures_Simple`, from `D3D12_PixelShader_Textures_Simple.h`.
#[rustfmt::skip]
static D3D12_PIXEL_SHADER_TEXTURES_SIMPLE: [u8; 4116] = [
    0x44, 0x58, 0x42, 0x43, 0xf9, 0x30, 0x68, 0x7a, 0x0e, 0x94, 0x2f, 0xbb, 0x28, 0x90, 0x2d, 0x44,
    0x77, 0xad, 0xf6, 0x99, 0x01, 0x00, 0x00, 0x00, 0x14, 0x10, 0x00, 0x00, 0x08, 0x00, 0x00, 0x00,
    0x40, 0x00, 0x00, 0x00, 0x50, 0x00, 0x00, 0x00, 0xdc, 0x00, 0x00, 0x00, 0x18, 0x01, 0x00, 0x00,
    0x28, 0x02, 0x00, 0x00, 0xd0, 0x02, 0x00, 0x00, 0x4c, 0x09, 0x00, 0x00, 0x68, 0x09, 0x00, 0x00,
    0x53, 0x46, 0x49, 0x30, 0x08, 0x00, 0x00, 0x00, 0x00, 0x00, 0x00, 0x00, 0x00, 0x00, 0x00, 0x00,
    0x49, 0x53, 0x47, 0x31, 0x84, 0x00, 0x00, 0x00, 0x03, 0x00, 0x00, 0x00, 0x08, 0x00, 0x00, 0x00,
    0x00, 0x00, 0x00, 0x00, 0x68, 0x00, 0x00, 0x00, 0x00, 0x00, 0x00, 0x00, 0x01, 0x00, 0x00, 0x00,
    0x03, 0x00, 0x00, 0x00, 0x00, 0x00, 0x00, 0x00, 0x0f, 0x00, 0x00, 0x00, 0x00, 0x00, 0x00, 0x00,
    0x00, 0x00, 0x00, 0x00, 0x74, 0x00, 0x00, 0x00, 0x00, 0x00, 0x00, 0x00, 0x00, 0x00, 0x00, 0x00,
    0x03, 0x00, 0x00, 0x00, 0x01, 0x00, 0x00, 0x00, 0x03, 0x03, 0x00, 0x00, 0x00, 0x00, 0x00, 0x00,
    0x00, 0x00, 0x00, 0x00, 0x7d, 0x00, 0x00, 0x00, 0x00, 0x00, 0x00, 0x00, 0x00, 0x00, 0x00, 0x00,
    0x03, 0x00, 0x00, 0x00, 0x02, 0x00, 0x00, 0x00, 0x0f, 0x00, 0x00, 0x00, 0x00, 0x00, 0x00, 0x00,
    0x53, 0x56, 0x5f, 0x50, 0x6f, 0x73, 0x69, 0x74, 0x69, 0x6f, 0x6e, 0x00, 0x54, 0x45, 0x58, 0x43,
    0x4f, 0x4f, 0x52, 0x44, 0x00, 0x43, 0x4f, 0x4c, 0x4f, 0x52, 0x00, 0x00, 0x4f, 0x53, 0x47, 0x31,
    0x34, 0x00, 0x00, 0x00, 0x01, 0x00, 0x00, 0x00, 0x08, 0x00, 0x00, 0x00, 0x00, 0x00, 0x00, 0x00,
    0x28, 0x00, 0x00, 0x00, 0x00, 0x00, 0x00, 0x00, 0x40, 0x00, 0x00, 0x00, 0x03, 0x00, 0x00, 0x00,
    0x00, 0x00, 0x00, 0x00, 0x0f, 0x00, 0x00, 0x00, 0x00, 0x00, 0x00, 0x00, 0x53, 0x56, 0x5f, 0x54,
    0x61, 0x72, 0x67, 0x65, 0x74, 0x00, 0x00, 0x00, 0x50, 0x53, 0x56, 0x30, 0x08, 0x01, 0x00, 0x00,
    0x34, 0x00, 0x00, 0x00, 0x00, 0x00, 0x00, 0x00, 0x00, 0x00, 0x00, 0x00, 0x00, 0x00, 0x00, 0x00,
    0x00, 0x00, 0x00, 0x00, 0x00, 0x00, 0x00, 0x00, 0xff, 0xff, 0xff, 0xff, 0x00, 0x00, 0x00, 0x00,
    0x03, 0x01, 0x00, 0x03, 0x01, 0x00, 0x00, 0x00, 0x00, 0x00, 0x00, 0x00, 0x00, 0x00, 0x00, 0x00,
    0x00, 0x00, 0x00, 0x00, 0x10, 0x00, 0x00, 0x00, 0x02, 0x00, 0x00, 0x00, 0x18, 0x00, 0x00, 0x00,
    0x01, 0x00, 0x00, 0x00, 0x00, 0x00, 0x00, 0x00, 0x00, 0x00, 0x00, 0x00, 0x00, 0x00, 0x00, 0x00,
    0x0e, 0x00, 0x00, 0x00, 0x00, 0x00, 0x00, 0x00, 0x03, 0x00, 0x00, 0x00, 0x00, 0x00, 0x00, 0x00,
    0x00, 0x00, 0x00, 0x00, 0x00, 0x00, 0x00, 0x00, 0x02, 0x00, 0x00, 0x00, 0x00, 0x00, 0x00, 0x00,
    0x18, 0x00, 0x00, 0x00, 0x00, 0x54, 0x45, 0x58, 0x43, 0x4f, 0x4f, 0x52, 0x44, 0x00, 0x43, 0x4f,
    0x4c, 0x4f, 0x52, 0x00, 0x6d, 0x61, 0x69, 0x6e, 0x00, 0x00, 0x00, 0x00, 0x01, 0x00, 0x00, 0x00,
    0x00, 0x00, 0x00, 0x00, 0x10, 0x00, 0x00, 0x00, 0x00, 0x00, 0x00, 0x00, 0x00, 0x00, 0x00, 0x00,
    0x01, 0x00, 0x44, 0x03, 0x03, 0x04, 0x00, 0x00, 0x01, 0x00, 0x00, 0x00, 0x00, 0x00, 0x00, 0x00,
    0x01, 0x01, 0x42, 0x00, 0x03, 0x02, 0x00, 0x00, 0x0a, 0x00, 0x00, 0x00, 0x00, 0x00, 0x00, 0x00,
    0x01, 0x02, 0x44, 0x00, 0x03, 0x02, 0x00, 0x00, 0x00, 0x00, 0x00, 0x00, 0x00, 0x00, 0x00, 0x00,
    0x01, 0x00, 0x44, 0x10, 0x03, 0x00, 0x00, 0x00, 0x00, 0x00, 0x00, 0x00, 0x00, 0x00, 0x00, 0x00,
    0x00, 0x00, 0x00, 0x00, 0x00, 0x00, 0x00, 0x00, 0x0f, 0x00, 0x00, 0x00, 0x0f, 0x00, 0x00, 0x00,
    0x00, 0x00, 0x00, 0x00, 0x00, 0x00, 0x00, 0x00, 0x00, 0x00, 0x00, 0x00, 0x00, 0x00, 0x00, 0x00,
    0x00, 0x00, 0x00, 0x00, 0x00, 0x00, 0x00, 0x00, 0x52, 0x54, 0x53, 0x30, 0xa0, 0x00, 0x00, 0x00,
    0x02, 0x00, 0x00, 0x00, 0x04, 0x00, 0x00, 0x00, 0x18, 0x00, 0x00, 0x00, 0x00, 0x00, 0x00, 0x00,
    0xa0, 0x00, 0x00, 0x00, 0x1d, 0x00, 0x00, 0x00, 0x01, 0x00, 0x00, 0x00, 0x00, 0x00, 0x00, 0x00,
    0x48, 0x00, 0x00, 0x00, 0x01, 0x00, 0x00, 0x00, 0x00, 0x00, 0x00, 0x00, 0x54, 0x00, 0x00, 0x00,
    0x00, 0x00, 0x00, 0x00, 0x05, 0x00, 0x00, 0x00, 0x60, 0x00, 0x00, 0x00, 0x00, 0x00, 0x00, 0x00,
    0x05, 0x00, 0x00, 0x00, 0x80, 0x00, 0x00, 0x00, 0x00, 0x00, 0x00, 0x00, 0x00, 0x00, 0x00, 0x00,
    0x10, 0x00, 0x00, 0x00, 0x01, 0x00, 0x00, 0x00, 0x00, 0x00, 0x00, 0x00, 0x1c, 0x00, 0x00, 0x00,
    0x01, 0x00, 0x00, 0x00, 0x68, 0x00, 0x00, 0x00, 0x00, 0x00, 0x00, 0x00, 0x01, 0x00, 0x00, 0x00,
    0x00, 0x00, 0x00, 0x00, 0x00, 0x00, 0x00, 0x00, 0x00, 0x00, 0x00, 0x00, 0xff, 0xff, 0xff, 0xff,
    0x01, 0x00, 0x00, 0x00, 0x88, 0x00, 0x00, 0x00, 0x03, 0x00, 0x00, 0x00, 0x01, 0x00, 0x00, 0x00,
    0x00, 0x00, 0x00, 0x00, 0x00, 0x00, 0x00, 0x00, 0x00, 0x00, 0x00, 0x00, 0xff, 0xff, 0xff, 0xff,
    0x53, 0x54, 0x41, 0x54, 0x74, 0x06, 0x00, 0x00, 0x60, 0x00, 0x00, 0x00, 0x9d, 0x01, 0x00, 0x00,
    0x44, 0x58, 0x49, 0x4c, 0x00, 0x01, 0x00, 0x00, 0x10, 0x00, 0x00, 0x00, 0x5c, 0x06, 0x00, 0x00,
    0x42, 0x43, 0xc0, 0xde, 0x21, 0x0c, 0x00, 0x00, 0x94, 0x01, 0x00, 0x00, 0x0b, 0x82, 0x20, 0x00,
    0x02, 0x00, 0x00, 0x00, 0x13, 0x00, 0x00, 0x00, 0x07, 0x81, 0x23, 0x91, 0x41, 0xc8, 0x04, 0x49,
    0x06, 0x10, 0x32, 0x39, 0x92, 0x01, 0x84, 0x0c, 0x25, 0x05, 0x08, 0x19, 0x1e, 0x04, 0x8b, 0x62,
    0x80, 0x14, 0x45, 0x02, 0x42, 0x92, 0x0b, 0x42, 0xa4, 0x10, 0x32, 0x14, 0x38, 0x08, 0x18, 0x4b,
    0x0a, 0x32, 0x52, 0x88, 0x48, 0x90, 0x14, 0x20, 0x43, 0x46, 0x88, 0xa5, 0x00, 0x19, 0x32, 0x42,
    0xe4, 0x48, 0x0e, 0x90, 0x91, 0x22, 0xc4, 0x50, 0x41, 0x51, 0x81, 0x8c, 0xe1, 0x83, 0xe5, 0x8a,
    0x04, 0x29, 0x46, 0x06, 0x51, 0x18, 0x00, 0x00, 0x08, 0x00, 0x00, 0x00, 0x1b, 0x8c, 0xe0, 0xff,
    0xff, 0xff, 0xff, 0x07, 0x40, 0x02, 0xa8, 0x0d, 0x84, 0xf0, 0xff, 0xff, 0xff, 0xff, 0x03, 0x20,
    0x6d, 0x30, 0x86, 0xff, 0xff, 0xff, 0xff, 0x1f, 0x00, 0x09, 0xa8, 0x00, 0x49, 0x18, 0x00, 0x00,
    0x03, 0x00, 0x00, 0x00, 0x13, 0x82, 0x60, 0x42, 0x20, 0x4c, 0x08, 0x06, 0x00, 0x00, 0x00, 0x00,
    0x89, 0x20, 0x00, 0x00, 0x43, 0x00, 0x00, 0x00, 0x32, 0x22, 0x48, 0x09, 0x20, 0x64, 0x85, 0x04,
    0x93, 0x22, 0xa4, 0x84, 0x04, 0x93, 0x22, 0xe3, 0x84, 0xa1, 0x90, 0x14, 0x12, 0x4c, 0x8a, 0x8c,
    0x0b, 0x84, 0xa4, 0x4c, 0x10, 0x68, 0x23, 0x00, 0x25, 0x00, 0x14, 0x66, 0x00, 0xe6, 0x08, 0xc0,
    0x60, 0x8e, 0x00, 0x29, 0xc6, 0x20, 0x84, 0x14, 0x42, 0xa6, 0x18, 0x80, 0x10, 0x52, 0x06, 0xa1,
    0x9b, 0x86, 0xcb, 0x9f, 0xb0, 0x87, 0x90, 0xfc, 0x95, 0x90, 0x56, 0x62, 0xf2, 0x8b, 0xdb, 0x46,
    0xc5, 0x18, 0x63, 0x10, 0x2a, 0xf7, 0x0c, 0x97, 0x3f, 0x61, 0x0f, 0x21, 0xf9, 0x21, 0xd0, 0x0c,
    0x0b, 0x81, 0x82, 0x55, 0x18, 0x45, 0x18, 0x1b, 0x63, 0x0c, 0x42, 0xc8, 0xa0, 0x36, 0x47, 0x10,
    0x14, 0x83, 0x91, 0x42, 0xc8, 0x23, 0x38, 0x10, 0x30, 0x8c, 0x40, 0x0c, 0x33, 0xb5, 0xc1, 0x38,
    0xb0, 0x43, 0x38, 0xcc, 0xc3, 0x3c, 0xb8, 0x01, 0x2d, 0x94, 0x03, 0x3e, 0xd0, 0x43, 0x3d, 0xc8,
    0x43, 0x39, 0xc8, 0x01, 0x29, 0xf0, 0x81, 0x3d, 0x94, 0xc3, 0x38, 0xd0, 0xc3, 0x3b, 0xc8, 0x03,
    0x1f, 0x98, 0x03, 0x3b, 0xbc, 0x43, 0x38, 0xd0, 0x03, 0x1b, 0x80, 0x01, 0x1d, 0xf8, 0x01, 0x18,
    0xf8, 0x81, 0x1e, 0xe8, 0x41, 0x3b, 0xa4, 0x03, 0x3c, 0xcc, 0xc3, 0x2f, 0xd0, 0x43, 0x3e, 0xc0,
    0x43, 0x39, 0xa0, 0x80, 0xcc, 0x24, 0x06, 0xe3, 0xc0, 0x0e, 0xe1, 0x30, 0x0f, 0xf3, 0xe0, 0x06,
    0xb4, 0x50, 0x0e, 0xf8, 0x40, 0x0f, 0xf5, 0x20, 0x0f, 0xe5, 0x20, 0x07, 0xa4, 0xc0, 0x07, 0xf6,
    0x50, 0x0e, 0xe3, 0x40, 0x0f, 0xef, 0x20, 0x0f, 0x7c, 0x60, 0x0e, 0xec, 0xf0, 0x0e, 0xe1, 0x40,
    0x0f, 0x6c, 0x00, 0x06, 0x74, 0xe0, 0x07, 0x60, 0xe0, 0x07, 0x48, 0x98, 0x94, 0xea, 0x4d, 0xd2,
    0x14, 0x51, 0xc2, 0xe4, 0xb3, 0x00, 0xf3, 0x2c, 0x44, 0xc4, 0x4e, 0xc0, 0x44, 0xa0, 0x80, 0xd0,
    0x4d, 0x07, 0x02, 0x00, 0x13, 0x14, 0x72, 0xc0, 0x87, 0x74, 0x60, 0x87, 0x36, 0x68, 0x87, 0x79,
    0x68, 0x03, 0x72, 0xc0, 0x87, 0x0d, 0xaf, 0x50, 0x0e, 0x6d, 0xd0, 0x0e, 0x7a, 0x50, 0x0e, 0x6d,
    0x00, 0x0f, 0x7a, 0x30, 0x07, 0x72, 0xa0, 0x07, 0x73, 0x20, 0x07, 0x6d, 0x90, 0x0e, 0x71, 0xa0,
    0x07, 0x73, 0x20, 0x07, 0x6d, 0x90, 0x0e, 0x78, 0xa0, 0x07, 0x73, 0x20, 0x07, 0x6d, 0x90, 0x0e,
    0x71, 0x60, 0x07, 0x7a, 0x30, 0x07, 0x72, 0xd0, 0x06, 0xe9, 0x30, 0x07, 0x72, 0xa0, 0x07, 0x73,
    0x20, 0x07, 0x6d, 0x90, 0x0e, 0x76, 0x40, 0x07, 0x7a, 0x60, 0x07, 0x74, 0xd0, 0x06, 0xe6, 0x10,
    0x07, 0x76, 0xa0, 0x07, 0x73, 0x20, 0x07, 0x6d, 0x60, 0x0e, 0x73, 0x20, 0x07, 0x7a, 0x30, 0x07,
    0x72, 0xd0, 0x06, 0xe6, 0x60, 0x07, 0x74, 0xa0, 0x07, 0x76, 0x40, 0x07, 0x6d, 0xe0, 0x0e, 0x78,
    0xa0, 0x07, 0x71, 0x60, 0x07, 0x7a, 0x30, 0x07, 0x72, 0xa0, 0x07, 0x76, 0x40, 0x07, 0x43, 0x9e,
    0x00, 0x08, 0x00, 0x00, 0x00, 0x00, 0x00, 0x00, 0x00, 0x00, 0x00, 0x86, 0x3c, 0x06, 0x10, 0x00,
    0x01, 0x00, 0x00, 0x00, 0x00, 0x00, 0x00, 0x00, 0x0c, 0x79, 0x10, 0x20, 0x00, 0x04, 0x00, 0x00,
    0x00, 0x00, 0x00, 0x00, 0x00, 0x18, 0xf2, 0x34, 0x40, 0x00, 0x0c, 0x00, 0x00, 0x00, 0x00, 0x00,
    0x00, 0x00, 0x30, 0xe4, 0x81, 0x80, 0x00, 0x18, 0x00, 0x00, 0x00, 0x00, 0x00, 0x00, 0x00, 0x20,
    0x0b, 0x04, 0x00, 0x00, 0x10, 0x00, 0x00, 0x00, 0x32, 0x1e, 0x98, 0x14, 0x19, 0x11, 0x4c, 0x90,
    0x8c, 0x09, 0x26, 0x47, 0xc6, 0x04, 0x43, 0x22, 0x25, 0x30, 0x02, 0x50, 0x0c, 0x45, 0x50, 0x12,
    0x65, 0x50, 0x1e, 0xc5, 0x51, 0x08, 0x54, 0x4a, 0xa2, 0x0c, 0x0a, 0x61, 0x04, 0xa0, 0x08, 0x0a,
    0x84, 0xec, 0x0c, 0x00, 0xe1, 0x19, 0x00, 0xca, 0x63, 0x39, 0x0c, 0x01, 0x00, 0x00, 0xf0, 0x3c,
    0x00, 0x00, 0x00, 0x00, 0x00, 0x00, 0x00, 0x00, 0x79, 0x18, 0x00, 0x00, 0x80, 0x00, 0x00, 0x00,
    0x1a, 0x03, 0x4c, 0x90, 0x46, 0x02, 0x13, 0x44, 0x8f, 0x0c, 0x6f, 0xec, 0xed, 0x4d, 0x0c, 0x24,
    0xc6, 0x05, 0xc7, 0x45, 0xa6, 0x06, 0x46, 0xc6, 0x25, 0x26, 0x06, 0x04, 0x45, 0x66, 0x26, 0x27,
    0x47, 0x26, 0xa6, 0x46, 0x46, 0x26, 0x65, 0x43, 0x10, 0x4c, 0x10, 0x88, 0x62, 0x82, 0x40, 0x18,
    0x1b, 0x84, 0x81, 0xd8, 0x20, 0x10, 0x04, 0x05, 0xb8, 0xb9, 0x09, 0x02, 0x71, 0x6c, 0x18, 0x0e,
    0x84, 0x98, 0x20, 0x58, 0x14, 0x11, 0xba, 0x32, 0x3c, 0xba, 0x3a, 0xb9, 0x32, 0x98, 0x09, 0x02,
    0x81, 0x4c, 0x10, 0x88, 0x64, 0x83, 0x40, 0x34, 0x1b, 0x12, 0x42, 0x59, 0x08, 0x62, 0x60, 0x08,
    0x67, 0x43, 0xf0, 0x4c, 0x10, 0xb0, 0x8a, 0xc8, 0x5c, 0x58, 0x1b, 0x1c, 0x5b, 0x99, 0x1c, 0xcc,
    0x06, 0x84, 0x88, 0x24, 0x82, 0x18, 0x08, 0x60, 0x43, 0x30, 0x6d, 0x20, 0x20, 0x00, 0xa0, 0x26,
    0x08, 0x02, 0xb0, 0x01, 0xd8, 0x30, 0x10, 0xd7, 0xb5, 0x21, 0xc0, 0x36, 0x0c, 0x83, 0x95, 0x4d,
    0x10, 0x32, 0x6b, 0x43, 0xb0, 0x91, 0x68, 0x0b, 0x4b, 0x73, 0xe3, 0x32, 0x65, 0xf5, 0x05, 0xf5,
    0x36, 0x97, 0x46, 0x97, 0xf6, 0xe6, 0x36, 0x41, 0x28, 0x9c, 0x09, 0x42, 0xf1, 0x6c, 0x08, 0x88,
    0x09, 0x42, 0x01, 0x4d, 0x10, 0x8a, 0x68, 0xc3, 0x42, 0x78, 0x1f, 0x18, 0x84, 0x81, 0x18, 0x0c,
    0x62, 0x40, 0x8c, 0x01, 0x40, 0x84, 0xaa, 0x08, 0x6b, 0xe8, 0xe9, 0x49, 0x8a, 0x68, 0x82, 0x50,
    0x48, 0x13, 0x04, 0x42, 0xd9, 0x20, 0x9c, 0xc1, 0x19, 0x6c, 0x58, 0x86, 0x32, 0xf8, 0xc6, 0x20,
    0x0c, 0xcc, 0x60, 0x30, 0x83, 0x61, 0x0c, 0xd0, 0x80, 0xc5, 0xd0, 0x13, 0xd3, 0x93, 0xd4, 0x86,
    0x85, 0x51, 0x83, 0x6f, 0x0c, 0xc2, 0xc0, 0x0c, 0x06, 0x31, 0x60, 0xc6, 0x00, 0xd8, 0x30, 0x90,
    0x41, 0x1a, 0xac, 0x01, 0x93, 0x29, 0xab, 0x2f, 0xaa, 0x30, 0xb9, 0xb3, 0x32, 0xba, 0x09, 0x42,
    0x31, 0x4d, 0x10, 0x88, 0x65, 0x83, 0x70, 0x06, 0x6f, 0xb0, 0x61, 0x21, 0xda, 0xe0, 0x73, 0x83,
    0x30, 0x18, 0x83, 0x41, 0x0c, 0x88, 0x31, 0x80, 0x83, 0x0d, 0x41, 0x1c, 0x6c, 0x18, 0xd8, 0x40,
    0x0e, 0x80, 0x0d, 0x85, 0xd5, 0xcd, 0x41, 0x05, 0xb0, 0x48, 0x73, 0x9b, 0xa3, 0x9b, 0x9b, 0x20,
    0x10, 0x0c, 0x8d, 0xb9, 0xb4, 0xb3, 0x2f, 0x36, 0x32, 0x1a, 0x73, 0x69, 0x67, 0x5f, 0x73, 0x74,
    0x13, 0x04, 0xa2, 0x21, 0x42, 0x57, 0x86, 0xf7, 0xe5, 0xf6, 0x26, 0xd7, 0xb6, 0x01, 0xa9, 0x03,
    0x3b, 0xb8, 0x03, 0x06, 0x0f, 0xf2, 0x40, 0x0f, 0x86, 0x2a, 0x6c, 0x6c, 0x76, 0x6d, 0x2e, 0x69,
    0x64, 0x65, 0x6e, 0x74, 0x53, 0x82, 0xa0, 0x0a, 0x19, 0x9e, 0x8b, 0x5d, 0x99, 0xdc, 0x5c, 0xda,
    0x9b, 0xdb, 0x94, 0x80, 0x68, 0x42, 0x86, 0xe7, 0x62, 0x17, 0xc6, 0x66, 0x57, 0x26, 0x37, 0x25,
    0x28, 0xea, 0x90, 0xe1, 0xb9, 0xcc, 0xa1, 0x85, 0x91, 0x95, 0xc9, 0x35, 0xbd, 0x91, 0x95, 0xb1,
    0x4d, 0x09, 0x90, 0x32, 0x64, 0x78, 0x2e, 0x72, 0x65, 0x73, 0x6f, 0x75, 0x72, 0x63, 0x65, 0x73,
    0x53, 0x02, 0xaa, 0x12, 0x19, 0x9e, 0x0b, 0x5d, 0x1e, 0x5c, 0x59, 0x90, 0x9b, 0xdb, 0x1b, 0x5d,
    0x18, 0x5d, 0xda, 0x9b, 0xdb, 0xdc, 0x94, 0x20, 0xab, 0x43, 0x86, 0xe7, 0x62, 0x97, 0x56, 0x76,
    0x97, 0x44, 0x36, 0x45, 0x17, 0x46, 0x57, 0x36, 0x25, 0xd8, 0xea, 0x90, 0xe1, 0xb9, 0x94, 0xb9,
    0xd1, 0xc9, 0xe5, 0x41, 0xbd, 0xa5, 0xb9, 0xd1, 0xcd, 0x4d, 0x09, 0xe6, 0xa0, 0x0b, 0x19, 0x9e,
    0xcb, 0xd8, 0x5b, 0x9d, 0x1b, 0x5d, 0x99, 0xdc, 0xdc, 0x94, 0x40, 0x0f, 0x00, 0x00, 0x00, 0x00,
    0x79, 0x18, 0x00, 0x00, 0x4c, 0x00, 0x00, 0x00, 0x33, 0x08, 0x80, 0x1c, 0xc4, 0xe1, 0x1c, 0x66,
    0x14, 0x01, 0x3d, 0x88, 0x43, 0x38, 0x84, 0xc3, 0x8c, 0x42, 0x80, 0x07, 0x79, 0x78, 0x07, 0x73,
    0x98, 0x71, 0x0c, 0xe6, 0x00, 0x0f, 0xed, 0x10, 0x0e, 0xf4, 0x80, 0x0e, 0x33, 0x0c, 0x42, 0x1e,
    0xc2, 0xc1, 0x1d, 0xce, 0xa1, 0x1c, 0x66, 0x30, 0x05, 0x3d, 0x88, 0x43, 0x38, 0x84, 0x83, 0x1b,
    0xcc, 0x03, 0x3d, 0xc8, 0x43, 0x3d, 0x8c, 0x03, 0x3d, 0xcc, 0x78, 0x8c, 0x74, 0x70, 0x07, 0x7b,
    0x08, 0x07, 0x79, 0x48, 0x87, 0x70, 0x70, 0x07, 0x7a, 0x70, 0x03, 0x76, 0x78, 0x87, 0x70, 0x20,
    0x87, 0x19, 0xcc, 0x11, 0x0e, 0xec, 0x90, 0x0e, 0xe1, 0x30, 0x0f, 0x6e, 0x30, 0x0f, 0xe3, 0xf0,
    0x0e, 0xf0, 0x50, 0x0e, 0x33, 0x10, 0xc4, 0x1d, 0xde, 0x21, 0x1c, 0xd8, 0x21, 0x1d, 0xc2, 0x61,
    0x1e, 0x66, 0x30, 0x89, 0x3b, 0xbc, 0x83, 0x3b, 0xd0, 0x43, 0x39, 0xb4, 0x03, 0x3c, 0xbc, 0x83,
    0x3c, 0x84, 0x03, 0x3b, 0xcc, 0xf0, 0x14, 0x76, 0x60, 0x07, 0x7b, 0x68, 0x07, 0x37, 0x68, 0x87,
    0x72, 0x68, 0x07, 0x37, 0x80, 0x87, 0x70, 0x90, 0x87, 0x70, 0x60, 0x07, 0x76, 0x28, 0x07, 0x76,
    0xf8, 0x05, 0x76, 0x78, 0x87, 0x77, 0x80, 0x87, 0x5f, 0x08, 0x87, 0x71, 0x18, 0x87, 0x72, 0x98,
    0x87, 0x79, 0x98, 0x81, 0x2c, 0xee, 0xf0, 0x0e, 0xee, 0xe0, 0x0e, 0xf5, 0xc0, 0x0e, 0xec, 0x30,
    0x03, 0x62, 0xc8, 0xa1, 0x1c, 0xe4, 0xa1, 0x1c, 0xcc, 0xa1, 0x1c, 0xe4, 0xa1, 0x1c, 0xdc, 0x61,
    0x1c, 0xca, 0x21, 0x1c, 0xc4, 0x81, 0x1d, 0xca, 0x61, 0x06, 0xd6, 0x90, 0x43, 0x39, 0xc8, 0x43,
    0x39, 0x98, 0x43, 0x39, 0xc8, 0x43, 0x39, 0xb8, 0xc3, 0x38, 0x94, 0x43, 0x38, 0x88, 0x03, 0x3b,
    0x94, 0xc3, 0x2f, 0xbc, 0x83, 0x3c, 0xfc, 0x82, 0x3b, 0xd4, 0x03, 0x3b, 0xb0, 0xc3, 0x0c, 0xc4,
    0x21, 0x07, 0x7c, 0x70, 0x03, 0x7a, 0x28, 0x87, 0x76, 0x80, 0x87, 0x19, 0xd1, 0x43, 0x0e, 0xf8,
    0xe0, 0x06, 0xe4, 0x20, 0x0e, 0xe7, 0xe0, 0x06, 0xf6, 0x10, 0x0e, 0xf2, 0xc0, 0x0e, 0xe1, 0x90,
    0x0f, 0xef, 0x50, 0x0f, 0xf4, 0x00, 0x00, 0x00, 0x71, 0x20, 0x00, 0x00, 0x12, 0x00, 0x00, 0x00,
    0x46, 0x20, 0x0d, 0x97, 0xef, 0x3c, 0xbe, 0x10, 0x11, 0xc0, 0x44, 0x84, 0x40, 0x33, 0x2c, 0x84,
    0x05, 0x4c, 0xc3, 0xe5, 0x3b, 0x8f, 0xbf, 0x38, 0xc0, 0x20, 0x36, 0x0f, 0x35, 0xf9, 0xc5, 0x6d,
    0xdb, 0x00, 0x34, 0x5c, 0xbe, 0xf3, 0xf8, 0x12, 0xc0, 0x3c, 0x0b, 0xe1, 0x17, 0xb7, 0x6d, 0x02,
    0xd5, 0x70, 0xf9, 0xce, 0xe3, 0x4b, 0x93, 0x13, 0x11, 0x28, 0x35, 0x3d, 0xd4, 0xe4, 0x17, 0xb7,
    0x6d, 0x00, 0x04, 0x03, 0x20, 0x0d, 0x00, 0x00, 0x00, 0x00, 0x00, 0x00, 0x48, 0x41, 0x53, 0x48,
    0x14, 0x00, 0x00, 0x00, 0x00, 0x00, 0x00, 0x00, 0xa8, 0x26, 0x6c, 0xfe, 0x71, 0x35, 0xfa, 0x71,
    0x0f, 0x71, 0x8b, 0x55, 0x52, 0x10, 0xfa, 0x33, 0x44, 0x58, 0x49, 0x4c, 0xa4, 0x06, 0x00, 0x00,
    0x60, 0x00, 0x00, 0x00, 0xa9, 0x01, 0x00, 0x00, 0x44, 0x58, 0x49, 0x4c, 0x00, 0x01, 0x00, 0x00,
    0x10, 0x00, 0x00, 0x00, 0x8c, 0x06, 0x00, 0x00, 0x42, 0x43, 0xc0, 0xde, 0x21, 0x0c, 0x00, 0x00,
    0xa0, 0x01, 0x00, 0x00, 0x0b, 0x82, 0x20, 0x00, 0x02, 0x00, 0x00, 0x00, 0x13, 0x00, 0x00, 0x00,
    0x07, 0x81, 0x23, 0x91, 0x41, 0xc8, 0x04, 0x49, 0x06, 0x10, 0x32, 0x39, 0x92, 0x01, 0x84, 0x0c,
    0x25, 0x05, 0x08, 0x19, 0x1e, 0x04, 0x8b, 0x62, 0x80, 0x14, 0x45, 0x02, 0x42, 0x92, 0x0b, 0x42,
    0xa4, 0x10, 0x32, 0x14, 0x38, 0x08, 0x18, 0x4b, 0x0a, 0x32, 0x52, 0x88, 0x48, 0x90, 0x14, 0x20,
    0x43, 0x46, 0x88, 0xa5, 0x00, 0x19, 0x32, 0x42, 0xe4, 0x48, 0x0e, 0x90, 0x91, 0x22, 0xc4, 0x50,
    0x41, 0x51, 0x81, 0x8c, 0xe1, 0x83, 0xe5, 0x8a, 0x04, 0x29, 0x46, 0x06, 0x51, 0x18, 0x00, 0x00,
    0x08, 0x00, 0x00, 0x00, 0x1b, 0x8c, 0xe0, 0xff, 0xff, 0xff, 0xff, 0x07, 0x40, 0x02, 0xa8, 0x0d,
    0x84, 0xf0, 0xff, 0xff, 0xff, 0xff, 0x03, 0x20, 0x6d, 0x30, 0x86, 0xff, 0xff, 0xff, 0xff, 0x1f,
    0x00, 0x09, 0xa8, 0x00, 0x49, 0x18, 0x00, 0x00, 0x03, 0x00, 0x00, 0x00, 0x13, 0x82, 0x60, 0x42,
    0x20, 0x4c, 0x08, 0x06, 0x00, 0x00, 0x00, 0x00, 0x89, 0x20, 0x00, 0x00, 0x43, 0x00, 0x00, 0x00,
    0x32, 0x22, 0x48, 0x09, 0x20, 0x64, 0x85, 0x04, 0x93, 0x22, 0xa4, 0x84, 0x04, 0x93, 0x22, 0xe3,
    0x84, 0xa1, 0x90, 0x14, 0x12, 0x4c, 0x8a, 0x8c, 0x0b, 0x84, 0xa4, 0x4c, 0x10, 0x68, 0x23, 0x00,
    0x25, 0x00, 0x14, 0x66, 0x00, 0xe6, 0x08, 0xc0, 0x60, 0x8e, 0x00, 0x29, 0xc6, 0x20, 0x84, 0x14,
    0x42, 0xa6, 0x18, 0x80, 0x10, 0x52, 0x06, 0xa1, 0x9b, 0x86, 0xcb, 0x9f, 0xb0, 0x87, 0x90, 0xfc,
    0x95, 0x90, 0x56, 0x62, 0xf2, 0x8b, 0xdb, 0x46, 0xc5, 0x18, 0x63, 0x10, 0x2a, 0xf7, 0x0c, 0x97,
    0x3f, 0x61, 0x0f, 0x21, 0xf9, 0x21, 0xd0, 0x0c, 0x0b, 0x81, 0x82, 0x55, 0x18, 0x45, 0x18, 0x1b,
    0x63, 0x0c, 0x42, 0xc8, 0xa0, 0x36, 0x47, 0x10, 0x14, 0x83, 0x91, 0x42, 0xc8, 0x23, 0x38, 0x10,
    0x30, 0x8c, 0x40, 0x0c, 0x33, 0xb5, 0xc1, 0x38, 0xb0, 0x43, 0x38, 0xcc, 0xc3, 0x3c, 0xb8, 0x01,
    0x2d, 0x94, 0x03, 0x3e, 0xd0, 0x43, 0x3d, 0xc8, 0x43, 0x39, 0xc8, 0x01, 0x29, 0xf0, 0x81, 0x3d,
    0x94, 0xc3, 0x38, 0xd0, 0xc3, 0x3b, 0xc8, 0x03, 0x1f, 0x98, 0x03, 0x3b, 0xbc, 0x43, 0x38, 0xd0,
    0x03, 0x1b, 0x80, 0x01, 0x1d, 0xf8, 0x01, 0x18, 0xf8, 0x81, 0x1e, 0xe8, 0x41, 0x3b, 0xa4, 0x03,
    0x3c, 0xcc, 0xc3, 0x2f, 0xd0, 0x43, 0x3e, 0xc0, 0x43, 0x39, 0xa0, 0x80, 0xcc, 0x24, 0x06, 0xe3,
    0xc0, 0x0e, 0xe1, 0x30, 0x0f, 0xf3, 0xe0, 0x06, 0xb4, 0x50, 0x0e, 0xf8, 0x40, 0x0f, 0xf5, 0x20,
    0x0f, 0xe5, 0x20, 0x07, 0xa4, 0xc0, 0x07, 0xf6, 0x50, 0x0e, 0xe3, 0x40, 0x0f, 0xef, 0x20, 0x0f,
    0x7c, 0x60, 0x0e, 0xec, 0xf0, 0x0e, 0xe1, 0x40, 0x0f, 0x6c, 0x00, 0x06, 0x74, 0xe0, 0x07, 0x60,
    0xe0, 0x07, 0x48, 0x98, 0x94, 0xea, 0x4d, 0xd2, 0x14, 0x51, 0xc2, 0xe4, 0xb3, 0x00, 0xf3, 0x2c,
    0x44, 0xc4, 0x4e, 0xc0, 0x44, 0xa0, 0x80, 0xd0, 0x4d, 0x07, 0x02, 0x00, 0x13, 0x14, 0x72, 0xc0,
    0x87, 0x74, 0x60, 0x87, 0x36, 0x68, 0x87, 0x79, 0x68, 0x03, 0x72, 0xc0, 0x87, 0x0d, 0xaf, 0x50,
    0x0e, 0x6d, 0xd0, 0x0e, 0x7a, 0x50, 0x0e, 0x6d, 0x00, 0x0f, 0x7a, 0x30, 0x07, 0x72, 0xa0, 0x07,
    0x73, 0x20, 0x07, 0x6d, 0x90, 0x0e, 0x71, 0xa0, 0x07, 0x73, 0x20, 0x07, 0x6d, 0x90, 0x0e, 0x78,
    0xa0, 0x07, 0x73, 0x20, 0x07, 0x6d, 0x90, 0x0e, 0x71, 0x60, 0x07, 0x7a, 0x30, 0x07, 0x72, 0xd0,
    0x06, 0xe9, 0x30, 0x07, 0x72, 0xa0, 0x07, 0x73, 0x20, 0x07, 0x6d, 0x90, 0x0e, 0x76, 0x40, 0x07,
    0x7a, 0x60, 0x07, 0x74, 0xd0, 0x06, 0xe6, 0x10, 0x07, 0x76, 0xa0, 0x07, 0x73, 0x20, 0x07, 0x6d,
    0x60, 0x0e, 0x73, 0x20, 0x07, 0x7a, 0x30, 0x07, 0x72, 0xd0, 0x06, 0xe6, 0x60, 0x07, 0x74, 0xa0,
    0x07, 0x76, 0x40, 0x07, 0x6d, 0xe0, 0x0e, 0x78, 0xa0, 0x07, 0x71, 0x60, 0x07, 0x7a, 0x30, 0x07,
    0x72, 0xa0, 0x07, 0x76, 0x40, 0x07, 0x43, 0x9e, 0x00, 0x00, 0x00, 0x00, 0x00, 0x00, 0x00, 0x00,
    0x00, 0x00, 0x00, 0x86, 0x3c, 0x06, 0x10, 0x00, 0x01, 0x00, 0x00, 0x00, 0x00, 0x00, 0x00, 0x00,
    0x0c, 0x79, 0x10, 0x20, 0x00, 0x04, 0x00, 0x00, 0x00, 0x00, 0x00, 0x00, 0x00, 0x18, 0xf2, 0x34,
    0x40, 0x00, 0x0c, 0x00, 0x00, 0x00, 0x00, 0x00, 0x00, 0x00, 0x30, 0xe4, 0x81, 0x80, 0x00, 0x18,
    0x00, 0x00, 0x00, 0x00, 0x00, 0x00, 0x00, 0x20, 0x0b, 0x04, 0x00, 0x00, 0x0f, 0x00, 0x00, 0x00,
    0x32, 0x1e, 0x98, 0x14, 0x19, 0x11, 0x4c, 0x90, 0x8c, 0x09, 0x26, 0x47, 0xc6, 0x04, 0x43, 0x22,
    0x25, 0x30, 0x02, 0x50, 0x10, 0xc5, 0x50, 0x04, 0x25, 0x51, 0x06, 0xe5, 0x41, 0xa5, 0x24, 0xca,
    0xa0, 0x10, 0x46, 0x00, 0x8a, 0xa0, 0x40, 0xc8, 0xce, 0x00, 0x10, 0x9e, 0x01, 0xa0, 0x3c, 0x96,
    0xc3, 0x10, 0x00, 0x00, 0x00, 0xcf, 0x03, 0x00, 0x00, 0x00, 0x00, 0x00, 0x79, 0x18, 0x00, 0x00,
    0x61, 0x00, 0x00, 0x00, 0x1a, 0x03, 0x4c, 0x90, 0x46, 0x02, 0x13, 0x44, 0x8f, 0x0c, 0x6f, 0xec,
    0xed, 0x4d, 0x0c, 0x24, 0xc6, 0x05, 0xc7, 0x45, 0xa6, 0x06, 0x46, 0xc6, 0x25, 0x26, 0x06, 0x04,
    0x45, 0x66, 0x26, 0x27, 0x47, 0x26, 0xa6, 0x46, 0x46, 0x26, 0x65, 0x43, 0x10, 0x4c, 0x10, 0x88,
    0x62, 0x82, 0x40, 0x18, 0x1b, 0x84, 0x81, 0x98, 0x20, 0x10, 0xc7, 0x06, 0x61, 0x30, 0x28, 0xc0,
    0xcd, 0x4d, 0x10, 0x08, 0x64, 0xc3, 0x80, 0x24, 0xc4, 0x04, 0xc1, 0x9a, 0x08, 0x4c, 0x10, 0x88,
    0x64, 0x82, 0x40, 0x28, 0x1b, 0x04, 0xc2, 0xd9, 0x90, 0x10, 0x0b, 0x43, 0x10, 0x43, 0x43, 0x3c,
    0x1b, 0x02, 0x68, 0x82, 0x80, 0x51, 0x1b, 0x10, 0x42, 0x62, 0x08, 0x62, 0x20, 0x80, 0x0d, 0xc1,
    0xb4, 0x81, 0x88, 0x00, 0x80, 0x9a, 0x20, 0x64, 0xd5, 0x86, 0xc0, 0x9a, 0x20, 0x08, 0x00, 0x89,
    0xb6, 0xb0, 0x34, 0x37, 0x2e, 0x53, 0x56, 0x5f, 0x50, 0x6f, 0x73, 0x69, 0x74, 0x69, 0x6f, 0x6e,
    0x13, 0x84, 0xa2, 0x99, 0x20, 0x14, 0xce, 0x86, 0x80, 0x98, 0x20, 0x14, 0xcf, 0x04, 0xa1, 0x80,
    0x36, 0x2c, 0x84, 0xb6, 0x71, 0x9d, 0x37, 0x78, 0xc4, 0x07, 0x10, 0xa1, 0x2a, 0xc2, 0x1a, 0x7a,
    0x7a, 0x92, 0x22, 0x9a, 0x20, 0x14, 0xd1, 0x04, 0x81, 0x58, 0x36, 0x08, 0x63, 0x30, 0x06, 0x1b,
    0x96, 0x21, 0x0c, 0xb6, 0xaf, 0x13, 0x83, 0x41, 0x0c, 0x86, 0x8f, 0x0c, 0x58, 0x0c, 0x3d, 0x31,
    0x3d, 0x49, 0x6d, 0x58, 0x1a, 0x33, 0xd8, 0xbe, 0x4e, 0x0c, 0x06, 0xaf, 0xf9, 0x80, 0x0d, 0x03,
    0x18, 0x94, 0xc1, 0x19, 0x30, 0x99, 0xb2, 0xfa, 0xa2, 0x0a, 0x93, 0x3b, 0x2b, 0xa3, 0x9b, 0x20,
    0x14, 0xd2, 0x04, 0x81, 0x60, 0x36, 0x08, 0x63, 0xb0, 0x06, 0x1b, 0x16, 0x22, 0x0d, 0x36, 0x35,
    0xe8, 0xbe, 0xc1, 0x23, 0x3e, 0x36, 0xd8, 0x10, 0xb4, 0xc1, 0x86, 0x01, 0x0d, 0xdc, 0x00, 0xd8,
    0x50, 0x60, 0xd9, 0x1b, 0x54, 0x40, 0x15, 0x36, 0x36, 0xbb, 0x36, 0x97, 0x34, 0xb2, 0x32, 0x37,
    0xba, 0x29, 0x41, 0x50, 0x85, 0x0c, 0xcf, 0xc5, 0xae, 0x4c, 0x6e, 0x2e, 0xed, 0xcd, 0x6d, 0x4a,
    0x40, 0x34, 0x21, 0xc3, 0x73, 0xb1, 0x0b, 0x63, 0xb3, 0x2b, 0x93, 0x9b, 0x12, 0x18, 0x75, 0xc8,
    0xf0, 0x5c, 0xe6, 0xd0, 0xc2, 0xc8, 0xca, 0xe4, 0x9a, 0xde, 0xc8, 0xca, 0xd8, 0xa6, 0x04, 0x49,
    0x19, 0x32, 0x3c, 0x17, 0xb9, 0xb2, 0xb9, 0xb7, 0x3a, 0xb9, 0xb1, 0xb2, 0xb9, 0x29, 0x01, 0x55,
    0x87, 0x0c, 0xcf, 0xc5, 0x2e, 0xad, 0xec, 0x2e, 0x89, 0x6c, 0x8a, 0x2e, 0x8c, 0xae, 0x6c, 0x4a,
    0x60, 0xd5, 0x21, 0xc3, 0x73, 0x29, 0x73, 0xa3, 0x93, 0xcb, 0x83, 0x7a, 0x4b, 0x73, 0xa3, 0x9b,
    0x9b, 0x12, 0xbc, 0x01, 0x00, 0x00, 0x00, 0x00, 0x79, 0x18, 0x00, 0x00, 0x4c, 0x00, 0x00, 0x00,
    0x33, 0x08, 0x80, 0x1c, 0xc4, 0xe1, 0x1c, 0x66, 0x14, 0x01, 0x3d, 0x88, 0x43, 0x38, 0x84, 0xc3,
    0x8c, 0x42, 0x80, 0x07, 0x79, 0x78, 0x07, 0x73, 0x98, 0x71, 0x0c, 0xe6, 0x00, 0x0f, 0xed, 0x10,
    0x0e, 0xf4, 0x80, 0x0e, 0x33, 0x0c, 0x42, 0x1e, 0xc2, 0xc1, 0x1d, 0xce, 0xa1, 0x1c, 0x66, 0x30,
    0x05, 0x3d, 0x88, 0x43, 0x38, 0x84, 0x83, 0x1b, 0xcc, 0x03, 0x3d, 0xc8, 0x43, 0x3d, 0x8c, 0x03,
    0x3d, 0xcc, 0x78, 0x8c, 0x74, 0x70, 0x07, 0x7b, 0x08, 0x07, 0x79, 0x48, 0x87, 0x70, 0x70, 0x07,
    0x7a, 0x70, 0x03, 0x76, 0x78, 0x87, 0x70, 0x20, 0x87, 0x19, 0xcc, 0x11, 0x0e, 0xec, 0x90, 0x0e,
    0xe1, 0x30, 0x0f, 0x6e, 0x30, 0x0f, 0xe3, 0xf0, 0x0e, 0xf0, 0x50, 0x0e, 0x33, 0x10, 0xc4, 0x1d,
    0xde, 0x21, 0x1c, 0xd8, 0x21, 0x1d, 0xc2, 0x61, 0x1e, 0x66, 0x30, 0x89, 0x3b, 0xbc, 0x83, 0x3b,
    0xd0, 0x43, 0x39, 0xb4, 0x03, 0x3c, 0xbc, 0x83, 0x3c, 0x84, 0x03, 0x3b, 0xcc, 0xf0, 0x14, 0x76,
    0x60, 0x07, 0x7b, 0x68, 0x07, 0x37, 0x68, 0x87, 0x72, 0x68, 0x07, 0x37, 0x80, 0x87, 0x70, 0x90,
    0x87, 0x70, 0x60, 0x07, 0x76, 0x28, 0x07, 0x76, 0xf8, 0x05, 0x76, 0x78, 0x87, 0x77, 0x80, 0x87,
    0x5f, 0x08, 0x87, 0x71, 0x18, 0x87, 0x72, 0x98, 0x87, 0x79, 0x98, 0x81, 0x2c, 0xee, 0xf0, 0x0e,
    0xee, 0xe0, 0x0e, 0xf5, 0xc0, 0x0e, 0xec, 0x30, 0x03, 0x62, 0xc8, 0xa1, 0x1c, 0xe4, 0xa1, 0x1c,
    0xcc, 0xa1, 0x1c, 0xe4, 0xa1, 0x1c, 0xdc, 0x61, 0x1c, 0xca, 0x21, 0x1c, 0xc4, 0x81, 0x1d, 0xca,
    0x61, 0x06, 0xd6, 0x90, 0x43, 0x39, 0xc8, 0x43, 0x39, 0x98, 0x43, 0x39, 0xc8, 0x43, 0x39, 0xb8,
    0xc3, 0x38, 0x94, 0x43, 0x38, 0x88, 0x03, 0x3b, 0x94, 0xc3, 0x2f, 0xbc, 0x83, 0x3c, 0xfc, 0x82,
    0x3b, 0xd4, 0x03, 0x3b, 0xb0, 0xc3, 0x0c, 0xc4, 0x21, 0x07, 0x7c, 0x70, 0x03, 0x7a, 0x28, 0x87,
    0x76, 0x80, 0x87, 0x19, 0xd1, 0x43, 0x0e, 0xf8, 0xe0, 0x06, 0xe4, 0x20, 0x0e, 0xe7, 0xe0, 0x06,
    0xf6, 0x10, 0x0e, 0xf2, 0xc0, 0x0e, 0xe1, 0x90, 0x0f, 0xef, 0x50, 0x0f, 0xf4, 0x00, 0x00, 0x00,
    0x71, 0x20, 0x00, 0x00, 0x12, 0x00, 0x00, 0x00, 0x46, 0x20, 0x0d, 0x97, 0xef, 0x3c, 0xbe, 0x10,
    0x11, 0xc0, 0x44, 0x84, 0x40, 0x33, 0x2c, 0x84, 0x05, 0x4c, 0xc3, 0xe5, 0x3b, 0x8f, 0xbf, 0x38,
    0xc0, 0x20, 0x36, 0x0f, 0x35, 0xf9, 0xc5, 0x6d, 0xdb, 0x00, 0x34, 0x5c, 0xbe, 0xf3, 0xf8, 0x12,
    0xc0, 0x3c, 0x0b, 0xe1, 0x17, 0xb7, 0x6d, 0x02, 0xd5, 0x70, 0xf9, 0xce, 0xe3, 0x4b, 0x93, 0x13,
    0x11, 0x28, 0x35, 0x3d, 0xd4, 0xe4, 0x17, 0xb7, 0x6d, 0x00, 0x04, 0x03, 0x20, 0x0d, 0x00, 0x00,
    0x61, 0x20, 0x00, 0x00, 0x2a, 0x00, 0x00, 0x00, 0x13, 0x04, 0x41, 0x2c, 0x10, 0x00, 0x00, 0x00,
    0x05, 0x00, 0x00, 0x00, 0xf4, 0x46, 0x00, 0x88, 0x94, 0xc2, 0x0c, 0x40, 0xc9, 0x15, 0x42, 0xe1,
    0x51, 0x29, 0x01, 0x1a, 0x33, 0x00, 0x00, 0x00, 0x23, 0x06, 0x09, 0x00, 0x82, 0x60, 0x00, 0x69,
    0x85, 0x83, 0x61, 0xc8, 0x88, 0x41, 0x02, 0x80, 0x20, 0x18, 0x40, 0x9b, 0x11, 0x65, 0x59, 0x32,
    0x62, 0x90, 0x00, 0x20, 0x08, 0x06, 0xc6, 0x67, 0x6c, 0x1a, 0x84, 0x8c, 0x18, 0x24, 0x00, 0x08,
    0x82, 0x81, 0x01, 0x06, 0x07, 0xb7, 0x15, 0xc9, 0x88, 0xc1, 0x03, 0x80, 0x20, 0x18, 0x34, 0xdf,
    0x41, 0x0c, 0x42, 0x50, 0x14, 0x1c, 0xa7, 0x14, 0xa3, 0x09, 0x01, 0x30, 0x9a, 0x20, 0x04, 0xa3,
    0x09, 0x83, 0x30, 0x9a, 0x40, 0x0c, 0x23, 0x06, 0x09, 0x00, 0x82, 0x60, 0x80, 0x94, 0x01, 0x14,
    0x06, 0x61, 0x70, 0x11, 0x23, 0x06, 0x09, 0x00, 0x82, 0x60, 0x80, 0x94, 0x01, 0x14, 0x06, 0x61,
    0xb0, 0x0c, 0x23, 0x06, 0x09, 0x00, 0x82, 0x60, 0x80, 0x94, 0x01, 0x14, 0x06, 0x61, 0x60, 0x09,
    0x23, 0x06, 0x09, 0x00, 0x82, 0x60, 0x80, 0x94, 0x01, 0x14, 0x06, 0x61, 0x90, 0x05, 0x08, 0x00,
    0x00, 0x00, 0x00, 0x00,
];

/// `D3D12_VertexShader_Colors`, from `D3D12_VertexShader_Color.h`.
#[rustfmt::skip]
static D3D12_VERTEX_SHADER_COLORS: [u8; 4464] = [
    0x44, 0x58, 0x42, 0x43, 0x47, 0xed, 0xdb, 0xb8, 0x43, 0x34, 0x8d, 0x0f, 0x2b, 0x3b, 0x32, 0x8f,
    0xbf, 0xb3, 0xcd, 0x22, 0x01, 0x00, 0x00, 0x00, 0x70, 0x11, 0x00, 0x00, 0x08, 0x00, 0x00, 0x00,
    0x40, 0x00, 0x00, 0x00, 0x50, 0x00, 0x00, 0x00, 0xd8, 0x00, 0x00, 0x00, 0x64, 0x01, 0x00, 0x00,
    0x98, 0x02, 0x00, 0x00, 0xe8, 0x02, 0x00, 0x00, 0x64, 0x09, 0x00, 0x00, 0x80, 0x09, 0x00, 0x00,
    0x53, 0x46, 0x49, 0x30, 0x08, 0x00, 0x00, 0x00, 0x00, 0x00, 0x00, 0x00, 0x00, 0x00, 0x00, 0x00,
    0x49, 0x53, 0x47, 0x31, 0x80, 0x00, 0x00, 0x00, 0x03, 0x00, 0x00, 0x00, 0x08, 0x00, 0x00, 0x00,
    0x00, 0x00, 0x00, 0x00, 0x68, 0x00, 0x00, 0x00, 0x00, 0x00, 0x00, 0x00, 0x00, 0x00, 0x00, 0x00,
    0x03, 0x00, 0x00, 0x00, 0x00, 0x00, 0x00, 0x00, 0x07, 0x07, 0x00, 0x00, 0x00, 0x00, 0x00, 0x00,
    0x00, 0x00, 0x00, 0x00, 0x71, 0x00, 0x00, 0x00, 0x00, 0x00, 0x00, 0x00, 0x00, 0x00, 0x00, 0x00,
    0x03, 0x00, 0x00, 0x00, 0x01, 0x00, 0x00, 0x00, 0x03, 0x03, 0x00, 0x00, 0x00, 0x00, 0x00, 0x00,
    0x00, 0x00, 0x00, 0x00, 0x7a, 0x00, 0x00, 0x00, 0x00, 0x00, 0x00, 0x00, 0x00, 0x00, 0x00, 0x00,
    0x03, 0x00, 0x00, 0x00, 0x02, 0x00, 0x00, 0x00, 0x0f, 0x0f, 0x00, 0x00, 0x00, 0x00, 0x00, 0x00,
    0x50, 0x4f, 0x53, 0x49, 0x54, 0x49, 0x4f, 0x4e, 0x00, 0x54, 0x45, 0x58, 0x43, 0x4f, 0x4f, 0x52,
    0x44, 0x00, 0x43, 0x4f, 0x4c, 0x4f, 0x52, 0x00, 0x4f, 0x53, 0x47, 0x31, 0x84, 0x00, 0x00, 0x00,
    0x03, 0x00, 0x00, 0x00, 0x08, 0x00, 0x00, 0x00, 0x00, 0x00, 0x00, 0x00, 0x68, 0x00, 0x00, 0x00,
    0x00, 0x00, 0x00, 0x00, 0x01, 0x00, 0x00, 0x00, 0x03, 0x00, 0x00, 0x00, 0x00, 0x00, 0x00, 0x00,
    0x0f, 0x00, 0x00, 0x00, 0x00, 0x00, 0x00, 0x00, 0x00, 0x00, 0x00, 0x00, 0x74, 0x00, 0x00, 0x00,
    0x00, 0x00, 0x00, 0x00, 0x00, 0x00, 0x00, 0x00, 0x03, 0x00, 0x00, 0x00, 0x01, 0x00, 0x00, 0x00,
    0x03, 0x0c, 0x00, 0x00, 0x00, 0x00, 0x00, 0x00, 0x00, 0x00, 0x00, 0x00, 0x7d, 0x00, 0x00, 0x00,
    0x00, 0x00, 0x00, 0x00, 0x00, 0x00, 0x00, 0x00, 0x03, 0x00, 0x00, 0x00, 0x02, 0x00, 0x00, 0x00,
    0x0f, 0x00, 0x00, 0x00, 0x00, 0x00, 0x00, 0x00, 0x53, 0x56, 0x5f, 0x50, 0x6f, 0x73, 0x69, 0x74,
    0x69, 0x6f, 0x6e, 0x00, 0x54, 0x45, 0x58, 0x43, 0x4f, 0x4f, 0x52, 0x44, 0x00, 0x43, 0x4f, 0x4c,
    0x4f, 0x52, 0x00, 0x00, 0x50, 0x53, 0x56, 0x30, 0x2c, 0x01, 0x00, 0x00, 0x34, 0x00, 0x00, 0x00,
    0x01, 0x00, 0x00, 0x00, 0x00, 0x00, 0x00, 0x00, 0x00, 0x00, 0x00, 0x00, 0x00, 0x00, 0x00, 0x00,
    0x00, 0x00, 0x00, 0x00, 0xff, 0xff, 0xff, 0xff, 0x01, 0x00, 0x00, 0x00, 0x03, 0x03, 0x00, 0x03,
    0x03, 0x00, 0x00, 0x00, 0x00, 0x00, 0x00, 0x00, 0x00, 0x00, 0x00, 0x00, 0x00, 0x00, 0x00, 0x00,
    0x28, 0x00, 0x00, 0x00, 0x01, 0x00, 0x00, 0x00, 0x18, 0x00, 0x00, 0x00, 0x02, 0x00, 0x00, 0x00,
    0x00, 0x00, 0x00, 0x00, 0x00, 0x00, 0x00, 0x00, 0x00, 0x00, 0x00, 0x00, 0x0d, 0x00, 0x00, 0x00,
    0x00, 0x00, 0x00, 0x00, 0x34, 0x00, 0x00, 0x00, 0x00, 0x50, 0x4f, 0x53, 0x49, 0x54, 0x49, 0x4f,
    0x4e, 0x00, 0x54, 0x45, 0x58, 0x43, 0x4f, 0x4f, 0x52, 0x44, 0x00, 0x43, 0x4f, 0x4c, 0x4f, 0x52,
    0x00, 0x54, 0x45, 0x58, 0x43, 0x4f, 0x4f, 0x52, 0x44, 0x00, 0x43, 0x4f, 0x4c, 0x4f, 0x52, 0x00,
    0x6d, 0x61, 0x69, 0x6e, 0x43, 0x6f, 0x6c, 0x6f, 0x72, 0x00, 0x00, 0x00, 0x01, 0x00, 0x00, 0x00,
    0x00, 0x00, 0x00, 0x00, 0x10, 0x00, 0x00, 0x00, 0x01, 0x00, 0x00, 0x00, 0x00, 0x00, 0x00, 0x00,
    0x01, 0x00, 0x43, 0x00, 0x03, 0x00, 0x00, 0x00, 0x0a, 0x00, 0x00, 0x00, 0x00, 0x00, 0x00, 0x00,
    0x01, 0x01, 0x42, 0x00, 0x03, 0x00, 0x00, 0x00, 0x13, 0x00, 0x00, 0x00, 0x00, 0x00, 0x00, 0x00,
    0x01, 0x02, 0x44, 0x00, 0x03, 0x00, 0x00, 0x00, 0x00, 0x00, 0x00, 0x00, 0x00, 0x00, 0x00, 0x00,
    0x01, 0x00, 0x44, 0x03, 0x03, 0x04, 0x00, 0x00, 0x19, 0x00, 0x00, 0x00, 0x00, 0x00, 0x00, 0x00,
    0x01, 0x01, 0x42, 0x00, 0x03, 0x02, 0x00, 0x00, 0x22, 0x00, 0x00, 0x00, 0x00, 0x00, 0x00, 0x00,
    0x01, 0x02, 0x44, 0x00, 0x03, 0x02, 0x00, 0x00, 0x0f, 0x00, 0x00, 0x00, 0x0f, 0x00, 0x00, 0x00,
    0x0f, 0x00, 0x00, 0x00, 0x00, 0x00, 0x00, 0x00, 0x10, 0x00, 0x00, 0x00, 0x20, 0x00, 0x00, 0x00,
    0x00, 0x00, 0x00, 0x00, 0x00, 0x00, 0x00, 0x00, 0x00, 0x01, 0x00, 0x00, 0x00, 0x02, 0x00, 0x00,
    0x00, 0x04, 0x00, 0x00, 0x00, 0x08, 0x00, 0x00, 0x52, 0x54, 0x53, 0x30, 0x48, 0x00, 0x00, 0x00,
    0x02, 0x00, 0x00, 0x00, 0x02, 0x00, 0x00, 0x00, 0x18, 0x00, 0x00, 0x00, 0x00, 0x00, 0x00, 0x00,
    0x48, 0x00, 0x00, 0x00, 0x1d, 0x00, 0x00, 0x00, 0x01, 0x00, 0x00, 0x00, 0x00, 0x00, 0x00, 0x00,
    0x30, 0x00, 0x00, 0x00, 0x01, 0x00, 0x00, 0x00, 0x00, 0x00, 0x00, 0x00, 0x3c, 0x00, 0x00, 0x00,
    0x00, 0x00, 0x00, 0x00, 0x00, 0x00, 0x00, 0x00, 0x10, 0x00, 0x00, 0x00, 0x01, 0x00, 0x00, 0x00,
    0x00, 0x00, 0x00, 0x00, 0x1c, 0x00, 0x00, 0x00, 0x53, 0x54, 0x41, 0x54, 0x74, 0x06, 0x00, 0x00,
    0x60, 0x00, 0x01, 0x00, 0x9d, 0x01, 0x00, 0x00, 0x44, 0x58, 0x49, 0x4c, 0x00, 0x01, 0x00, 0x00,
    0x10, 0x00, 0x00, 0x00, 0x5c, 0x06, 0x00, 0x00, 0x42, 0x43, 0xc0, 0xde, 0x21, 0x0c, 0x00, 0x00,
    0x94, 0x01, 0x00, 0x00, 0x0b, 0x82, 0x20, 0x00, 0x02, 0x00, 0x00, 0x00, 0x13, 0x00, 0x00, 0x00,
    0x07, 0x81, 0x23, 0x91, 0x41, 0xc8, 0x04, 0x49, 0x06, 0x10, 0x32, 0x39, 0x92, 0x01, 0x84, 0x0c,
    0x25, 0x05, 0x08, 0x19, 0x1e, 0x04, 0x8b, 0x62, 0x80, 0x14, 0x45, 0x02, 0x42, 0x92, 0x0b, 0x42,
    0xa4, 0x10, 0x32, 0x14, 0x38, 0x08, 0x18, 0x4b, 0x0a, 0x32, 0x52, 0x88, 0x48, 0x90, 0x14, 0x20,
    0x43, 0x46, 0x88, 0xa5, 0x00, 0x19, 0x32, 0x42, 0xe4, 0x48, 0x0e, 0x90, 0x91, 0x22, 0xc4, 0x50,
    0x41, 0x51, 0x81, 0x8c, 0xe1, 0x83, 0xe5, 0x8a, 0x04, 0x29, 0x46, 0x06, 0x51, 0x18, 0x00, 0x00,
    0x08, 0x00, 0x00, 0x00, 0x1b, 0x8c, 0xe0, 0xff, 0xff, 0xff, 0xff, 0x07, 0x40, 0x02, 0xa8, 0x0d,
    0x84, 0xf0, 0xff, 0xff, 0xff, 0xff, 0x03, 0x20, 0x6d, 0x30, 0x86, 0xff, 0xff, 0xff, 0xff, 0x1f,
    0x00, 0x09, 0xa8, 0x00, 0x49, 0x18, 0x00, 0x00, 0x03, 0x00, 0x00, 0x00, 0x13, 0x82, 0x60, 0x42,
    0x20, 0x4c, 0x08, 0x06, 0x00, 0x00, 0x00, 0x00, 0x89, 0x20, 0x00, 0x00, 0x26, 0x00, 0x00, 0x00,
    0x32, 0x22, 0x48, 0x09, 0x20, 0x64, 0x85, 0x04, 0x93, 0x22, 0xa4, 0x84, 0x04, 0x93, 0x22, 0xe3,
    0x84, 0xa1, 0x90, 0x14, 0x12, 0x4c, 0x8a, 0x8c, 0x0b, 0x84, 0xa4, 0x4c, 0x10, 0x68, 0x23, 0x00,
    0x25, 0x00, 0x14, 0x66, 0x00, 0xe6, 0x08, 0xc0, 0x60, 0x8e, 0x00, 0x29, 0xc6, 0x20, 0x84, 0x14,
    0x42, 0xa6, 0x18, 0x80, 0x10, 0x52, 0x06, 0xa1, 0xa3, 0x86, 0xcb, 0x9f, 0xb0, 0x87, 0x90, 0x7c,
    0x6e, 0xa3, 0x8a, 0x95, 0x98, 0xfc, 0xe2, 0xb6, 0x11, 0x31, 0xc6, 0x18, 0x54, 0xee, 0x19, 0x2e,
    0x7f, 0xc2, 0x1e, 0x42, 0xf2, 0x43, 0xa0, 0x19, 0x16, 0x02, 0x05, 0xab, 0x10, 0x8a, 0x30, 0x42,
    0xad, 0x14, 0x83, 0x8c, 0x31, 0xe8, 0xcd, 0x11, 0x04, 0xc5, 0x60, 0xa4, 0x10, 0x12, 0x49, 0x0e,
    0x04, 0x0c, 0x23, 0x10, 0x43, 0x12, 0xd4, 0x03, 0x83, 0xc3, 0x91, 0xa6, 0x05, 0xc0, 0x1c, 0x6a,
    0xf2, 0x5f, 0x22, 0x9a, 0x88, 0x8b, 0x3d, 0x80, 0x81, 0x88, 0x38, 0xa7, 0x91, 0x26, 0xa0, 0x99,
    0x24, 0x14, 0x58, 0xba, 0xe9, 0x40, 0x00, 0x00, 0x13, 0x14, 0x72, 0xc0, 0x87, 0x74, 0x60, 0x87,
    0x36, 0x68, 0x87, 0x79, 0x68, 0x03, 0x72, 0xc0, 0x87, 0x0d, 0xaf, 0x50, 0x0e, 0x6d, 0xd0, 0x0e,
    0x7a, 0x50, 0x0e, 0x6d, 0x00, 0x0f, 0x7a, 0x30, 0x07, 0x72, 0xa0, 0x07, 0x73, 0x20, 0x07, 0x6d,
    0x90, 0x0e, 0x71, 0xa0, 0x07, 0x73, 0x20, 0x07, 0x6d, 0x90, 0x0e, 0x78, 0xa0, 0x07, 0x73, 0x20,
    0x07, 0x6d, 0x90, 0x0e, 0x71, 0x60, 0x07, 0x7a, 0x30, 0x07, 0x72, 0xd0, 0x06, 0xe9, 0x30, 0x07,
    0x72, 0xa0, 0x07, 0x73, 0x20, 0x07, 0x6d, 0x90, 0x0e, 0x76, 0x40, 0x07, 0x7a, 0x60, 0x07, 0x74,
    0xd0, 0x06, 0xe6, 0x10, 0x07, 0x76, 0xa0, 0x07, 0x73, 0x20, 0x07, 0x6d, 0x60, 0x0e, 0x73, 0x20,
    0x07, 0x7a, 0x30, 0x07, 0x72, 0xd0, 0x06, 0xe6, 0x60, 0x07, 0x74, 0xa0, 0x07, 0x76, 0x40, 0x07,
    0x6d, 0xe0, 0x0e, 0x78, 0xa0, 0x07, 0x71, 0x60, 0x07, 0x7a, 0x30, 0x07, 0x72, 0xa0, 0x07, 0x76,
    0x40, 0x07, 0x43, 0x9e, 0x00, 0x08, 0x00, 0x00, 0x00, 0x00, 0x00, 0x00, 0x00, 0x00, 0x00, 0x86,
    0x3c, 0x06, 0x10, 0x00, 0x01, 0x00, 0x00, 0x00, 0x00, 0x00, 0x00, 0x00, 0x0c, 0x79, 0x10, 0x20,
    0x00, 0x04, 0x00, 0x00, 0x00, 0x00, 0x00, 0x00, 0x00, 0x18, 0xf2, 0x34, 0x40, 0x00, 0x0c, 0x00,
    0x00, 0x00, 0x00, 0x00, 0x00, 0x00, 0x30, 0xe4, 0x79, 0x80, 0x00, 0x08, 0x00, 0x00, 0x00, 0x00,
    0x00, 0x00, 0x00, 0x60, 0xc8, 0x23, 0x01, 0x01, 0x30, 0x00, 0x00, 0x00, 0x00, 0x00, 0x00, 0x00,
    0x40, 0x16, 0x08, 0x00, 0x12, 0x00, 0x00, 0x00, 0x32, 0x1e, 0x98, 0x14, 0x19, 0x11, 0x4c, 0x90,
    0x8c, 0x09, 0x26, 0x47, 0xc6, 0x04, 0x43, 0x22, 0x25, 0x30, 0x02, 0x50, 0x0c, 0x05, 0x18, 0x50,
    0x04, 0x85, 0x50, 0x06, 0xe5, 0x50, 0x12, 0xe5, 0x51, 0x10, 0x25, 0x57, 0x14, 0x54, 0x4a, 0x62,
    0x04, 0xa0, 0x0c, 0x8a, 0xa0, 0x10, 0xe8, 0xce, 0x00, 0x10, 0x9e, 0x01, 0xa0, 0x3c, 0x96, 0xc3,
    0x30, 0xcf, 0xf3, 0x00, 0x10, 0x18, 0x00, 0x00, 0x88, 0x80, 0x10, 0x08, 0x06, 0x20, 0x28, 0x00,
    0x79, 0x18, 0x00, 0x00, 0x91, 0x00, 0x00, 0x00, 0x1a, 0x03, 0x4c, 0x90, 0x46, 0x02, 0x13, 0x44,
    0x8f, 0x0c, 0x6f, 0xec, 0xed, 0x4d, 0x0c, 0x24, 0xc6, 0x05, 0xc7, 0x45, 0xa6, 0x06, 0x46, 0xc6,
    0x25, 0x26, 0x06, 0x04, 0x45, 0x66, 0x26, 0x27, 0x47, 0x26, 0xa6, 0x46, 0x46, 0x26, 0x65, 0x43,
    0x10, 0x4c, 0x10, 0x08, 0x63, 0x82, 0x40, 0x1c, 0x1b, 0x84, 0x81, 0xd8, 0x20, 0x10, 0x04, 0x05,
    0xbb, 0xb9, 0x09, 0x02, 0x81, 0x6c, 0x18, 0x0e, 0x84, 0x98, 0x20, 0x60, 0x19, 0x2b, 0xab, 0x32,
    0x39, 0xba, 0x32, 0xbc, 0x29, 0xb4, 0x30, 0xb2, 0x32, 0xb9, 0xa1, 0x37, 0xb7, 0x39, 0xba, 0x30,
    0x37, 0xba, 0xb9, 0x09, 0x02, 0x91, 0x6c, 0x40, 0x08, 0x65, 0x21, 0x88, 0x81, 0x01, 0x36, 0x04,
    0xcd, 0x06, 0x02, 0x00, 0x1c, 0x60, 0x82, 0x70, 0x61, 0x1c, 0xda, 0xe0, 0xec, 0x26, 0x08, 0x84,
    0x32, 0x41, 0x20, 0x96, 0x0d, 0xc3, 0x34, 0x0d, 0x13, 0x04, 0x82, 0x99, 0x20, 0x10, 0xcd, 0x04,
    0x81, 0x70, 0x36, 0x20, 0x48, 0x24, 0x51, 0x15, 0x61, 0x5d, 0x1b, 0x04, 0x06, 0xdb, 0x30, 0x10,
    0x50, 0x36, 0x41, 0x10, 0x80, 0x0d, 0xc0, 0x86, 0x81, 0xe0, 0xb8, 0x0d, 0x41, 0xb7, 0x61, 0x18,
    0x36, 0x6f, 0x82, 0x90, 0x69, 0x1b, 0x02, 0x30, 0x60, 0xd2, 0x16, 0x96, 0xe6, 0x36, 0xf4, 0xc6,
    0xf6, 0x26, 0x47, 0x04, 0xea, 0x69, 0x2a, 0x89, 0x2a, 0xe9, 0xc9, 0x69, 0x82, 0x50, 0x4c, 0x13,
    0x84, 0x82, 0xda, 0x10, 0x10, 0x13, 0x84, 0xa2, 0xda, 0x20, 0x54, 0xd6, 0x86, 0x85, 0x18, 0x03,
    0x32, 0x28, 0x03, 0x33, 0x28, 0x83, 0xe1, 0x0c, 0x88, 0x32, 0x40, 0x03, 0x22, 0x54, 0x45, 0x58,
    0x43, 0x4f, 0x4f, 0x52, 0x44, 0x13, 0x84, 0xc2, 0xda, 0x20, 0x54, 0xd5, 0x86, 0x65, 0x50, 0x03,
    0x32, 0x28, 0x03, 0x33, 0x28, 0x83, 0x61, 0x0d, 0x86, 0x32, 0x60, 0x03, 0x16, 0x43, 0x4f, 0x4c,
    0x4f, 0x52, 0x13, 0x84, 0xe2, 0x9a, 0x20, 0x10, 0xcf, 0x06, 0xa1, 0x82, 0x83, 0x0d, 0x8b, 0xe4,
    0x06, 0x64, 0x50, 0x06, 0x66, 0x50, 0x06, 0xc3, 0x1b, 0x48, 0x65, 0x10, 0x07, 0x1b, 0x86, 0x34,
    0x68, 0x03, 0x39, 0xe0, 0x32, 0x65, 0xf5, 0x05, 0xf5, 0x36, 0x97, 0x46, 0x97, 0xf6, 0xe6, 0xb6,
    0x61, 0x21, 0xe8, 0x80, 0x0c, 0xce, 0xc0, 0x0c, 0xde, 0x60, 0x78, 0x03, 0xa2, 0x0c, 0xe2, 0x60,
    0xc3, 0x32, 0xa8, 0x01, 0x19, 0x94, 0x81, 0x19, 0xac, 0xc1, 0xb0, 0x06, 0x43, 0x19, 0xb0, 0xc1,
    0x86, 0x45, 0x72, 0x03, 0x32, 0x28, 0x03, 0x33, 0x58, 0x83, 0xe1, 0x0d, 0xa4, 0x32, 0x88, 0x83,
    0x0d, 0x43, 0x1d, 0xd8, 0xc1, 0x1d, 0x6c, 0x18, 0xe6, 0x00, 0x0f, 0x80, 0x0d, 0xc5, 0x26, 0x06,
    0x79, 0xf0, 0x00, 0x34, 0xcc, 0xd8, 0xde, 0xc2, 0xe8, 0xe6, 0x26, 0x08, 0x04, 0xc4, 0x22, 0xcd,
    0x6d, 0x8e, 0x6e, 0x6e, 0x82, 0x40, 0x44, 0x34, 0xe6, 0xd2, 0xce, 0xbe, 0xd8, 0xc8, 0x68, 0xcc,
    0xa5, 0x9d, 0x7d, 0xcd, 0xd1, 0x4d, 0x10, 0x08, 0x69, 0x03, 0xb2, 0x07, 0x7c, 0xd0, 0x07, 0x7e,
    0xf0, 0x07, 0x17, 0x28, 0x84, 0x42, 0x15, 0x36, 0x36, 0xbb, 0x36, 0x97, 0x34, 0xb2, 0x32, 0x37,
    0xba, 0x29, 0x41, 0x50, 0x85, 0x0c, 0xcf, 0xc5, 0xae, 0x4c, 0x6e, 0x2e, 0xed, 0xcd, 0x6d, 0x4a,
    0x40, 0x34, 0x21, 0xc3, 0x73, 0xb1, 0x0b, 0x63, 0xb3, 0x2b, 0x93, 0x9b, 0x12, 0x14, 0x75, 0xc8,
    0xf0, 0x5c, 0xe6, 0xd0, 0xc2, 0xc8, 0xca, 0xe4, 0x9a, 0xde, 0xc8, 0xca, 0xd8, 0xa6, 0x04, 0x48,
    0x19, 0x32, 0x3c, 0x17, 0xb9, 0xb2, 0xb9, 0xb7, 0x3a, 0xb9, 0xb1, 0xb2, 0xb9, 0x29, 0x81, 0x53,
    0x89, 0x0c, 0xcf, 0x85, 0x2e, 0x0f, 0xae, 0x2c, 0xc8, 0xcd, 0xed, 0x8d, 0x2e, 0x8c, 0x2e, 0xed,
    0xcd, 0x6d, 0x6e, 0x8a, 0x90, 0x79, 0x75, 0xc8, 0xf0, 0x5c, 0xec, 0xd2, 0xca, 0xee, 0x92, 0xc8,
    0xa6, 0xe8, 0xc2, 0xe8, 0xca, 0xa6, 0x04, 0x60, 0x50, 0x87, 0x0c, 0xcf, 0xa5, 0xcc, 0x8d, 0x4e,
    0x2e, 0x0f, 0xea, 0x2d, 0xcd, 0x8d, 0x6e, 0x6e, 0x4a, 0x90, 0x07, 0x5d, 0xc8, 0xf0, 0x5c, 0xc6,
    0xde, 0xea, 0xdc, 0xe8, 0xca, 0xe4, 0xe6, 0xa6, 0x04, 0xa1, 0x00, 0x00, 0x79, 0x18, 0x00, 0x00,
    0x4c, 0x00, 0x00, 0x00, 0x33, 0x08, 0x80, 0x1c, 0xc4, 0xe1, 0x1c, 0x66, 0x14, 0x01, 0x3d, 0x88,
    0x43, 0x38, 0x84, 0xc3, 0x8c, 0x42, 0x80, 0x07, 0x79, 0x78, 0x07, 0x73, 0x98, 0x71, 0x0c, 0xe6,
    0x00, 0x0f, 0xed, 0x10, 0x0e, 0xf4, 0x80, 0x0e, 0x33, 0x0c, 0x42, 0x1e, 0xc2, 0xc1, 0x1d, 0xce,
    0xa1, 0x1c, 0x66, 0x30, 0x05, 0x3d, 0x88, 0x43, 0x38, 0x84, 0x83, 0x1b, 0xcc, 0x03, 0x3d, 0xc8,
    0x43, 0x3d, 0x8c, 0x03, 0x3d, 0xcc, 0x78, 0x8c, 0x74, 0x70, 0x07, 0x7b, 0x08, 0x07, 0x79, 0x48,
    0x87, 0x70, 0x70, 0x07, 0x7a, 0x70, 0x03, 0x76, 0x78, 0x87, 0x70, 0x20, 0x87, 0x19, 0xcc, 0x11,
    0x0e, 0xec, 0x90, 0x0e, 0xe1, 0x30, 0x0f, 0x6e, 0x30, 0x0f, 0xe3, 0xf0, 0x0e, 0xf0, 0x50, 0x0e,
    0x33, 0x10, 0xc4, 0x1d, 0xde, 0x21, 0x1c, 0xd8, 0x21, 0x1d, 0xc2, 0x61, 0x1e, 0x66, 0x30, 0x89,
    0x3b, 0xbc, 0x83, 0x3b, 0xd0, 0x43, 0x39, 0xb4, 0x03, 0x3c, 0xbc, 0x83, 0x3c, 0x84, 0x03, 0x3b,
    0xcc, 0xf0, 0x14, 0x76, 0x60, 0x07, 0x7b, 0x68, 0x07, 0x37, 0x68, 0x87, 0x72, 0x68, 0x07, 0x37,
    0x80, 0x87, 0x70, 0x90, 0x87, 0x70, 0x60, 0x07, 0x76, 0x28, 0x07, 0x76, 0xf8, 0x05, 0x76, 0x78,
    0x87, 0x77, 0x80, 0x87, 0x5f, 0x08, 0x87, 0x71, 0x18, 0x87, 0x72, 0x98, 0x87, 0x79, 0x98, 0x81,
    0x2c, 0xee, 0xf0, 0x0e, 0xee, 0xe0, 0x0e, 0xf5, 0xc0, 0x0e, 0xec, 0x30, 0x03, 0x62, 0xc8, 0xa1,
    0x1c, 0xe4, 0xa1, 0x1c, 0xcc, 0xa1, 0x1c, 0xe4, 0xa1, 0x1c, 0xdc, 0x61, 0x1c, 0xca, 0x21, 0x1c,
    0xc4, 0x81, 0x1d, 0xca, 0x61, 0x06, 0xd6, 0x90, 0x43, 0x39, 0xc8, 0x43, 0x39, 0x98, 0x43, 0x39,
    0xc8, 0x43, 0x39, 0xb8, 0xc3, 0x38, 0x94, 0x43, 0x38, 0x88, 0x03, 0x3b, 0x94, 0xc3, 0x2f, 0xbc,
    0x83, 0x3c, 0xfc, 0x82, 0x3b, 0xd4, 0x03, 0x3b, 0xb0, 0xc3, 0x8c, 0xc8, 0x21, 0x07, 0x7c, 0x70,
    0x03, 0x72, 0x10, 0x87, 0x73, 0x70, 0x03, 0x7b, 0x08, 0x07, 0x79, 0x60, 0x87, 0x70, 0xc8, 0x87,
    0x77, 0xa8, 0x07, 0x7a, 0x98, 0x81, 0x3c, 0xe4, 0x80, 0x0f, 0x6e, 0x40, 0x0f, 0xe5, 0xd0, 0x0e,
    0xf0, 0x00, 0x00, 0x00, 0x71, 0x20, 0x00, 0x00, 0x19, 0x00, 0x00, 0x00, 0x36, 0xb0, 0x0d, 0x97,
    0xef, 0x3c, 0xbe, 0x10, 0x50, 0x45, 0x41, 0x44, 0xa5, 0x03, 0x0c, 0x25, 0x61, 0x00, 0x02, 0xe6,
    0x17, 0xb7, 0x6d, 0x05, 0xd2, 0x70, 0xf9, 0xce, 0xe3, 0x0b, 0x11, 0x01, 0x4c, 0x44, 0x08, 0x34,
    0xc3, 0x42, 0x58, 0xc0, 0x34, 0x5c, 0xbe, 0xf3, 0xf8, 0x8b, 0x03, 0x0c, 0x62, 0xf3, 0x50, 0x93,
    0x5f, 0xdc, 0xb6, 0x09, 0x54, 0xc3, 0xe5, 0x3b, 0x8f, 0x2f, 0x4d, 0x4e, 0x44, 0xa0, 0xd4, 0xf4,
    0x50, 0x93, 0x5f, 0xdc, 0xb6, 0x11, 0x48, 0xc3, 0xe5, 0x3b, 0x8f, 0x3f, 0x11, 0xd1, 0x84, 0x00,
    0x11, 0xe6, 0x17, 0xb7, 0x6d, 0x00, 0x09, 0x03, 0x20, 0x0d, 0xe7, 0x2c, 0x4e, 0x04, 0x00, 0x00,
    0x00, 0x00, 0x00, 0x00, 0x48, 0x41, 0x53, 0x48, 0x14, 0x00, 0x00, 0x00, 0x00, 0x00, 0x00, 0x00,
    0xcb, 0xe7, 0xd9, 0xb1, 0x98, 0x6d, 0x6d, 0xda, 0xcf, 0x69, 0xc1, 0x8b, 0x71, 0x87, 0x97, 0x46,
    0x44, 0x58, 0x49, 0x4c, 0xe8, 0x07, 0x00, 0x00, 0x60, 0x00, 0x01, 0x00, 0xfa, 0x01, 0x00, 0x00,
    0x44, 0x58, 0x49, 0x4c, 0x00, 0x01, 0x00, 0x00, 0x10, 0x00, 0x00, 0x00, 0xd0, 0x07, 0x00, 0x00,
    0x42, 0x43, 0xc0, 0xde, 0x21, 0x0c, 0x00, 0x00, 0xf1, 0x01, 0x00, 0x00, 0x0b, 0x82, 0x20, 0x00,
    0x02, 0x00, 0x00, 0x00, 0x13, 0x00, 0x00, 0x00, 0x07, 0x81, 0x23, 0x91, 0x41, 0xc8, 0x04, 0x49,
    0x06, 0x10, 0x32, 0x39, 0x92, 0x01, 0x84, 0x0c, 0x25, 0x05, 0x08, 0x19, 0x1e, 0x04, 0x8b, 0x62,
    0x80, 0x14, 0x45, 0x02, 0x42, 0x92, 0x0b, 0x42, 0xa4, 0x10, 0x32, 0x14, 0x38, 0x08, 0x18, 0x4b,
    0x0a, 0x32, 0x52, 0x88, 0x48, 0x90, 0x14, 0x20, 0x43, 0x46, 0x88, 0xa5, 0x00, 0x19, 0x32, 0x42,
    0xe4, 0x48, 0x0e, 0x90, 0x91, 0x22, 0xc4, 0x50, 0x41, 0x51, 0x81, 0x8c, 0xe1, 0x83, 0xe5, 0x8a,
    0x04, 0x29, 0x46, 0x06, 0x51, 0x18, 0x00, 0x00, 0x08, 0x00, 0x00, 0x00, 0x1b, 0x8c, 0xe0, 0xff,
    0xff, 0xff, 0xff, 0x07, 0x40, 0x02, 0xa8, 0x0d, 0x84, 0xf0, 0xff, 0xff, 0xff, 0xff, 0x03, 0x20,
    0x6d, 0x30, 0x86, 0xff, 0xff, 0xff, 0xff, 0x1f, 0x00, 0x09, 0xa8, 0x00, 0x49, 0x18, 0x00, 0x00,
    0x03, 0x00, 0x00, 0x00, 0x13, 0x82, 0x60, 0x42, 0x20, 0x4c, 0x08, 0x06, 0x00, 0x00, 0x00, 0x00,
    0x89, 0x20, 0x00, 0x00, 0x26, 0x00, 0x00, 0x00, 0x32, 0x22, 0x48, 0x09, 0x20, 0x64, 0x85, 0x04,
    0x93, 0x22, 0xa4, 0x84, 0x04, 0x93, 0x22, 0xe3, 0x84, 0xa1, 0x90, 0x14, 0x12, 0x4c, 0x8a, 0x8c,
    0x0b, 0x84, 0xa4, 0x4c, 0x10, 0x68, 0x23, 0x00, 0x25, 0x00, 0x14, 0x66, 0x00, 0xe6, 0x08, 0xc0,
    0x60, 0x8e, 0x00, 0x29, 0xc6, 0x20, 0x84, 0x14, 0x42, 0xa6, 0x18, 0x80, 0x10, 0x52, 0x06, 0xa1,
    0xa3, 0x86, 0xcb, 0x9f, 0xb0, 0x87, 0x90, 0x7c, 0x6e, 0xa3, 0x8a, 0x95, 0x98, 0xfc, 0xe2, 0xb6,
    0x11, 0x31, 0xc6, 0x18, 0x54, 0xee, 0x19, 0x2e, 0x7f, 0xc2, 0x1e, 0x42, 0xf2, 0x43, 0xa0, 0x19,
    0x16, 0x02, 0x05, 0xab, 0x10, 0x8a, 0x30, 0x42, 0xad, 0x14, 0x83, 0x8c, 0x31, 0xe8, 0xcd, 0x11,
    0x04, 0xc5, 0x60, 0xa4, 0x10, 0x12, 0x49, 0x0e, 0x04, 0x0c, 0x23, 0x10, 0x43, 0x12, 0xd4, 0x03,
    0x83, 0xc3, 0x91, 0xa6, 0x05, 0xc0, 0x1c, 0x6a, 0xf2, 0x5f, 0x22, 0x9a, 0x88, 0x8b, 0x3d, 0x80,
    0x81, 0x88, 0x38, 0xa7, 0x91, 0x26, 0xa0, 0x99, 0x24, 0x14, 0x58, 0xba, 0xe9, 0x40, 0x00, 0x00,
    0x13, 0x14, 0x72, 0xc0, 0x87, 0x74, 0x60, 0x87, 0x36, 0x68, 0x87, 0x79, 0x68, 0x03, 0x72, 0xc0,
    0x87, 0x0d, 0xaf, 0x50, 0x0e, 0x6d, 0xd0, 0x0e, 0x7a, 0x50, 0x0e, 0x6d, 0x00, 0x0f, 0x7a, 0x30,
    0x07, 0x72, 0xa0, 0x07, 0x73, 0x20, 0x07, 0x6d, 0x90, 0x0e, 0x71, 0xa0, 0x07, 0x73, 0x20, 0x07,
    0x6d, 0x90, 0x0e, 0x78, 0xa0, 0x07, 0x73, 0x20, 0x07, 0x6d, 0x90, 0x0e, 0x71, 0x60, 0x07, 0x7a,
    0x30, 0x07, 0x72, 0xd0, 0x06, 0xe9, 0x30, 0x07, 0x72, 0xa0, 0x07, 0x73, 0x20, 0x07, 0x6d, 0x90,
    0x0e, 0x76, 0x40, 0x07, 0x7a, 0x60, 0x07, 0x74, 0xd0, 0x06, 0xe6, 0x10, 0x07, 0x76, 0xa0, 0x07,
    0x73, 0x20, 0x07, 0x6d, 0x60, 0x0e, 0x73, 0x20, 0x07, 0x7a, 0x30, 0x07, 0x72, 0xd0, 0x06, 0xe6,
    0x60, 0x07, 0x74, 0xa0, 0x07, 0x76, 0x40, 0x07, 0x6d, 0xe0, 0x0e, 0x78, 0xa0, 0x07, 0x71, 0x60,
    0x07, 0x7a, 0x30, 0x07, 0x72, 0xa0, 0x07, 0x76, 0x40, 0x07, 0x43, 0x9e, 0x00, 0x00, 0x00, 0x00,
    0x00, 0x00, 0x00, 0x00, 0x00, 0x00, 0x00, 0x86, 0x3c, 0x06, 0x10, 0x00, 0x01, 0x00, 0x00, 0x00,
    0x00, 0x00, 0x00, 0x00, 0x0c, 0x79, 0x10, 0x20, 0x00, 0x04, 0x00, 0x00, 0x00, 0x00, 0x00, 0x00,
    0x00, 0x18, 0xf2, 0x34, 0x40, 0x00, 0x0c, 0x00, 0x00, 0x00, 0x00, 0x00, 0x00, 0x00, 0x30, 0xe4,
    0x79, 0x80, 0x00, 0x08, 0x00, 0x00, 0x00, 0x00, 0x00, 0x00, 0x00, 0x60, 0xc8, 0x23, 0x01, 0x01,
    0x30, 0x00, 0x00, 0x00, 0x00, 0x00, 0x00, 0x00, 0x40, 0x16, 0x08, 0x00, 0x10, 0x00, 0x00, 0x00,
    0x32, 0x1e, 0x98, 0x14, 0x19, 0x11, 0x4c, 0x90, 0x8c, 0x09, 0x26, 0x47, 0xc6, 0x04, 0x43, 0x22,
    0x25, 0x30, 0x02, 0x50, 0x10, 0xc5, 0x50, 0x80, 0x01, 0x65, 0x50, 0x0e, 0x45, 0x50, 0x1e, 0x54,
    0x4a, 0x62, 0x04, 0xa0, 0x0c, 0x8a, 0xa0, 0x10, 0x08, 0xcf, 0x00, 0x50, 0x1e, 0xcb, 0x61, 0x98,
    0xe7, 0x79, 0x00, 0x08, 0x0c, 0x00, 0x00, 0x44, 0x40, 0x08, 0x04, 0x03, 0x10, 0x14, 0x00, 0x00,
    0x79, 0x18, 0x00, 0x00, 0x64, 0x00, 0x00, 0x00, 0x1a, 0x03, 0x4c, 0x90, 0x46, 0x02, 0x13, 0x44,
    0x8f, 0x0c, 0x6f, 0xec, 0xed, 0x4d, 0x0c, 0x24, 0xc6, 0x05, 0xc7, 0x45, 0xa6, 0x06, 0x46, 0xc6,
    0x25, 0x26, 0x06, 0x04, 0x45, 0x66, 0x26, 0x27, 0x47, 0x26, 0xa6, 0x46, 0x46, 0x26, 0x65, 0x43,
    0x10, 0x4c, 0x10, 0x08, 0x63, 0x82, 0x40, 0x1c, 0x1b, 0x84, 0x81, 0x98, 0x20, 0x10, 0xc8, 0x06,
    0x61, 0x30, 0x28, 0xd8, 0xcd, 0x4d, 0x10, 0x88, 0x64, 0xc3, 0x80, 0x24, 0xc4, 0x04, 0x01, 0xa3,
    0x08, 0x4c, 0x10, 0x08, 0x65, 0x03, 0x42, 0x2c, 0x0c, 0x41, 0x0c, 0x0d, 0xb0, 0x21, 0x70, 0x36,
    0x10, 0x00, 0xf0, 0x00, 0x13, 0x84, 0xac, 0xda, 0x10, 0x44, 0x13, 0x04, 0x01, 0x60, 0xd2, 0x16,
    0x96, 0xe6, 0x36, 0xf4, 0xc6, 0xf6, 0x26, 0x47, 0x04, 0xea, 0x69, 0x2a, 0x89, 0x2a, 0xe9, 0xc9,
    0x69, 0x82, 0x50, 0x3c, 0x13, 0x84, 0x02, 0xda, 0x10, 0x10, 0x13, 0x84, 0x22, 0x9a, 0x20, 0x10,
    0xcb, 0x04, 0x81, 0x60, 0x36, 0x08, 0xda, 0xb6, 0x61, 0x21, 0x2a, 0xeb, 0xc2, 0xae, 0x21, 0x23,
    0x2e, 0x8e, 0x08, 0x55, 0x11, 0xd6, 0xd0, 0xd3, 0x93, 0x14, 0xd1, 0x04, 0xa1, 0x90, 0x36, 0x08,
    0x9a, 0xb6, 0x61, 0x19, 0x3c, 0xeb, 0xc2, 0xae, 0xe1, 0x1b, 0x2e, 0x30, 0x98, 0x20, 0x10, 0x0d,
    0x8b, 0xa1, 0x27, 0xa6, 0x27, 0xa9, 0x09, 0x42, 0x31, 0x4d, 0x10, 0x08, 0x67, 0x83, 0xa0, 0x95,
    0xc1, 0x86, 0x45, 0x0c, 0xc6, 0xc0, 0xba, 0xb0, 0x6b, 0x20, 0x03, 0x31, 0xb8, 0xcc, 0x60, 0xc3,
    0xd0, 0x85, 0xc1, 0x19, 0x70, 0x99, 0xb2, 0xfa, 0x82, 0x7a, 0x9b, 0x4b, 0xa3, 0x4b, 0x7b, 0x73,
    0xdb, 0xb0, 0x10, 0x69, 0x60, 0x65, 0x18, 0x19, 0x0c, 0x64, 0x40, 0x5c, 0x66, 0xb0, 0x61, 0x19,
    0x3c, 0xeb, 0xc2, 0xbe, 0xe1, 0x1b, 0x2e, 0x30, 0xd8, 0xb0, 0x88, 0xc1, 0x18, 0x58, 0x17, 0xf6,
    0x0d, 0x64, 0x20, 0x06, 0x97, 0x19, 0x6c, 0x18, 0xd4, 0x60, 0x0d, 0xd8, 0x60, 0xc3, 0x80, 0x06,
    0x6d, 0x00, 0x6c, 0x28, 0x26, 0xca, 0x0d, 0x20, 0xa0, 0x0a, 0x1b, 0x9b, 0x5d, 0x9b, 0x4b, 0x1a,
    0x59, 0x99, 0x1b, 0xdd, 0x94, 0x20, 0xa8, 0x42, 0x86, 0xe7, 0x62, 0x57, 0x26, 0x37, 0x97, 0xf6,
    0xe6, 0x36, 0x25, 0x20, 0x9a, 0x90, 0xe1, 0xb9, 0xd8, 0x85, 0xb1, 0xd9, 0x95, 0xc9, 0x4d, 0x09,
    0x8c, 0x3a, 0x64, 0x78, 0x2e, 0x73, 0x68, 0x61, 0x64, 0x65, 0x72, 0x4d, 0x6f, 0x64, 0x65, 0x6c,
    0x53, 0x82, 0xa4, 0x0c, 0x19, 0x9e, 0x8b, 0x5c, 0xd9, 0xdc, 0x5b, 0x9d, 0xdc, 0x58, 0xd9, 0xdc,
    0x94, 0xe0, 0xa9, 0x43, 0x86, 0xe7, 0x62, 0x97, 0x56, 0x76, 0x97, 0x44, 0x36, 0x45, 0x17, 0x46,
    0x57, 0x36, 0x25, 0x88, 0xea, 0x90, 0xe1, 0xb9, 0x94, 0xb9, 0xd1, 0xc9, 0xe5, 0x41, 0xbd, 0xa5,
    0xb9, 0xd1, 0xcd, 0x4d, 0x09, 0xdc, 0x00, 0x00, 0x79, 0x18, 0x00, 0x00, 0x4c, 0x00, 0x00, 0x00,
    0x33, 0x08, 0x80, 0x1c, 0xc4, 0xe1, 0x1c, 0x66, 0x14, 0x01, 0x3d, 0x88, 0x43, 0x38, 0x84, 0xc3,
    0x8c, 0x42, 0x80, 0x07, 0x79, 0x78, 0x07, 0x73, 0x98, 0x71, 0x0c, 0xe6, 0x00, 0x0f, 0xed, 0x10,
    0x0e, 0xf4, 0x80, 0x0e, 0x33, 0x0c, 0x42, 0x1e, 0xc2, 0xc1, 0x1d, 0xce, 0xa1, 0x1c, 0x66, 0x30,
    0x05, 0x3d, 0x88, 0x43, 0x38, 0x84, 0x83, 0x1b, 0xcc, 0x03, 0x3d, 0xc8, 0x43, 0x3d, 0x8c, 0x03,
    0x3d, 0xcc, 0x78, 0x8c, 0x74, 0x70, 0x07, 0x7b, 0x08, 0x07, 0x79, 0x48, 0x87, 0x70, 0x70, 0x07,
    0x7a, 0x70, 0x03, 0x76, 0x78, 0x87, 0x70, 0x20, 0x87, 0x19, 0xcc, 0x11, 0x0e, 0xec, 0x90, 0x0e,
    0xe1, 0x30, 0x0f, 0x6e, 0x30, 0x0f, 0xe3, 0xf0, 0x0e, 0xf0, 0x50, 0x0e, 0x33, 0x10, 0xc4, 0x1d,
    0xde, 0x21, 0x1c, 0xd8, 0x21, 0x1d, 0xc2, 0x61, 0x1e, 0x66, 0x30, 0x89, 0x3b, 0xbc, 0x83, 0x3b,
    0xd0, 0x43, 0x39, 0xb4, 0x03, 0x3c, 0xbc, 0x83, 0x3c, 0x84, 0x03, 0x3b, 0xcc, 0xf0, 0x14, 0x76,
    0x60, 0x07, 0x7b, 0x68, 0x07, 0x37, 0x68, 0x87, 0x72, 0x68, 0x07, 0x37, 0x80, 0x87, 0x70, 0x90,
    0x87, 0x70, 0x60, 0x07, 0x76, 0x28, 0x07, 0x76, 0xf8, 0x05, 0x76, 0x78, 0x87, 0x77, 0x80, 0x87,
    0x5f, 0x08, 0x87, 0x71, 0x18, 0x87, 0x72, 0x98, 0x87, 0x79, 0x98, 0x81, 0x2c, 0xee, 0xf0, 0x0e,
    0xee, 0xe0, 0x0e, 0xf5, 0xc0, 0x0e, 0xec, 0x30, 0x03, 0x62, 0xc8, 0xa1, 0x1c, 0xe4, 0xa1, 0x1c,
    0xcc, 0xa1, 0x1c, 0xe4, 0xa1, 0x1c, 0xdc, 0x61, 0x1c, 0xca, 0x21, 0x1c, 0xc4, 0x81, 0x1d, 0xca,
    0x61, 0x06, 0xd6, 0x90, 0x43, 0x39, 0xc8, 0x43, 0x39, 0x98, 0x43, 0x39, 0xc8, 0x43, 0x39, 0xb8,
    0xc3, 0x38, 0x94, 0x43, 0x38, 0x88, 0x03, 0x3b, 0x94, 0xc3, 0x2f, 0xbc, 0x83, 0x3c, 0xfc, 0x82,
    0x3b, 0xd4, 0x03, 0x3b, 0xb0, 0xc3, 0x8c, 0xc8, 0x21, 0x07, 0x7c, 0x70, 0x03, 0x72, 0x10, 0x87,
    0x73, 0x70, 0x03, 0x7b, 0x08, 0x07, 0x79, 0x60, 0x87, 0x70, 0xc8, 0x87, 0x77, 0xa8, 0x07, 0x7a,
    0x98, 0x81, 0x3c, 0xe4, 0x80, 0x0f, 0x6e, 0x40, 0x0f, 0xe5, 0xd0, 0x0e, 0xf0, 0x00, 0x00, 0x00,
    0x71, 0x20, 0x00, 0x00, 0x19, 0x00, 0x00, 0x00, 0x36, 0xb0, 0x0d, 0x97, 0xef, 0x3c, 0xbe, 0x10,
    0x50, 0x45, 0x41, 0x44, 0xa5, 0x03, 0x0c, 0x25, 0x61, 0x00, 0x02, 0xe6, 0x17, 0xb7, 0x6d, 0x05,
    0xd2, 0x70, 0xf9, 0xce, 0xe3, 0x0b, 0x11, 0x01, 0x4c, 0x44, 0x08, 0x34, 0xc3, 0x42, 0x58, 0xc0,
    0x34, 0x5c, 0xbe, 0xf3, 0xf8, 0x8b, 0x03, 0x0c, 0x62, 0xf3, 0x50, 0x93, 0x5f, 0xdc, 0xb6, 0x09,
    0x54, 0xc3, 0xe5, 0x3b, 0x8f, 0x2f, 0x4d, 0x4e, 0x44, 0xa0, 0xd4, 0xf4, 0x50, 0x93, 0x5f, 0xdc,
    0xb6, 0x11, 0x48, 0xc3, 0xe5, 0x3b, 0x8f, 0x3f, 0x11, 0xd1, 0x84, 0x00, 0x11, 0xe6, 0x17, 0xb7,
    0x6d, 0x00, 0x09, 0x03, 0x20, 0x0d, 0xe7, 0x2c, 0x4e, 0x04, 0x00, 0x00, 0x61, 0x20, 0x00, 0x00,
    0x8a, 0x00, 0x00, 0x00, 0x13, 0x04, 0x41, 0x2c, 0x10, 0x00, 0x00, 0x00, 0x05, 0x00, 0x00, 0x00,
    0x44, 0x4a, 0xa1, 0x10, 0x66, 0x00, 0x8a, 0xab, 0xec, 0x4a, 0x8e, 0x4a, 0x09, 0x50, 0x1c, 0x01,
    0x00, 0x00, 0x00, 0x00, 0x23, 0x06, 0x09, 0x00, 0x82, 0x60, 0x20, 0x65, 0x03, 0x73, 0x5d, 0xc1,
    0x88, 0x41, 0x02, 0x80, 0x20, 0x18, 0x18, 0x1e, 0x22, 0x61, 0xcf, 0x31, 0x62, 0x90, 0x00, 0x20,
    0x08, 0x06, 0xc6, 0x97, 0x4c, 0x19, 0x81, 0x8c, 0x18, 0x24, 0x00, 0x08, 0x82, 0x81, 0x01, 0x06,
    0x0a, 0xa5, 0x3d, 0xc9, 0x88, 0x41, 0x02, 0x80, 0x20, 0x18, 0x18, 0x61, 0xb0, 0x54, 0x5b, 0xa4,
    0x8c, 0x18, 0x24, 0x00, 0x08, 0x82, 0x81, 0x21, 0x06, 0x4c, 0xc7, 0x4d, 0xcb, 0x88, 0x41, 0x02,
    0x80, 0x20, 0x18, 0x18, 0x63, 0xd0, 0x78, 0x1d, 0xc2, 0x8c, 0x18, 0x24, 0x00, 0x08, 0x82, 0x81,
    0x41, 0x06, 0x8e, 0xe7, 0x55, 0xcd, 0x88, 0x41, 0x02, 0x80, 0x20, 0x18, 0x18, 0x65, 0xf0, 0x7c,
    0x9f, 0xe2, 0x8c, 0x18, 0x24, 0x00, 0x08, 0x82, 0x81, 0x61, 0x06, 0x10, 0x18, 0x80, 0x41, 0xf5,
    0x8c, 0x18, 0x1c, 0x00, 0x08, 0x82, 0x41, 0x53, 0x06, 0x8e, 0x12, 0x06, 0xa3, 0x09, 0x01, 0x30,
    0x9a, 0x20, 0x04, 0xa3, 0x09, 0x83, 0x30, 0x9a, 0x40, 0x0c, 0x23, 0x06, 0x07, 0x00, 0x82, 0x60,
    0xd0, 0xa8, 0xc1, 0xf4, 0x9c, 0xc1, 0x68, 0x42, 0x00, 0x8c, 0x26, 0x08, 0xc1, 0x68, 0xc2, 0x20,
    0x8c, 0x26, 0x10, 0xc3, 0x88, 0xc1, 0x01, 0x80, 0x20, 0x18, 0x34, 0x6f, 0x80, 0x51, 0x65, 0x30,
    0x9a, 0x10, 0x00, 0xa3, 0x09, 0x42, 0x30, 0x9a, 0x30, 0x08, 0xa3, 0x09, 0xc4, 0x30, 0x62, 0x70,
    0x00, 0x20, 0x08, 0x06, 0x0d, 0x1d, 0x74, 0x19, 0x1b, 0x8c, 0x26, 0x04, 0xc0, 0x68, 0x82, 0x10,
    0x8c, 0x26, 0x0c, 0xc2, 0x68, 0x02, 0x31, 0xd8, 0x74, 0xc9, 0x67, 0xc4, 0x00, 0x01, 0x40, 0x10,
    0x0c, 0x9e, 0x3c, 0x20, 0x83, 0xeb, 0x09, 0x46, 0x0c, 0x10, 0x00, 0x04, 0xc1, 0xe0, 0xd1, 0x83,
    0x32, 0xb8, 0x96, 0xc0, 0x82, 0x03, 0x3a, 0x66, 0x6d, 0xf2, 0x19, 0x31, 0x40, 0x00, 0x10, 0x04,
    0x83, 0xa7, 0x0f, 0xd0, 0x60, 0x93, 0x82, 0x11, 0x03, 0x04, 0x00, 0x41, 0x30, 0x78, 0xfc, 0x20,
    0x0d, 0x36, 0x27, 0xb0, 0x40, 0x81, 0x8e, 0x65, 0x9f, 0x7c, 0x46, 0x0c, 0x10, 0x00, 0x04, 0xc1,
    0xe0, 0x09, 0x05, 0x36, 0xf8, 0xaa, 0x60, 0xc4, 0x00, 0x01, 0x40, 0x10, 0x0c, 0x1e, 0x51, 0x68,
    0x83, 0x2f, 0x0a, 0x2c, 0x68, 0xa0, 0x63, 0xdc, 0x18, 0xc8, 0x67, 0xc4, 0x00, 0x01, 0x40, 0x10,
    0x0c, 0x9e, 0x52, 0x80, 0x83, 0x31, 0xc0, 0x82, 0x11, 0x03, 0x04, 0x00, 0x41, 0x30, 0x78, 0x4c,
    0x21, 0x0e, 0xc6, 0x80, 0x0a, 0x2c, 0x80, 0xa0, 0x33, 0x62, 0x90, 0x00, 0x20, 0x08, 0x06, 0x88,
    0x2a, 0xd8, 0x41, 0x29, 0x94, 0x02, 0x1f, 0x34, 0x23, 0x06, 0x09, 0x00, 0x82, 0x60, 0x80, 0xa8,
    0x82, 0x1d, 0x94, 0x42, 0x29, 0xc0, 0x41, 0x32, 0x62, 0x90, 0x00, 0x20, 0x08, 0x06, 0x88, 0x2a,
    0xd8, 0x41, 0x29, 0x94, 0x82, 0x1e, 0x14, 0x23, 0x06, 0x09, 0x00, 0x82, 0x60, 0x80, 0xa8, 0x82,
    0x1d, 0x94, 0x42, 0x29, 0xec, 0x41, 0x30, 0x62, 0x90, 0x00, 0x20, 0x08, 0x06, 0x88, 0x2a, 0xd8,
    0x81, 0x29, 0x94, 0x02, 0x1f, 0xa4, 0xc1, 0x88, 0x41, 0x02, 0x80, 0x20, 0x18, 0x20, 0xaa, 0x60,
    0x07, 0xa6, 0x50, 0x0a, 0x70, 0x80, 0x06, 0x23, 0x06, 0x09, 0x00, 0x82, 0x60, 0x80, 0xa8, 0x82,
    0x1d, 0xfc, 0x41, 0x29, 0xf0, 0x41, 0x1b, 0x8c, 0x18, 0x24, 0x00, 0x08, 0x82, 0x01, 0xa2, 0x0a,
    0x76, 0xf0, 0x07, 0xa5, 0x00, 0x07, 0x6c, 0x30, 0x62, 0x90, 0x00, 0x20, 0x08, 0x06, 0x88, 0x2a,
    0xd8, 0xc1, 0x1f, 0x94, 0x82, 0x1e, 0xac, 0xc1, 0x88, 0x41, 0x02, 0x80, 0x20, 0x18, 0x20, 0xaa,
    0x60, 0x07, 0x7f, 0x50, 0x0a, 0x7b, 0xa0, 0x06, 0x08, 0x00, 0x00, 0x00, 0x00, 0x00, 0x00, 0x00,
];

/// `D3D12_VertexShader_Textures`, from `D3D12_VertexShader_Texture.h`.
#[rustfmt::skip]
static D3D12_VERTEX_SHADER_TEXTURES: [u8; 4560] = [
    0x44, 0x58, 0x42, 0x43, 0x11, 0x63, 0xec, 0x3b, 0x1e, 0x39, 0xcf, 0x18, 0x26, 0xfc, 0x76, 0x06,
    0xdb, 0x07, 0xc7, 0x36, 0x01, 0x00, 0x00, 0x00, 0xd0, 0x11, 0x00, 0x00, 0x08, 0x00, 0x00, 0x00,
    0x40, 0x00, 0x00, 0x00, 0x50, 0x00, 0x00, 0x00, 0xd8, 0x00, 0x00, 0x00, 0x64, 0x01, 0x00, 0x00,
    0x98, 0x02, 0x00, 0x00, 0x40, 0x03, 0x00, 0x00, 0xc0, 0x09, 0x00, 0x00, 0xdc, 0x09, 0x00, 0x00,
    0x53, 0x46, 0x49, 0x30, 0x08, 0x00, 0x00, 0x00, 0x00, 0x00, 0x00, 0x00, 0x00, 0x00, 0x00, 0x00,
    0x49, 0x53, 0x47, 0x31, 0x80, 0x00, 0x00, 0x00, 0x03, 0x00, 0x00, 0x00, 0x08, 0x00, 0x00, 0x00,
    0x00, 0x00, 0x00, 0x00, 0x68, 0x00, 0x00, 0x00, 0x00, 0x00, 0x00, 0x00, 0x00, 0x00, 0x00, 0x00,
    0x03, 0x00, 0x00, 0x00, 0x00, 0x00, 0x00, 0x00, 0x07, 0x07, 0x00, 0x00, 0x00, 0x00, 0x00, 0x00,
    0x00, 0x00, 0x00, 0x00, 0x71, 0x00, 0x00, 0x00, 0x00, 0x00, 0x00, 0x00, 0x00, 0x00, 0x00, 0x00,
    0x03, 0x00, 0x00, 0x00, 0x01, 0x00, 0x00, 0x00, 0x03, 0x03, 0x00, 0x00, 0x00, 0x00, 0x00, 0x00,
    0x00, 0x00, 0x00, 0x00, 0x7a, 0x00, 0x00, 0x00, 0x00, 0x00, 0x00, 0x00, 0x00, 0x00, 0x00, 0x00,
    0x03, 0x00, 0x00, 0x00, 0x02, 0x00, 0x00, 0x00, 0x0f, 0x0f, 0x00, 0x00, 0x00, 0x00, 0x00, 0x00,
    0x50, 0x4f, 0x53, 0x49, 0x54, 0x49, 0x4f, 0x4e, 0x00, 0x54, 0x45, 0x58, 0x43, 0x4f, 0x4f, 0x52,
    0x44, 0x00, 0x43, 0x4f, 0x4c, 0x4f, 0x52, 0x00, 0x4f, 0x53, 0x47, 0x31, 0x84, 0x00, 0x00, 0x00,
    0x03, 0x00, 0x00, 0x00, 0x08, 0x00, 0x00, 0x00, 0x00, 0x00, 0x00, 0x00, 0x68, 0x00, 0x00, 0x00,
    0x00, 0x00, 0x00, 0x00, 0x01, 0x00, 0x00, 0x00, 0x03, 0x00, 0x00, 0x00, 0x00, 0x00, 0x00, 0x00,
    0x0f, 0x00, 0x00, 0x00, 0x00, 0x00, 0x00, 0x00, 0x00, 0x00, 0x00, 0x00, 0x74, 0x00, 0x00, 0x00,
    0x00, 0x00, 0x00, 0x00, 0x00, 0x00, 0x00, 0x00, 0x03, 0x00, 0x00, 0x00, 0x01, 0x00, 0x00, 0x00,
    0x03, 0x0c, 0x00, 0x00, 0x00, 0x00, 0x00, 0x00, 0x00, 0x00, 0x00, 0x00, 0x7d, 0x00, 0x00, 0x00,
    0x00, 0x00, 0x00, 0x00, 0x00, 0x00, 0x00, 0x00, 0x03, 0x00, 0x00, 0x00, 0x02, 0x00, 0x00, 0x00,
    0x0f, 0x00, 0x00, 0x00, 0x00, 0x00, 0x00, 0x00, 0x53, 0x56, 0x5f, 0x50, 0x6f, 0x73, 0x69, 0x74,
    0x69, 0x6f, 0x6e, 0x00, 0x54, 0x45, 0x58, 0x43, 0x4f, 0x4f, 0x52, 0x44, 0x00, 0x43, 0x4f, 0x4c,
    0x4f, 0x52, 0x00, 0x00, 0x50, 0x53, 0x56, 0x30, 0x2c, 0x01, 0x00, 0x00, 0x34, 0x00, 0x00, 0x00,
    0x01, 0x00, 0x00, 0x00, 0x00, 0x00, 0x00, 0x00, 0x00, 0x00, 0x00, 0x00, 0x00, 0x00, 0x00, 0x00,
    0x00, 0x00, 0x00, 0x00, 0xff, 0xff, 0xff, 0xff, 0x01, 0x00, 0x00, 0x00, 0x03, 0x03, 0x00, 0x03,
    0x03, 0x00, 0x00, 0x00, 0x00, 0x00, 0x00, 0x00, 0x00, 0x00, 0x00, 0x00, 0x00, 0x00, 0x00, 0x00,
    0x28, 0x00, 0x00, 0x00, 0x01, 0x00, 0x00, 0x00, 0x18, 0x00, 0x00, 0x00, 0x02, 0x00, 0x00, 0x00,
    0x00, 0x00, 0x00, 0x00, 0x00, 0x00, 0x00, 0x00, 0x00, 0x00, 0x00, 0x00, 0x0d, 0x00, 0x00, 0x00,
    0x00, 0x00, 0x00, 0x00, 0x34, 0x00, 0x00, 0x00, 0x00, 0x50, 0x4f, 0x53, 0x49, 0x54, 0x49, 0x4f,
    0x4e, 0x00, 0x54, 0x45, 0x58, 0x43, 0x4f, 0x4f, 0x52, 0x44, 0x00, 0x43, 0x4f, 0x4c, 0x4f, 0x52,
    0x00, 0x54, 0x45, 0x58, 0x43, 0x4f, 0x4f, 0x52, 0x44, 0x00, 0x43, 0x4f, 0x4c, 0x4f, 0x52, 0x00,
    0x6d, 0x61, 0x69, 0x6e, 0x54, 0x65, 0x78, 0x74, 0x75, 0x72, 0x65, 0x00, 0x01, 0x00, 0x00, 0x00,
    0x00, 0x00, 0x00, 0x00, 0x10, 0x00, 0x00, 0x00, 0x01, 0x00, 0x00, 0x00, 0x00, 0x00, 0x00, 0x00,
    0x01, 0x00, 0x43, 0x00, 0x03, 0x00, 0x00, 0x00, 0x0a, 0x00, 0x00, 0x00, 0x00, 0x00, 0x00, 0x00,
    0x01, 0x01, 0x42, 0x00, 0x03, 0x00, 0x00, 0x00, 0x13, 0x00, 0x00, 0x00, 0x00, 0x00, 0x00, 0x00,
    0x01, 0x02, 0x44, 0x00, 0x03, 0x00, 0x00, 0x00, 0x00, 0x00, 0x00, 0x00, 0x00, 0x00, 0x00, 0x00,
    0x01, 0x00, 0x44, 0x03, 0x03, 0x04, 0x00, 0x00, 0x19, 0x00, 0x00, 0x00, 0x00, 0x00, 0x00, 0x00,
    0x01, 0x01, 0x42, 0x00, 0x03, 0x02, 0x00, 0x00, 0x22, 0x00, 0x00, 0x00, 0x00, 0x00, 0x00, 0x00,
    0x01, 0x02, 0x44, 0x00, 0x03, 0x02, 0x00, 0x00, 0x0f, 0x00, 0x00, 0x00, 0x0f, 0x00, 0x00, 0x00,
    0x0f, 0x00, 0x00, 0x00, 0x00, 0x00, 0x00, 0x00, 0x10, 0x00, 0x00, 0x00, 0x20, 0x00, 0x00, 0x00,
    0x00, 0x00, 0x00, 0x00, 0x00, 0x00, 0x00, 0x00, 0x00, 0x01, 0x00, 0x00, 0x00, 0x02, 0x00, 0x00,
    0x00, 0x04, 0x00, 0x00, 0x00, 0x08, 0x00, 0x00, 0x52, 0x54, 0x53, 0x30, 0xa0, 0x00, 0x00, 0x00,
    0x02, 0x00, 0x00, 0x00, 0x04, 0x00, 0x00, 0x00, 0x18, 0x00, 0x00, 0x00, 0x00, 0x00, 0x00, 0x00,
    0xa0, 0x00, 0x00, 0x00, 0x1d, 0x00, 0x00, 0x00, 0x01, 0x00, 0x00, 0x00, 0x00, 0x00, 0x00, 0x00,
    0x48, 0x00, 0x00, 0x00, 0x01, 0x00, 0x00, 0x00, 0x00, 0x00, 0x00, 0x00, 0x54, 0x00, 0x00, 0x00,
    0x00, 0x00, 0x00, 0x00, 0x05, 0x00, 0x00, 0x00, 0x60, 0x00, 0x00, 0x00, 0x00, 0x00, 0x00, 0x00,
    0x05, 0x00, 0x00, 0x00, 0x80, 0x00, 0x00, 0x00, 0x00, 0x00, 0x00, 0x00, 0x00, 0x00, 0x00, 0x00,
    0x10, 0x00, 0x00, 0x00, 0x01, 0x00, 0x00, 0x00, 0x00, 0x00, 0x00, 0x00, 0x1c, 0x00, 0x00, 0x00,
    0x01, 0x00, 0x00, 0x00, 0x68, 0x00, 0x00, 0x00, 0x00, 0x00, 0x00, 0x00, 0x01, 0x00, 0x00, 0x00,
    0x00, 0x00, 0x00, 0x00, 0x00, 0x00, 0x00, 0x00, 0x00, 0x00, 0x00, 0x00, 0xff, 0xff, 0xff, 0xff,
    0x01, 0x00, 0x00, 0x00, 0x88, 0x00, 0x00, 0x00, 0x03, 0x00, 0x00, 0x00, 0x01, 0x00, 0x00, 0x00,
    0x00, 0x00, 0x00, 0x00, 0x00, 0x00, 0x00, 0x00, 0x00, 0x00, 0x00, 0x00, 0xff, 0xff, 0xff, 0xff,
    0x53, 0x54, 0x41, 0x54, 0x78, 0x06, 0x00, 0x00, 0x60, 0x00, 0x01, 0x00, 0x9e, 0x01, 0x00, 0x00,
    0x44, 0x58, 0x49, 0x4c, 0x00, 0x01, 0x00, 0x00, 0x10, 0x00, 0x00, 0x00, 0x60, 0x06, 0x00, 0x00,
    0x42, 0x43, 0xc0, 0xde, 0x21, 0x0c, 0x00, 0x00, 0x95, 0x01, 0x00, 0x00, 0x0b, 0x82, 0x20, 0x00,
    0x02, 0x00, 0x00, 0x00, 0x13, 0x00, 0x00, 0x00, 0x07, 0x81, 0x23, 0x91, 0x41, 0xc8, 0x04, 0x49,
    0x06, 0x10, 0x32, 0x39, 0x92, 0x01, 0x84, 0x0c, 0x25, 0x05, 0x08, 0x19, 0x1e, 0x04, 0x8b, 0x62,
    0x80, 0x14, 0x45, 0x02, 0x42, 0x92, 0x0b, 0x42, 0xa4, 0x10, 0x32, 0x14, 0x38, 0x08, 0x18, 0x4b,
    0x0a, 0x32, 0x52, 0x88, 0x48, 0x90, 0x14, 0x20, 0x43, 0x46, 0x88, 0xa5, 0x00, 0x19, 0x32, 0x42,
    0xe4, 0x48, 0x0e, 0x90, 0x91, 0x22, 0xc4, 0x50, 0x41, 0x51, 0x81, 0x8c, 0xe1, 0x83, 0xe5, 0x8a,
    0x04, 0x29, 0x46, 0x06, 0x51, 0x18, 0x00, 0x00, 0x08, 0x00, 0x00, 0x00, 0x1b, 0x8c, 0xe0, 0xff,
    0xff, 0xff, 0xff, 0x07, 0x40, 0x02, 0xa8, 0x0d, 0x84, 0xf0, 0xff, 0xff, 0xff, 0xff, 0x03, 0x20,
    0x6d, 0x30, 0x86, 0xff, 0xff, 0xff, 0xff, 0x1f, 0x00, 0x09, 0xa8, 0x00, 0x49, 0x18, 0x00, 0x00,
    0x03, 0x00, 0x00, 0x00, 0x13, 0x82, 0x60, 0x42, 0x20, 0x4c, 0x08, 0x06, 0x00, 0x00, 0x00, 0x00,
    0x89, 0x20, 0x00, 0x00, 0x26, 0x00, 0x00, 0x00, 0x32, 0x22, 0x48, 0x09, 0x20, 0x64, 0x85, 0x04,
    0x93, 0x22, 0xa4, 0x84, 0x04, 0x93, 0x22, 0xe3, 0x84, 0xa1, 0x90, 0x14, 0x12, 0x4c, 0x8a, 0x8c,
    0x0b, 0x84, 0xa4, 0x4c, 0x10, 0x68, 0x23, 0x00, 0x25, 0x00, 0x14, 0x66, 0x00, 0xe6, 0x08, 0xc0,
    0x60, 0x8e, 0x00, 0x29, 0xc6, 0x20, 0x84, 0x14, 0x42, 0xa6, 0x18, 0x80, 0x10, 0x52, 0x06, 0xa1,
    0xa3, 0x86, 0xcb, 0x9f, 0xb0, 0x87, 0x90, 0x7c, 0x6e, 0xa3, 0x8a, 0x95, 0x98, 0xfc, 0xe2, 0xb6,
    0x11, 0x31, 0xc6, 0x18, 0x54, 0xee, 0x19, 0x2e, 0x7f, 0xc2, 0x1e, 0x42, 0xf2, 0x43, 0xa0, 0x19,
    0x16, 0x02, 0x05, 0xab, 0x10, 0x8a, 0x30, 0x42, 0xad, 0x14, 0x83, 0x8c, 0x31, 0xe8, 0xcd, 0x11,
    0x04, 0xc5, 0x60, 0xa4, 0x10, 0x12, 0x49, 0x0e, 0x04, 0x0c, 0x23, 0x10, 0x43, 0x12, 0xd4, 0x03,
    0x83, 0xc3, 0x91, 0xa6, 0x05, 0xc0, 0x1c, 0x6a, 0xf2, 0x5f, 0x22, 0x9a, 0x88, 0x8b, 0x3d, 0x80,
    0x81, 0x88, 0x38, 0xa7, 0x91, 0x26, 0xa0, 0x99, 0x24, 0x14, 0x58, 0xba, 0xe9, 0x40, 0x00, 0x00,
    0x13, 0x14, 0x72, 0xc0, 0x87, 0x74, 0x60, 0x87, 0x36, 0x68, 0x87, 0x79, 0x68, 0x03, 0x72, 0xc0,
    0x87, 0x0d, 0xaf, 0x50, 0x0e, 0x6d, 0xd0, 0x0e, 0x7a, 0x50, 0x0e, 0x6d, 0x00, 0x0f, 0x7a, 0x30,
    0x07, 0x72, 0xa0, 0x07, 0x73, 0x20, 0x07, 0x6d, 0x90, 0x0e, 0x71, 0xa0, 0x07, 0x73, 0x20, 0x07,
    0x6d, 0x90, 0x0e, 0x78, 0xa0, 0x07, 0x73, 0x20, 0x07, 0x6d, 0x90, 0x0e, 0x71, 0x60, 0x07, 0x7a,
    0x30, 0x07, 0x72, 0xd0, 0x06, 0xe9, 0x30, 0x07, 0x72, 0xa0, 0x07, 0x73, 0x20, 0x07, 0x6d, 0x90,
    0x0e, 0x76, 0x40, 0x07, 0x7a, 0x60, 0x07, 0x74, 0xd0, 0x06, 0xe6, 0x10, 0x07, 0x76, 0xa0, 0x07,
    0x73, 0x20, 0x07, 0x6d, 0x60, 0x0e, 0x73, 0x20, 0x07, 0x7a, 0x30, 0x07, 0x72, 0xd0, 0x06, 0xe6,
    0x60, 0x07, 0x74, 0xa0, 0x07, 0x76, 0x40, 0x07, 0x6d, 0xe0, 0x0e, 0x78, 0xa0, 0x07, 0x71, 0x60,
    0x07, 0x7a, 0x30, 0x07, 0x72, 0xa0, 0x07, 0x76, 0x40, 0x07, 0x43, 0x9e, 0x00, 0x08, 0x00, 0x00,
    0x00, 0x00, 0x00, 0x00, 0x00, 0x00, 0x00, 0x86, 0x3c, 0x06, 0x10, 0x00, 0x01, 0x00, 0x00, 0x00,
    0x00, 0x00, 0x00, 0x00, 0x0c, 0x79, 0x10, 0x20, 0x00, 0x04, 0x00, 0x00, 0x00, 0x00, 0x00, 0x00,
    0x00, 0x18, 0xf2, 0x34, 0x40, 0x00, 0x0c, 0x00, 0x00, 0x00, 0x00, 0x00, 0x00, 0x00, 0x30, 0xe4,
    0x79, 0x80, 0x00, 0x08, 0x00, 0x00, 0x00, 0x00, 0x00, 0x00, 0x00, 0x60, 0xc8, 0x23, 0x01, 0x01,
    0x30, 0x00, 0x00, 0x00, 0x00, 0x00, 0x00, 0x00, 0x40, 0x16, 0x08, 0x00, 0x12, 0x00, 0x00, 0x00,
    0x32, 0x1e, 0x98, 0x14, 0x19, 0x11, 0x4c, 0x90, 0x8c, 0x09, 0x26, 0x47, 0xc6, 0x04, 0x43, 0x22,
    0x25, 0x30, 0x02, 0x50, 0x0c, 0x05, 0x18, 0x50, 0x04, 0x85, 0x50, 0x06, 0xe5, 0x50, 0x12, 0xe5,
    0x51, 0x10, 0x25, 0x57, 0x14, 0x54, 0x4a, 0x62, 0x04, 0xa0, 0x0c, 0x8a, 0xa0, 0x10, 0xe8, 0xce,
    0x00, 0x10, 0x9e, 0x01, 0xa0, 0x3c, 0x96, 0xc3, 0x30, 0xcf, 0xf3, 0x00, 0x10, 0x18, 0x00, 0x00,
    0x88, 0x80, 0x10, 0x08, 0x06, 0x20, 0x28, 0x00, 0x79, 0x18, 0x00, 0x00, 0x92, 0x00, 0x00, 0x00,
    0x1a, 0x03, 0x4c, 0x90, 0x46, 0x02, 0x13, 0x44, 0x8f, 0x0c, 0x6f, 0xec, 0xed, 0x4d, 0x0c, 0x24,
    0xc6, 0x05, 0xc7, 0x45, 0xa6, 0x06, 0x46, 0xc6, 0x25, 0x26, 0x06, 0x04, 0x45, 0x66, 0x26, 0x27,
    0x47, 0x26, 0xa6, 0x46, 0x46, 0x26, 0x65, 0x43, 0x10, 0x4c, 0x10, 0x08, 0x63, 0x82, 0x40, 0x1c,
    0x1b, 0x84, 0x81, 0xd8, 0x20, 0x10, 0x04, 0x05, 0xbb, 0xb9, 0x09, 0x02, 0x81, 0x6c, 0x18, 0x0e,
    0x84, 0x98, 0x20, 0x60, 0x19, 0x2b, 0xab, 0x32, 0x39, 0xba, 0x32, 0xbc, 0x29, 0xb4, 0x30, 0xb2,
    0x32, 0xb9, 0xa1, 0x37, 0xb7, 0x39, 0xba, 0x30, 0x37, 0xba, 0xb9, 0x09, 0x02, 0x91, 0x6c, 0x40,
    0x08, 0x65, 0x21, 0x88, 0x81, 0x01, 0x36, 0x04, 0xcd, 0x06, 0x02, 0x00, 0x1c, 0x60, 0x82, 0x70,
    0x61, 0x1c, 0xda, 0xe0, 0xec, 0x26, 0x08, 0x84, 0x32, 0x41, 0x20, 0x96, 0x0d, 0xc3, 0x34, 0x0d,
    0x13, 0x04, 0x82, 0x99, 0x20, 0x10, 0xcd, 0x04, 0x81, 0x70, 0x36, 0x20, 0x48, 0x24, 0x51, 0x15,
    0x61, 0x5d, 0x1b, 0x04, 0x06, 0xdb, 0x30, 0x10, 0x50, 0x36, 0x41, 0x10, 0x80, 0x0d, 0xc0, 0x86,
    0x81, 0xe0, 0xb8, 0x0d, 0x41, 0xb7, 0x61, 0x18, 0x36, 0x6f, 0x82, 0x90, 0x69, 0x1b, 0x02, 0x30,
    0xe0, 0xd2, 0x16, 0x96, 0xe6, 0x46, 0x55, 0x86, 0x47, 0x57, 0x27, 0x57, 0x46, 0x04, 0xea, 0x69,
    0x2a, 0x89, 0x2a, 0xe9, 0xc9, 0x69, 0x82, 0x50, 0x4c, 0x13, 0x84, 0x82, 0xda, 0x10, 0x10, 0x13,
    0x84, 0xa2, 0xda, 0x20, 0x54, 0xd6, 0x86, 0x85, 0x18, 0x03, 0x32, 0x28, 0x03, 0x33, 0x28, 0x83,
    0xe1, 0x0c, 0x88, 0x32, 0x40, 0x03, 0x22, 0x54, 0x45, 0x58, 0x43, 0x4f, 0x4f, 0x52, 0x44, 0x13,
    0x84, 0xc2, 0xda, 0x20, 0x54, 0xd5, 0x86, 0x65, 0x50, 0x03, 0x32, 0x28, 0x03, 0x33, 0x28, 0x83,
    0x61, 0x0d, 0x86, 0x32, 0x60, 0x03, 0x16, 0x43, 0x4f, 0x4c, 0x4f, 0x52, 0x13, 0x84, 0xe2, 0x9a,
    0x20, 0x10, 0xcf, 0x06, 0xa1, 0x82, 0x83, 0x0d, 0x8b, 0xe4, 0x06, 0x64, 0x50, 0x06, 0x66, 0x50,
    0x06, 0xc3, 0x1b, 0x48, 0x65, 0x10, 0x07, 0x1b, 0x86, 0x34, 0x68, 0x03, 0x39, 0xe0, 0x32, 0x65,
    0xf5, 0x05, 0xf5, 0x36, 0x97, 0x46, 0x97, 0xf6, 0xe6, 0xb6, 0x61, 0x21, 0xe8, 0x80, 0x0c, 0xce,
    0xc0, 0x0c, 0xde, 0x60, 0x78, 0x03, 0xa2, 0x0c, 0xe2, 0x60, 0xc3, 0x32, 0xa8, 0x01, 0x19, 0x94,
    0x81, 0x19, 0xac, 0xc1, 0xb0, 0x06, 0x43, 0x19, 0xb0, 0xc1, 0x86, 0x45, 0x72, 0x03, 0x32, 0x28,
    0x03, 0x33, 0x58, 0x83, 0xe1, 0x0d, 0xa4, 0x32, 0x88, 0x83, 0x0d, 0x43, 0x1d, 0xd8, 0xc1, 0x1d,
    0x6c, 0x18, 0xe6, 0x00, 0x0f, 0x80, 0x0d, 0xc5, 0x26, 0x06, 0x79, 0xf0, 0x00, 0x34, 0xcc, 0xd8,
    0xde, 0xc2, 0xe8, 0xe6, 0x26, 0x08, 0x04, 0xc4, 0x22, 0xcd, 0x6d, 0x8e, 0x6e, 0x6e, 0x82, 0x40,
    0x44, 0x34, 0xe6, 0xd2, 0xce, 0xbe, 0xd8, 0xc8, 0x68, 0xcc, 0xa5, 0x9d, 0x7d, 0xcd, 0xd1, 0x4d,
    0x10, 0x08, 0x69, 0x03, 0xb2, 0x07, 0x7c, 0xd0, 0x07, 0x7e, 0xf0, 0x07, 0x17, 0x28, 0x84, 0x42,
    0x15, 0x36, 0x36, 0xbb, 0x36, 0x97, 0x34, 0xb2, 0x32, 0x37, 0xba, 0x29, 0x41, 0x50, 0x85, 0x0c,
    0xcf, 0xc5, 0xae, 0x4c, 0x6e, 0x2e, 0xed, 0xcd, 0x6d, 0x4a, 0x40, 0x34, 0x21, 0xc3, 0x73, 0xb1,
    0x0b, 0x63, 0xb3, 0x2b, 0x93, 0x9b, 0x12, 0x14, 0x75, 0xc8, 0xf0, 0x5c, 0xe6, 0xd0, 0xc2, 0xc8,
    0xca, 0xe4, 0x9a, 0xde, 0xc8, 0xca, 0xd8, 0xa6, 0x04, 0x48, 0x19, 0x32, 0x3c, 0x17, 0xb9, 0xb2,
    0xb9, 0xb7, 0x3a, 0xb9, 0xb1, 0xb2, 0xb9, 0x29, 0x81, 0x53, 0x89, 0x0c, 0xcf, 0x85, 0x2e, 0x0f,
    0xae, 0x2c, 0xc8, 0xcd, 0xed, 0x8d, 0x2e, 0x8c, 0x2e, 0xed, 0xcd, 0x6d, 0x6e, 0x8a, 0x90, 0x79,
    0x75, 0xc8, 0xf0, 0x5c, 0xec, 0xd2, 0xca, 0xee, 0x92, 0xc8, 0xa6, 0xe8, 0xc2, 0xe8, 0xca, 0xa6,
    0x04, 0x60, 0x50, 0x87, 0x0c, 0xcf, 0xa5, 0xcc, 0x8d, 0x4e, 0x2e, 0x0f, 0xea, 0x2d, 0xcd, 0x8d,
    0x6e, 0x6e, 0x4a, 0x90, 0x07, 0x5d, 0xc8, 0xf0, 0x5c, 0xc6, 0xde, 0xea, 0xdc, 0xe8, 0xca, 0xe4,
    0xe6, 0xa6, 0x04, 0xa1, 0x00, 0x00, 0x00, 0x00, 0x79, 0x18, 0x00, 0x00, 0x4c, 0x00, 0x00, 0x00,
    0x33, 0x08, 0x80, 0x1c, 0xc4, 0xe1, 0x1c, 0x66, 0x14, 0x01, 0x3d, 0x88, 0x43, 0x38, 0x84, 0xc3,
    0x8c, 0x42, 0x80, 0x07, 0x79, 0x78, 0x07, 0x73, 0x98, 0x71, 0x0c, 0xe6, 0x00, 0x0f, 0xed, 0x10,
    0x0e, 0xf4, 0x80, 0x0e, 0x33, 0x0c, 0x42, 0x1e, 0xc2, 0xc1, 0x1d, 0xce, 0xa1, 0x1c, 0x66, 0x30,
    0x05, 0x3d, 0x88, 0x43, 0x38, 0x84, 0x83, 0x1b, 0xcc, 0x03, 0x3d, 0xc8, 0x43, 0x3d, 0x8c, 0x03,
    0x3d, 0xcc, 0x78, 0x8c, 0x74, 0x70, 0x07, 0x7b, 0x08, 0x07, 0x79, 0x48, 0x87, 0x70, 0x70, 0x07,
    0x7a, 0x70, 0x03, 0x76, 0x78, 0x87, 0x70, 0x20, 0x87, 0x19, 0xcc, 0x11, 0x0e, 0xec, 0x90, 0x0e,
    0xe1, 0x30, 0x0f, 0x6e, 0x30, 0x0f, 0xe3, 0xf0, 0x0e, 0xf0, 0x50, 0x0e, 0x33, 0x10, 0xc4, 0x1d,
    0xde, 0x21, 0x1c, 0xd8, 0x21, 0x1d, 0xc2, 0x61, 0x1e, 0x66, 0x30, 0x89, 0x3b, 0xbc, 0x83, 0x3b,
    0xd0, 0x43, 0x39, 0xb4, 0x03, 0x3c, 0xbc, 0x83, 0x3c, 0x84, 0x03, 0x3b, 0xcc, 0xf0, 0x14, 0x76,
    0x60, 0x07, 0x7b, 0x68, 0x07, 0x37, 0x68, 0x87, 0x72, 0x68, 0x07, 0x37, 0x80, 0x87, 0x70, 0x90,
    0x87, 0x70, 0x60, 0x07, 0x76, 0x28, 0x07, 0x76, 0xf8, 0x05, 0x76, 0x78, 0x87, 0x77, 0x80, 0x87,
    0x5f, 0x08, 0x87, 0x71, 0x18, 0x87, 0x72, 0x98, 0x87, 0x79, 0x98, 0x81, 0x2c, 0xee, 0xf0, 0x0e,
    0xee, 0xe0, 0x0e, 0xf5, 0xc0, 0x0e, 0xec, 0x30, 0x03, 0x62, 0xc8, 0xa1, 0x1c, 0xe4, 0xa1, 0x1c,
    0xcc, 0xa1, 0x1c, 0xe4, 0xa1, 0x1c, 0xdc, 0x61, 0x1c, 0xca, 0x21, 0x1c, 0xc4, 0x81, 0x1d, 0xca,
    0x61, 0x06, 0xd6, 0x90, 0x43, 0x39, 0xc8, 0x43, 0x39, 0x98, 0x43, 0x39, 0xc8, 0x43, 0x39, 0xb8,
    0xc3, 0x38, 0x94, 0x43, 0x38, 0x88, 0x03, 0x3b, 0x94, 0xc3, 0x2f, 0xbc, 0x83, 0x3c, 0xfc, 0x82,
    0x3b, 0xd4, 0x03, 0x3b, 0xb0, 0xc3, 0x8c, 0xc8, 0x21, 0x07, 0x7c, 0x70, 0x03, 0x72, 0x10, 0x87,
    0x73, 0x70, 0x03, 0x7b, 0x08, 0x07, 0x79, 0x60, 0x87, 0x70, 0xc8, 0x87, 0x77, 0xa8, 0x07, 0x7a,
    0x98, 0x81, 0x3c, 0xe4, 0x80, 0x0f, 0x6e, 0x40, 0x0f, 0xe5, 0xd0, 0x0e, 0xf0, 0x00, 0x00, 0x00,
    0x71, 0x20, 0x00, 0x00, 0x19, 0x00, 0x00, 0x00, 0x36, 0xb0, 0x0d, 0x97, 0xef, 0x3c, 0xbe, 0x10,
    0x50, 0x45, 0x41, 0x44, 0xa5, 0x03, 0x0c, 0x25, 0x61, 0x00, 0x02, 0xe6, 0x17, 0xb7, 0x6d, 0x05,
    0xd2, 0x70, 0xf9, 0xce, 0xe3, 0x0b, 0x11, 0x01, 0x4c, 0x44, 0x08, 0x34, 0xc3, 0x42, 0x58, 0xc0,
    0x34, 0x5c, 0xbe, 0xf3, 0xf8, 0x8b, 0x03, 0x0c, 0x62, 0xf3, 0x50, 0x93, 0x5f, 0xdc, 0xb6, 0x09,
    0x54, 0xc3, 0xe5, 0x3b, 0x8f, 0x2f, 0x4d, 0x4e, 0x44, 0xa0, 0xd4, 0xf4, 0x50, 0x93, 0x5f, 0xdc,
    0xb6, 0x11, 0x48, 0xc3, 0xe5, 0x3b, 0x8f, 0x3f, 0x11, 0xd1, 0x84, 0x00, 0x11, 0xe6, 0x17, 0xb7,
    0x6d, 0x00, 0x0b, 0x03, 0x20, 0x4d, 0x4b, 0x5c, 0x13, 0x15, 0x11, 0x00, 0x00, 0x00, 0x00, 0x00,
    0x48, 0x41, 0x53, 0x48, 0x14, 0x00, 0x00, 0x00, 0x00, 0x00, 0x00, 0x00, 0xf5, 0x28, 0x0c, 0xf4,
    0x0e, 0x86, 0xfc, 0x41, 0x54, 0x90, 0x77, 0x3c, 0xcc, 0x22, 0xc4, 0xa6, 0x44, 0x58, 0x49, 0x4c,
    0xec, 0x07, 0x00, 0x00, 0x60, 0x00, 0x01, 0x00, 0xfb, 0x01, 0x00, 0x00, 0x44, 0x58, 0x49, 0x4c,
    0x00, 0x01, 0x00, 0x00, 0x10, 0x00, 0x00, 0x00, 0xd4, 0x07, 0x00, 0x00, 0x42, 0x43, 0xc0, 0xde,
    0x21, 0x0c, 0x00, 0x00, 0xf2, 0x01, 0x00, 0x00, 0x0b, 0x82, 0x20, 0x00, 0x02, 0x00, 0x00, 0x00,
    0x13, 0x00, 0x00, 0x00, 0x07, 0x81, 0x23, 0x91, 0x41, 0xc8, 0x04, 0x49, 0x06, 0x10, 0x32, 0x39,
    0x92, 0x01, 0x84, 0x0c, 0x25, 0x05, 0x08, 0x19, 0x1e, 0x04, 0x8b, 0x62, 0x80, 0x14, 0x45, 0x02,
    0x42, 0x92, 0x0b, 0x42, 0xa4, 0x10, 0x32, 0x14, 0x38, 0x08, 0x18, 0x4b, 0x0a, 0x32, 0x52, 0x88,
    0x48, 0x90, 0x14, 0x20, 0x43, 0x46, 0x88, 0xa5, 0x00, 0x19, 0x32, 0x42, 0xe4, 0x48, 0x0e, 0x90,
    0x91, 0x22, 0xc4, 0x50, 0x41, 0x51, 0x81, 0x8c, 0xe1, 0x83, 0xe5, 0x8a, 0x04, 0x29, 0x46, 0x06,
    0x51, 0x18, 0x00, 0x00, 0x08, 0x00, 0x00, 0x00, 0x1b, 0x8c, 0xe0, 0xff, 0xff, 0xff, 0xff, 0x07,
    0x40, 0x02, 0xa8, 0x0d, 0x84, 0xf0, 0xff, 0xff, 0xff, 0xff, 0x03, 0x20, 0x6d, 0x30, 0x86, 0xff,
    0xff, 0xff, 0xff, 0x1f, 0x00, 0x09, 0xa8, 0x00, 0x49, 0x18, 0x00, 0x00, 0x03, 0x00, 0x00, 0x00,
    0x13, 0x82, 0x60, 0x42, 0x20, 0x4c, 0x08, 0x06, 0x00, 0x00, 0x00, 0x00, 0x89, 0x20, 0x00, 0x00,
    0x26, 0x00, 0x00, 0x00, 0x32, 0x22, 0x48, 0x09, 0x20, 0x64, 0x85, 0x04, 0x93, 0x22, 0xa4, 0x84,
    0x04, 0x93, 0x22, 0xe3, 0x84, 0xa1, 0x90, 0x14, 0x12, 0x4c, 0x8a, 0x8c, 0x0b, 0x84, 0xa4, 0x4c,
    0x10, 0x68, 0x23, 0x00, 0x25, 0x00, 0x14, 0x66, 0x00, 0xe6, 0x08, 0xc0, 0x60, 0x8e, 0x00, 0x29,
    0xc6, 0x20, 0x84, 0x14, 0x42, 0xa6, 0x18, 0x80, 0x10, 0x52, 0x06, 0xa1, 0xa3, 0x86, 0xcb, 0x9f,
    0xb0, 0x87, 0x90, 0x7c, 0x6e, 0xa3, 0x8a, 0x95, 0x98, 0xfc, 0xe2, 0xb6, 0x11, 0x31, 0xc6, 0x18,
    0x54, 0xee, 0x19, 0x2e, 0x7f, 0xc2, 0x1e, 0x42, 0xf2, 0x43, 0xa0, 0x19, 0x16, 0x02, 0x05, 0xab,
    0x10, 0x8a, 0x30, 0x42, 0xad, 0x14, 0x83, 0x8c, 0x31, 0xe8, 0xcd, 0x11, 0x04, 0xc5, 0x60, 0xa4,
    0x10, 0x12, 0x49, 0x0e, 0x04, 0x0c, 0x23, 0x10, 0x43, 0x12, 0xd4, 0x03, 0x83, 0xc3, 0x91, 0xa6,
    0x05, 0xc0, 0x1c, 0x6a, 0xf2, 0x5f, 0x22, 0x9a, 0x88, 0x8b, 0x3d, 0x80, 0x81, 0x88, 0x38, 0xa7,
    0x91, 0x26, 0xa0, 0x99, 0x24, 0x14, 0x58, 0xba, 0xe9, 0x40, 0x00, 0x00, 0x13, 0x14, 0x72, 0xc0,
    0x87, 0x74, 0x60, 0x87, 0x36, 0x68, 0x87, 0x79, 0x68, 0x03, 0x72, 0xc0, 0x87, 0x0d, 0xaf, 0x50,
    0x0e, 0x6d, 0xd0, 0x0e, 0x7a, 0x50, 0x0e, 0x6d, 0x00, 0x0f, 0x7a, 0x30, 0x07, 0x72, 0xa0, 0x07,
    0x73, 0x20, 0x07, 0x6d, 0x90, 0x0e, 0x71, 0xa0, 0x07, 0x73, 0x20, 0x07, 0x6d, 0x90, 0x0e, 0x78,
    0xa0, 0x07, 0x73, 0x20, 0x07, 0x6d, 0x90, 0x0e, 0x71, 0x60, 0x07, 0x7a, 0x30, 0x07, 0x72, 0xd0,
    0x06, 0xe9, 0x30, 0x07, 0x72, 0xa0, 0x07, 0x73, 0x20, 0x07, 0x6d, 0x90, 0x0e, 0x76, 0x40, 0x07,
    0x7a, 0x60, 0x07, 0x74, 0xd0, 0x06, 0xe6, 0x10, 0x07, 0x76, 0xa0, 0x07, 0x73, 0x20, 0x07, 0x6d,
    0x60, 0x0e, 0x73, 0x20, 0x07, 0x7a, 0x30, 0x07, 0x72, 0xd0, 0x06, 0xe6, 0x60, 0x07, 0x74, 0xa0,
    0x07, 0x76, 0x40, 0x07, 0x6d, 0xe0, 0x0e, 0x78, 0xa0, 0x07, 0x71, 0x60, 0x07, 0x7a, 0x30, 0x07,
    0x72, 0xa0, 0x07, 0x76, 0x40, 0x07, 0x43, 0x9e, 0x00, 0x00, 0x00, 0x00, 0x00, 0x00, 0x00, 0x00,
    0x00, 0x00, 0x00, 0x86, 0x3c, 0x06, 0x10, 0x00, 0x01, 0x00, 0x00, 0x00, 0x00, 0x00, 0x00, 0x00,
    0x0c, 0x79, 0x10, 0x20, 0x00, 0x04, 0x00, 0x00, 0x00, 0x00, 0x00, 0x00, 0x00, 0x18, 0xf2, 0x34,
    0x40, 0x00, 0x0c, 0x00, 0x00, 0x00, 0x00, 0x00, 0x00, 0x00, 0x30, 0xe4, 0x79, 0x80, 0x00, 0x08,
    0x00, 0x00, 0x00, 0x00, 0x00, 0x00, 0x00, 0x60, 0xc8, 0x23, 0x01, 0x01, 0x30, 0x00, 0x00, 0x00,
    0x00, 0x00, 0x00, 0x00, 0x40, 0x16, 0x08, 0x00, 0x10, 0x00, 0x00, 0x00, 0x32, 0x1e, 0x98, 0x14,
    0x19, 0x11, 0x4c, 0x90, 0x8c, 0x09, 0x26, 0x47, 0xc6, 0x04, 0x43, 0x22, 0x25, 0x30, 0x02, 0x50,
    0x10, 0xc5, 0x50, 0x80, 0x01, 0x65, 0x50, 0x0e, 0x45, 0x50, 0x1e, 0x54, 0x4a, 0x62, 0x04, 0xa0,
    0x0c, 0x8a, 0xa0, 0x10, 0x08, 0xcf, 0x00, 0x50, 0x1e, 0xcb, 0x61, 0x98, 0xe7, 0x79, 0x00, 0x08,
    0x0c, 0x00, 0x00, 0x44, 0x40, 0x08, 0x04, 0x03, 0x10, 0x14, 0x00, 0x00, 0x79, 0x18, 0x00, 0x00,
    0x65, 0x00, 0x00, 0x00, 0x1a, 0x03, 0x4c, 0x90, 0x46, 0x02, 0x13, 0x44, 0x8f, 0x0c, 0x6f, 0xec,
    0xed, 0x4d, 0x0c, 0x24, 0xc6, 0x05, 0xc7, 0x45, 0xa6, 0x06, 0x46, 0xc6, 0x25, 0x26, 0x06, 0x04,
    0x45, 0x66, 0x26, 0x27, 0x47, 0x26, 0xa6, 0x46, 0x46, 0x26, 0x65, 0x43, 0x10, 0x4c, 0x10, 0x08,
    0x63, 0x82, 0x40, 0x1c, 0x1b, 0x84, 0x81, 0x98, 0x20, 0x10, 0xc8, 0x06, 0x61, 0x30, 0x28, 0xd8,
    0xcd, 0x4d, 0x10, 0x88, 0x64, 0xc3, 0x80, 0x24, 0xc4, 0x04, 0x01, 0xa3, 0x08, 0x4c, 0x10, 0x08,
    0x65, 0x03, 0x42, 0x2c, 0x0c, 0x41, 0x0c, 0x0d, 0xb0, 0x21, 0x70, 0x36, 0x10, 0x00, 0xf0, 0x00,
    0x13, 0x84, 0xac, 0xda, 0x10, 0x44, 0x13, 0x04, 0x01, 0xe0, 0xd2, 0x16, 0x96, 0xe6, 0x46, 0x55,
    0x86, 0x47, 0x57, 0x27, 0x57, 0x46, 0x04, 0xea, 0x69, 0x2a, 0x89, 0x2a, 0xe9, 0xc9, 0x69, 0x82,
    0x50, 0x3c, 0x13, 0x84, 0x02, 0xda, 0x10, 0x10, 0x13, 0x84, 0x22, 0x9a, 0x20, 0x10, 0xcb, 0x04,
    0x81, 0x60, 0x36, 0x08, 0xda, 0xb6, 0x61, 0x21, 0x2a, 0xeb, 0xc2, 0xae, 0x21, 0x23, 0x2e, 0x8e,
    0x08, 0x55, 0x11, 0xd6, 0xd0, 0xd3, 0x93, 0x14, 0xd1, 0x04, 0xa1, 0x90, 0x36, 0x08, 0x9a, 0xb6,
    0x61, 0x19, 0x3c, 0xeb, 0xc2, 0xae, 0xe1, 0x1b, 0x2e, 0x30, 0x98, 0x20, 0x10, 0x0d, 0x8b, 0xa1,
    0x27, 0xa6, 0x27, 0xa9, 0x09, 0x42, 0x31, 0x4d, 0x10, 0x08, 0x67, 0x83, 0xa0, 0x95, 0xc1, 0x86,
    0x45, 0x0c, 0xc6, 0xc0, 0xba, 0xb0, 0x6b, 0x20, 0x03, 0x31, 0xb8, 0xcc, 0x60, 0xc3, 0xd0, 0x85,
    0xc1, 0x19, 0x70, 0x99, 0xb2, 0xfa, 0x82, 0x7a, 0x9b, 0x4b, 0xa3, 0x4b, 0x7b, 0x73, 0xdb, 0xb0,
    0x10, 0x69, 0x60, 0x65, 0x18, 0x19, 0x0c, 0x64, 0x40, 0x5c, 0x66, 0xb0, 0x61, 0x19, 0x3c, 0xeb,
    0xc2, 0xbe, 0xe1, 0x1b, 0x2e, 0x30, 0xd8, 0xb0, 0x88, 0xc1, 0x18, 0x58, 0x17, 0xf6, 0x0d, 0x64,
    0x20, 0x06, 0x97, 0x19, 0x6c, 0x18, 0xd4, 0x60, 0x0d, 0xd8, 0x60, 0xc3, 0x80, 0x06, 0x6d, 0x00,
    0x6c, 0x28, 0x26, 0xca, 0x0d, 0x20, 0xa0, 0x0a, 0x1b, 0x9b, 0x5d, 0x9b, 0x4b, 0x1a, 0x59, 0x99,
    0x1b, 0xdd, 0x94, 0x20, 0xa8, 0x42, 0x86, 0xe7, 0x62, 0x57, 0x26, 0x37, 0x97, 0xf6, 0xe6, 0x36,
    0x25, 0x20, 0x9a, 0x90, 0xe1, 0xb9, 0xd8, 0x85, 0xb1, 0xd9, 0x95, 0xc9, 0x4d, 0x09, 0x8c, 0x3a,
    0x64, 0x78, 0x2e, 0x73, 0x68, 0x61, 0x64, 0x65, 0x72, 0x4d, 0x6f, 0x64, 0x65, 0x6c, 0x53, 0x82,
    0xa4, 0x0c, 0x19, 0x9e, 0x8b, 0x5c, 0xd9, 0xdc, 0x5b, 0x9d, 0xdc, 0x58, 0xd9, 0xdc, 0x94, 0xe0,
    0xa9, 0x43, 0x86, 0xe7, 0x62, 0x97, 0x56, 0x76, 0x97, 0x44, 0x36, 0x45, 0x17, 0x46, 0x57, 0x36,
    0x25, 0x88, 0xea, 0x90, 0xe1, 0xb9, 0x94, 0xb9, 0xd1, 0xc9, 0xe5, 0x41, 0xbd, 0xa5, 0xb9, 0xd1,
    0xcd, 0x4d, 0x09, 0xdc, 0x00, 0x00, 0x00, 0x00, 0x79, 0x18, 0x00, 0x00, 0x4c, 0x00, 0x00, 0x00,
    0x33, 0x08, 0x80, 0x1c, 0xc4, 0xe1, 0x1c, 0x66, 0x14, 0x01, 0x3d, 0x88, 0x43, 0x38, 0x84, 0xc3,
    0x8c, 0x42, 0x80, 0x07, 0x79, 0x78, 0x07, 0x73, 0x98, 0x71, 0x0c, 0xe6, 0x00, 0x0f, 0xed, 0x10,
    0x0e, 0xf4, 0x80, 0x0e, 0x33, 0x0c, 0x42, 0x1e, 0xc2, 0xc1, 0x1d, 0xce, 0xa1, 0x1c, 0x66, 0x30,
    0x05, 0x3d, 0x88, 0x43, 0x38, 0x84, 0x83, 0x1b, 0xcc, 0x03, 0x3d, 0xc8, 0x43, 0x3d, 0x8c, 0x03,
    0x3d, 0xcc, 0x78, 0x8c, 0x74, 0x70, 0x07, 0x7b, 0x08, 0x07, 0x79, 0x48, 0x87, 0x70, 0x70, 0x07,
    0x7a, 0x70, 0x03, 0x76, 0x78, 0x87, 0x70, 0x20, 0x87, 0x19, 0xcc, 0x11, 0x0e, 0xec, 0x90, 0x0e,
    0xe1, 0x30, 0x0f, 0x6e, 0x30, 0x0f, 0xe3, 0xf0, 0x0e, 0xf0, 0x50, 0x0e, 0x33, 0x10, 0xc4, 0x1d,
    0xde, 0x21, 0x1c, 0xd8, 0x21, 0x1d, 0xc2, 0x61, 0x1e, 0x66, 0x30, 0x89, 0x3b, 0xbc, 0x83, 0x3b,
    0xd0, 0x43, 0x39, 0xb4, 0x03, 0x3c, 0xbc, 0x83, 0x3c, 0x84, 0x03, 0x3b, 0xcc, 0xf0, 0x14, 0x76,
    0x60, 0x07, 0x7b, 0x68, 0x07, 0x37, 0x68, 0x87, 0x72, 0x68, 0x07, 0x37, 0x80, 0x87, 0x70, 0x90,
    0x87, 0x70, 0x60, 0x07, 0x76, 0x28, 0x07, 0x76, 0xf8, 0x05, 0x76, 0x78, 0x87, 0x77, 0x80, 0x87,
    0x5f, 0x08, 0x87, 0x71, 0x18, 0x87, 0x72, 0x98, 0x87, 0x79, 0x98, 0x81, 0x2c, 0xee, 0xf0, 0x0e,
    0xee, 0xe0, 0x0e, 0xf5, 0xc0, 0x0e, 0xec, 0x30, 0x03, 0x62, 0xc8, 0xa1, 0x1c, 0xe4, 0xa1, 0x1c,
    0xcc, 0xa1, 0x1c, 0xe4, 0xa1, 0x1c, 0xdc, 0x61, 0x1c, 0xca, 0x21, 0x1c, 0xc4, 0x81, 0x1d, 0xca,
    0x61, 0x06, 0xd6, 0x90, 0x43, 0x39, 0xc8, 0x43, 0x39, 0x98, 0x43, 0x39, 0xc8, 0x43, 0x39, 0xb8,
    0xc3, 0x38, 0x94, 0x43, 0x38, 0x88, 0x03, 0x3b, 0x94, 0xc3, 0x2f, 0xbc, 0x83, 0x3c, 0xfc, 0x82,
    0x3b, 0xd4, 0x03, 0x3b, 0xb0, 0xc3, 0x8c, 0xc8, 0x21, 0x07, 0x7c, 0x70, 0x03, 0x72, 0x10, 0x87,
    0x73, 0x70, 0x03, 0x7b, 0x08, 0x07, 0x79, 0x60, 0x87, 0x70, 0xc8, 0x87, 0x77, 0xa8, 0x07, 0x7a,
    0x98, 0x81, 0x3c, 0xe4, 0x80, 0x0f, 0x6e, 0x40, 0x0f, 0xe5, 0xd0, 0x0e, 0xf0, 0x00, 0x00, 0x00,
    0x71, 0x20, 0x00, 0x00, 0x19, 0x00, 0x00, 0x00, 0x36, 0xb0, 0x0d, 0x97, 0xef, 0x3c, 0xbe, 0x10,
    0x50, 0x45, 0x41, 0x44, 0xa5, 0x03, 0x0c, 0x25, 0x61, 0x00, 0x02, 0xe6, 0x17, 0xb7, 0x6d, 0x05,
    0xd2, 0x70, 0xf9, 0xce, 0xe3, 0x0b, 0x11, 0x01, 0x4c, 0x44, 0x08, 0x34, 0xc3, 0x42, 0x58, 0xc0,
    0x34, 0x5c, 0xbe, 0xf3, 0xf8, 0x8b, 0x03, 0x0c, 0x62, 0xf3, 0x50, 0x93, 0x5f, 0xdc, 0xb6, 0x09,
    0x54, 0xc3, 0xe5, 0x3b, 0x8f, 0x2f, 0x4d, 0x4e, 0x44, 0xa0, 0xd4, 0xf4, 0x50, 0x93, 0x5f, 0xdc,
    0xb6, 0x11, 0x48, 0xc3, 0xe5, 0x3b, 0x8f, 0x3f, 0x11, 0xd1, 0x84, 0x00, 0x11, 0xe6, 0x17, 0xb7,
    0x6d, 0x00, 0x0b, 0x03, 0x20, 0x4d, 0x4b, 0x5c, 0x13, 0x15, 0x11, 0x00, 0x61, 0x20, 0x00, 0x00,
    0x8a, 0x00, 0x00, 0x00, 0x13, 0x04, 0x41, 0x2c, 0x10, 0x00, 0x00, 0x00, 0x05, 0x00, 0x00, 0x00,
    0x44, 0x4a, 0xa1, 0x10, 0x66, 0x00, 0x8a, 0xab, 0xec, 0x4a, 0x8e, 0x4a, 0x09, 0x50, 0x1c, 0x01,
    0x00, 0x00, 0x00, 0x00, 0x23, 0x06, 0x09, 0x00, 0x82, 0x60, 0x20, 0x65, 0x03, 0x73, 0x5d, 0xc1,
    0x88, 0x41, 0x02, 0x80, 0x20, 0x18, 0x18, 0x1e, 0x22, 0x61, 0xcf, 0x31, 0x62, 0x90, 0x00, 0x20,
    0x08, 0x06, 0xc6, 0x97, 0x4c, 0x19, 0x81, 0x8c, 0x18, 0x24, 0x00, 0x08, 0x82, 0x81, 0x01, 0x06,
    0x0a, 0xa5, 0x3d, 0xc9, 0x88, 0x41, 0x02, 0x80, 0x20, 0x18, 0x18, 0x61, 0xb0, 0x54, 0x5b, 0xa4,
    0x8c, 0x18, 0x24, 0x00, 0x08, 0x82, 0x81, 0x21, 0x06, 0x4c, 0xc7, 0x4d, 0xcb, 0x88, 0x41, 0x02,
    0x80, 0x20, 0x18, 0x18, 0x63, 0xd0, 0x78, 0x1d, 0xc2, 0x8c, 0x18, 0x24, 0x00, 0x08, 0x82, 0x81,
    0x41, 0x06, 0x8e, 0xe7, 0x55, 0xcd, 0x88, 0x41, 0x02, 0x80, 0x20, 0x18, 0x18, 0x65, 0xf0, 0x7c,
    0x9f, 0xe2, 0x8c, 0x18, 0x24, 0x00, 0x08, 0x82, 0x81, 0x61, 0x06, 0x10, 0x18, 0x80, 0x41, 0xf5,
    0x8c, 0x18, 0x1c, 0x00, 0x08, 0x82, 0x41, 0x53, 0x06, 0x8e, 0x12, 0x06, 0xa3, 0x09, 0x01, 0x30,
    0x9a, 0x20, 0x04, 0xa3, 0x09, 0x83, 0x30, 0x9a, 0x40, 0x0c, 0x23, 0x06, 0x07, 0x00, 0x82, 0x60,
    0xd0, 0xa8, 0xc1, 0xf4, 0x9c, 0xc1, 0x68, 0x42, 0x00, 0x8c, 0x26, 0x08, 0xc1, 0x68, 0xc2, 0x20,
    0x8c, 0x26, 0x10, 0xc3, 0x88, 0xc1, 0x01, 0x80, 0x20, 0x18, 0x34, 0x6f, 0x80, 0x51, 0x65, 0x30,
    0x9a, 0x10, 0x00, 0xa3, 0x09, 0x42, 0x30, 0x9a, 0x30, 0x08, 0xa3, 0x09, 0xc4, 0x30, 0x62, 0x70,
    0x00, 0x20, 0x08, 0x06, 0x0d, 0x1d, 0x74, 0x19, 0x1b, 0x8c, 0x26, 0x04, 0xc0, 0x68, 0x82, 0x10,
    0x8c, 0x26, 0x0c, 0xc2, 0x68, 0x02, 0x31, 0xd8, 0x74, 0xc9, 0x67, 0xc4, 0x00, 0x01, 0x40, 0x10,
    0x0c, 0x9e, 0x3c, 0x20, 0x83, 0xeb, 0x09, 0x46, 0x0c, 0x10, 0x00, 0x04, 0xc1, 0xe0, 0xd1, 0x83,
    0x32, 0xb8, 0x96, 0xc0, 0x82, 0x03, 0x3a, 0x66, 0x6d, 0xf2, 0x19, 0x31, 0x40, 0x00, 0x10, 0x04,
    0x83, 0xa7, 0x0f, 0xd0, 0x60, 0x93, 0x82, 0x11, 0x03, 0x04, 0x00, 0x41, 0x30, 0x78, 0xfc, 0x20,
    0x0d, 0x36, 0x27, 0xb0, 0x40, 0x81, 0x8e, 0x65, 0x9f, 0x7c, 0x46, 0x0c, 0x10, 0x00, 0x04, 0xc1,
    0xe0, 0x09, 0x05, 0x36, 0xf8, 0xaa, 0x60, 0xc4, 0x00, 0x01, 0x40, 0x10, 0x0c, 0x1e, 0x51, 0x68,
    0x83, 0x2f, 0x0a, 0x2c, 0x68, 0xa0, 0x63, 0xdc, 0x18, 0xc8, 0x67, 0xc4, 0x00, 0x01, 0x40, 0x10,
    0x0c, 0x9e, 0x52, 0x80, 0x83, 0x31, 0xc0, 0x82, 0x11, 0x03, 0x04, 0x00, 0x41, 0x30, 0x78, 0x4c,
    0x21, 0x0e, 0xc6, 0x80, 0x0a, 0x2c, 0x80, 0xa0, 0x33, 0x62, 0x90, 0x00, 0x20, 0x08, 0x06, 0x88,
    0x2a, 0xd8, 0x41, 0x29, 0x94, 0x02, 0x1f, 0x34, 0x23, 0x06, 0x09, 0x00, 0x82, 0x60, 0x80, 0xa8,
    0x82, 0x1d, 0x94, 0x42, 0x29, 0xc0, 0x41, 0x32, 0x62, 0x90, 0x00, 0x20, 0x08, 0x06, 0x88, 0x2a,
    0xd8, 0x41, 0x29, 0x94, 0x82, 0x1e, 0x14, 0x23, 0x06, 0x09, 0x00, 0x82, 0x60, 0x80, 0xa8, 0x82,
    0x1d, 0x94, 0x42, 0x29, 0xec, 0x41, 0x30, 0x62, 0x90, 0x00, 0x20, 0x08, 0x06, 0x88, 0x2a, 0xd8,
    0x81, 0x29, 0x94, 0x02, 0x1f, 0xa4, 0xc1, 0x88, 0x41, 0x02, 0x80, 0x20, 0x18, 0x20, 0xaa, 0x60,
    0x07, 0xa6, 0x50, 0x0a, 0x70, 0x80, 0x06, 0x23, 0x06, 0x09, 0x00, 0x82, 0x60, 0x80, 0xa8, 0x82,
    0x1d, 0xfc, 0x41, 0x29, 0xf0, 0x41, 0x1b, 0x8c, 0x18, 0x24, 0x00, 0x08, 0x82, 0x01, 0xa2, 0x0a,
    0x76, 0xf0, 0x07, 0xa5, 0x00, 0x07, 0x6c, 0x30, 0x62, 0x90, 0x00, 0x20, 0x08, 0x06, 0x88, 0x2a,
    0xd8, 0xc1, 0x1f, 0x94, 0x82, 0x1e, 0xac, 0xc1, 0x88, 0x41, 0x02, 0x80, 0x20, 0x18, 0x20, 0xaa,
    0x60, 0x07, 0x7f, 0x50, 0x0a, 0x7b, 0xa0, 0x06, 0x08, 0x00, 0x00, 0x00, 0x00, 0x00, 0x00, 0x00,
];

/// `D3D12_VertexShader_Advanced`, from `D3D12_VertexShader_Advanced.h`.
#[rustfmt::skip]
static D3D12_VERTEX_SHADER_ADVANCED: [u8; 4704] = [
    0x44, 0x58, 0x42, 0x43, 0xcc, 0xf7, 0xfe, 0xc2, 0x5f, 0x5c, 0xb5, 0x65, 0x70, 0x26, 0xb1, 0xc8,
    0xa7, 0x7d, 0xbe, 0x9a, 0x01, 0x00, 0x00, 0x00, 0x60, 0x12, 0x00, 0x00, 0x08, 0x00, 0x00, 0x00,
    0x40, 0x00, 0x00, 0x00, 0x50, 0x00, 0x00, 0x00, 0xd8, 0x00, 0x00, 0x00, 0x64, 0x01, 0x00, 0x00,
    0x9c, 0x02, 0x00, 0x00, 0xc8, 0x03, 0x00, 0x00, 0x4c, 0x0a, 0x00, 0x00, 0x68, 0x0a, 0x00, 0x00,
    0x53, 0x46, 0x49, 0x30, 0x08, 0x00, 0x00, 0x00, 0x00, 0x00, 0x00, 0x00, 0x00, 0x00, 0x00, 0x00,
    0x49, 0x53, 0x47, 0x31, 0x80, 0x00, 0x00, 0x00, 0x03, 0x00, 0x00, 0x00, 0x08, 0x00, 0x00, 0x00,
    0x00, 0x00, 0x00, 0x00, 0x68, 0x00, 0x00, 0x00, 0x00, 0x00, 0x00, 0x00, 0x00, 0x00, 0x00, 0x00,
    0x03, 0x00, 0x00, 0x00, 0x00, 0x00, 0x00, 0x00, 0x07, 0x07, 0x00, 0x00, 0x00, 0x00, 0x00, 0x00,
    0x00, 0x00, 0x00, 0x00, 0x71, 0x00, 0x00, 0x00, 0x00, 0x00, 0x00, 0x00, 0x00, 0x00, 0x00, 0x00,
    0x03, 0x00, 0x00, 0x00, 0x01, 0x00, 0x00, 0x00, 0x03, 0x03, 0x00, 0x00, 0x00, 0x00, 0x00, 0x00,
    0x00, 0x00, 0x00, 0x00, 0x7a, 0x00, 0x00, 0x00, 0x00, 0x00, 0x00, 0x00, 0x00, 0x00, 0x00, 0x00,
    0x03, 0x00, 0x00, 0x00, 0x02, 0x00, 0x00, 0x00, 0x0f, 0x0f, 0x00, 0x00, 0x00, 0x00, 0x00, 0x00,
    0x50, 0x4f, 0x53, 0x49, 0x54, 0x49, 0x4f, 0x4e, 0x00, 0x54, 0x45, 0x58, 0x43, 0x4f, 0x4f, 0x52,
    0x44, 0x00, 0x43, 0x4f, 0x4c, 0x4f, 0x52, 0x00, 0x4f, 0x53, 0x47, 0x31, 0x84, 0x00, 0x00, 0x00,
    0x03, 0x00, 0x00, 0x00, 0x08, 0x00, 0x00, 0x00, 0x00, 0x00, 0x00, 0x00, 0x68, 0x00, 0x00, 0x00,
    0x00, 0x00, 0x00, 0x00, 0x01, 0x00, 0x00, 0x00, 0x03, 0x00, 0x00, 0x00, 0x00, 0x00, 0x00, 0x00,
    0x0f, 0x00, 0x00, 0x00, 0x00, 0x00, 0x00, 0x00, 0x00, 0x00, 0x00, 0x00, 0x74, 0x00, 0x00, 0x00,
    0x00, 0x00, 0x00, 0x00, 0x00, 0x00, 0x00, 0x00, 0x03, 0x00, 0x00, 0x00, 0x01, 0x00, 0x00, 0x00,
    0x03, 0x0c, 0x00, 0x00, 0x00, 0x00, 0x00, 0x00, 0x00, 0x00, 0x00, 0x00, 0x7d, 0x00, 0x00, 0x00,
    0x00, 0x00, 0x00, 0x00, 0x00, 0x00, 0x00, 0x00, 0x03, 0x00, 0x00, 0x00, 0x02, 0x00, 0x00, 0x00,
    0x0f, 0x00, 0x00, 0x00, 0x00, 0x00, 0x00, 0x00, 0x53, 0x56, 0x5f, 0x50, 0x6f, 0x73, 0x69, 0x74,
    0x69, 0x6f, 0x6e, 0x00, 0x54, 0x45, 0x58, 0x43, 0x4f, 0x4f, 0x52, 0x44, 0x00, 0x43, 0x4f, 0x4c,
    0x4f, 0x52, 0x00, 0x00, 0x50, 0x53, 0x56, 0x30, 0x30, 0x01, 0x00, 0x00, 0x34, 0x00, 0x00, 0x00,
    0x01, 0x00, 0x00, 0x00, 0x00, 0x00, 0x00, 0x00, 0x00, 0x00, 0x00, 0x00, 0x00, 0x00, 0x00, 0x00,
    0x00, 0x00, 0x00, 0x00, 0xff, 0xff, 0xff, 0xff, 0x01, 0x00, 0x00, 0x00, 0x03, 0x03, 0x00, 0x03,
    0x03, 0x00, 0x00, 0x00, 0x00, 0x00, 0x00, 0x00, 0x00, 0x00, 0x00, 0x00, 0x00, 0x00, 0x00, 0x00,
    0x28, 0x00, 0x00, 0x00, 0x01, 0x00, 0x00, 0x00, 0x18, 0x00, 0x00, 0x00, 0x02, 0x00, 0x00, 0x00,
    0x00, 0x00, 0x00, 0x00, 0x00, 0x00, 0x00, 0x00, 0x00, 0x00, 0x00, 0x00, 0x0d, 0x00, 0x00, 0x00,
    0x00, 0x00, 0x00, 0x00, 0x38, 0x00, 0x00, 0x00, 0x00, 0x50, 0x4f, 0x53, 0x49, 0x54, 0x49, 0x4f,
    0x4e, 0x00, 0x54, 0x45, 0x58, 0x43, 0x4f, 0x4f, 0x52, 0x44, 0x00, 0x43, 0x4f, 0x4c, 0x4f, 0x52,
    0x00, 0x54, 0x45, 0x58, 0x43, 0x4f, 0x4f, 0x52, 0x44, 0x00, 0x43, 0x4f, 0x4c, 0x4f, 0x52, 0x00,
    0x6d, 0x61, 0x69, 0x6e, 0x41, 0x64, 0x76, 0x61, 0x6e, 0x63, 0x65, 0x64, 0x00, 0x00, 0x00, 0x00,
    0x01, 0x00, 0x00, 0x00, 0x00, 0x00, 0x00, 0x00, 0x10, 0x00, 0x00, 0x00, 0x01, 0x00, 0x00, 0x00,
    0x00, 0x00, 0x00, 0x00, 0x01, 0x00, 0x43, 0x00, 0x03, 0x00, 0x00, 0x00, 0x0a, 0x00, 0x00, 0x00,
    0x00, 0x00, 0x00, 0x00, 0x01, 0x01, 0x42, 0x00, 0x03, 0x00, 0x00, 0x00, 0x13, 0x00, 0x00, 0x00,
    0x00, 0x00, 0x00, 0x00, 0x01, 0x02, 0x44, 0x00, 0x03, 0x00, 0x00, 0x00, 0x00, 0x00, 0x00, 0x00,
    0x00, 0x00, 0x00, 0x00, 0x01, 0x00, 0x44, 0x03, 0x03, 0x04, 0x00, 0x00, 0x19, 0x00, 0x00, 0x00,
    0x00, 0x00, 0x00, 0x00, 0x01, 0x01, 0x42, 0x00, 0x03, 0x02, 0x00, 0x00, 0x22, 0x00, 0x00, 0x00,
    0x00, 0x00, 0x00, 0x00, 0x01, 0x02, 0x44, 0x00, 0x03, 0x02, 0x00, 0x00, 0x0f, 0x00, 0x00, 0x00,
    0x0f, 0x00, 0x00, 0x00, 0x0f, 0x00, 0x00, 0x00, 0x00, 0x00, 0x00, 0x00, 0x10, 0x00, 0x00, 0x00,
    0x20, 0x00, 0x00, 0x00, 0x00, 0x00, 0x00, 0x00, 0x00, 0x00, 0x00, 0x00, 0x00, 0x01, 0x00, 0x00,
    0x00, 0x02, 0x00, 0x00, 0x00, 0x04, 0x00, 0x00, 0x00, 0x08, 0x00, 0x00, 0x52, 0x54, 0x53, 0x30,
    0x24, 0x01, 0x00, 0x00, 0x02, 0x00, 0x00, 0x00, 0x07, 0x00, 0x00, 0x00, 0x18, 0x00, 0x00, 0x00,
    0x00, 0x00, 0x00, 0x00, 0x24, 0x01, 0x00, 0x00, 0x1d, 0x00, 0x00, 0x00, 0x01, 0x00, 0x00, 0x00,
    0x00, 0x00, 0x00, 0x00, 0x6c, 0x00, 0x00, 0x00, 0x01, 0x00, 0x00, 0x00, 0x00, 0x00, 0x00, 0x00,
    0x78, 0x00, 0x00, 0x00, 0x00, 0x00, 0x00, 0x00, 0x05, 0x00, 0x00, 0x00, 0x84, 0x00, 0x00, 0x00,
    0x00, 0x00, 0x00, 0x00, 0x05, 0x00, 0x00, 0x00, 0xa4, 0x00, 0x00, 0x00, 0x00, 0x00, 0x00, 0x00,
    0x05, 0x00, 0x00, 0x00, 0xc4, 0x00, 0x00, 0x00, 0x00, 0x00, 0x00, 0x00, 0x05, 0x00, 0x00, 0x00,
    0xe4, 0x00, 0x00, 0x00, 0x00, 0x00, 0x00, 0x00, 0x05, 0x00, 0x00, 0x00, 0x04, 0x01, 0x00, 0x00,
    0x00, 0x00, 0x00, 0x00, 0x00, 0x00, 0x00, 0x00, 0x10, 0x00, 0x00, 0x00, 0x01, 0x00, 0x00, 0x00,
    0x00, 0x00, 0x00, 0x00, 0x1c, 0x00, 0x00, 0x00, 0x01, 0x00, 0x00, 0x00, 0x8c, 0x00, 0x00, 0x00,
    0x00, 0x00, 0x00, 0x00, 0x01, 0x00, 0x00, 0x00, 0x00, 0x00, 0x00, 0x00, 0x00, 0x00, 0x00, 0x00,
    0x00, 0x00, 0x00, 0x00, 0xff, 0xff, 0xff, 0xff, 0x01, 0x00, 0x00, 0x00, 0xac, 0x00, 0x00, 0x00,
    0x00, 0x00, 0x00, 0x00, 0x01, 0x00, 0x00, 0x00, 0x01, 0x00, 0x00, 0x00, 0x00, 0x00, 0x00, 0x00,
    0x00, 0x00, 0x00, 0x00, 0xff, 0xff, 0xff, 0xff, 0x01, 0x00, 0x00, 0x00, 0xcc, 0x00, 0x00, 0x00,
    0x00, 0x00, 0x00, 0x00, 0x01, 0x00, 0x00, 0x00, 0x02, 0x00, 0x00, 0x00, 0x00, 0x00, 0x00, 0x00,
    0x00, 0x00, 0x00, 0x00, 0xff, 0xff, 0xff, 0xff, 0x01, 0x00, 0x00, 0x00, 0xec, 0x00, 0x00, 0x00,
    0x03, 0x00, 0x00, 0x00, 0x01, 0x00, 0x00, 0x00, 0x00, 0x00, 0x00, 0x00, 0x00, 0x00, 0x00, 0x00,
    0x00, 0x00, 0x00, 0x00, 0xff, 0xff, 0xff, 0xff, 0x01, 0x00, 0x00, 0x00, 0x0c, 0x01, 0x00, 0x00,
    0x03, 0x00, 0x00, 0x00, 0x01, 0x00, 0x00, 0x00, 0x01, 0x00, 0x00, 0x00, 0x00, 0x00, 0x00, 0x00,
    0x00, 0x00, 0x00, 0x00, 0xff, 0xff, 0xff, 0xff, 0x53, 0x54, 0x41, 0x54, 0x7c, 0x06, 0x00, 0x00,
    0x60, 0x00, 0x01, 0x00, 0x9f, 0x01, 0x00, 0x00, 0x44, 0x58, 0x49, 0x4c, 0x00, 0x01, 0x00, 0x00,
    0x10, 0x00, 0x00, 0x00, 0x64, 0x06, 0x00, 0x00, 0x42, 0x43, 0xc0, 0xde, 0x21, 0x0c, 0x00, 0x00,
    0x96, 0x01, 0x00, 0x00, 0x0b, 0x82, 0x20, 0x00, 0x02, 0x00, 0x00, 0x00, 0x13, 0x00, 0x00, 0x00,
    0x07, 0x81, 0x23, 0x91, 0x41, 0xc8, 0x04, 0x49, 0x06, 0x10, 0x32, 0x39, 0x92, 0x01, 0x84, 0x0c,
    0x25, 0x05, 0x08, 0x19, 0x1e, 0x04, 0x8b, 0x62, 0x80, 0x14, 0x45, 0x02, 0x42, 0x92, 0x0b, 0x42,
    0xa4, 0x10, 0x32, 0x14, 0x38, 0x08, 0x18, 0x4b, 0x0a, 0x32, 0x52, 0x88, 0x48, 0x90, 0x14, 0x20,
    0x43, 0x46, 0x88, 0xa5, 0x00, 0x19, 0x32, 0x42, 0xe4, 0x48, 0x0e, 0x90, 0x91, 0x22, 0xc4, 0x50,
    0x41, 0x51, 0x81, 0x8c, 0xe1, 0x83, 0xe5, 0x8a, 0x04, 0x29, 0x46, 0x06, 0x51, 0x18, 0x00, 0x00,
    0x08, 0x00, 0x00, 0x00, 0x1b, 0x8c, 0xe0, 0xff, 0xff, 0xff, 0xff, 0x07, 0x40, 0x02, 0xa8, 0x0d,
    0x84, 0xf0, 0xff, 0xff, 0xff, 0xff, 0x03, 0x20, 0x6d, 0x30, 0x86, 0xff, 0xff, 0xff, 0xff, 0x1f,
    0x00, 0x09, 0xa8, 0x00, 0x49, 0x18, 0x00, 0x00, 0x03, 0x00, 0x00, 0x00, 0x13, 0x82, 0x60, 0x42,
    0x20, 0x4c, 0x08, 0x06, 0x00, 0x00, 0x00, 0x00, 0x89, 0x20, 0x00, 0x00, 0x26, 0x00, 0x00, 0x00,
    0x32, 0x22, 0x48, 0x09, 0x20, 0x64, 0x85, 0x04, 0x93, 0x22, 0xa4, 0x84, 0x04, 0x93, 0x22, 0xe3,
    0x84, 0xa1, 0x90, 0x14, 0x12, 0x4c, 0x8a, 0x8c, 0x0b, 0x84, 0xa4, 0x4c, 0x10, 0x68, 0x23, 0x00,
    0x25, 0x00, 0x14, 0x66, 0x00, 0xe6, 0x08, 0xc0, 0x60, 0x8e, 0x00, 0x29, 0xc6, 0x20, 0x84, 0x14,
    0x42, 0xa6, 0x18, 0x80, 0x10, 0x52, 0x06, 0xa1, 0xa3, 0x86, 0xcb, 0x9f, 0xb0, 0x87, 0x90, 0x7c,
    0x6e, 0xa3, 0x8a, 0x95, 0x98, 0xfc, 0xe2, 0xb6, 0x11, 0x31, 0xc6, 0x18, 0x54, 0xee, 0x19, 0x2e,
    0x7f, 0xc2, 0x1e, 0x42, 0xf2, 0x43, 0xa0, 0x19, 0x16, 0x02, 0x05, 0xab, 0x10, 0x8a, 0x30, 0x42,
    0xad, 0x14, 0x83, 0x8c, 0x31, 0xe8, 0xcd, 0x11, 0x04, 0xc5, 0x60, 0xa4, 0x10, 0x12, 0x49, 0x0e,
    0x04, 0x0c, 0x23, 0x10, 0x43, 0x12, 0xd4, 0x03, 0x83, 0xc3, 0x91, 0xa6, 0x05, 0xc0, 0x1c, 0x6a,
    0xf2, 0x5f, 0x22, 0x9a, 0x88, 0x8b, 0x3d, 0x80, 0x81, 0x88, 0x38, 0xa7, 0x91, 0x26, 0xa0, 0x99,
    0x24, 0x14, 0x58, 0xba, 0xe9, 0x40, 0x00, 0x00, 0x13, 0x14, 0x72, 0xc0, 0x87, 0x74, 0x60, 0x87,
    0x36, 0x68, 0x87, 0x79, 0x68, 0x03, 0x72, 0xc0, 0x87, 0x0d, 0xaf, 0x50, 0x0e, 0x6d, 0xd0, 0x0e,
    0x7a, 0x50, 0x0e, 0x6d, 0x00, 0x0f, 0x7a, 0x30, 0x07, 0x72, 0xa0, 0x07, 0x73, 0x20, 0x07, 0x6d,
    0x90, 0x0e, 0x71, 0xa0, 0x07, 0x73, 0x20, 0x07, 0x6d, 0x90, 0x0e, 0x78, 0xa0, 0x07, 0x73, 0x20,
    0x07, 0x6d, 0x90, 0x0e, 0x71, 0x60, 0x07, 0x7a, 0x30, 0x07, 0x72, 0xd0, 0x06, 0xe9, 0x30, 0x07,
    0x72, 0xa0, 0x07, 0x73, 0x20, 0x07, 0x6d, 0x90, 0x0e, 0x76, 0x40, 0x07, 0x7a, 0x60, 0x07, 0x74,
    0xd0, 0x06, 0xe6, 0x10, 0x07, 0x76, 0xa0, 0x07, 0x73, 0x20, 0x07, 0x6d, 0x60, 0x0e, 0x73, 0x20,
    0x07, 0x7a, 0x30, 0x07, 0x72, 0xd0, 0x06, 0xe6, 0x60, 0x07, 0x74, 0xa0, 0x07, 0x76, 0x40, 0x07,
    0x6d, 0xe0, 0x0e, 0x78, 0xa0, 0x07, 0x71, 0x60, 0x07, 0x7a, 0x30, 0x07, 0x72, 0xa0, 0x07, 0x76,
    0x40, 0x07, 0x43, 0x9e, 0x00, 0x08, 0x00, 0x00, 0x00, 0x00, 0x00, 0x00, 0x00, 0x00, 0x00, 0x86,
    0x3c, 0x06, 0x10, 0x00, 0x01, 0x00, 0x00, 0x00, 0x00, 0x00, 0x00, 0x00, 0x0c, 0x79, 0x10, 0x20,
    0x00, 0x04, 0x00, 0x00, 0x00, 0x00, 0x00, 0x00, 0x00, 0x18, 0xf2, 0x34, 0x40, 0x00, 0x0c, 0x00,
    0x00, 0x00, 0x00, 0x00, 0x00, 0x00, 0x30, 0xe4, 0x79, 0x80, 0x00, 0x08, 0x00, 0x00, 0x00, 0x00,
    0x00, 0x00, 0x00, 0x60, 0xc8, 0x23, 0x01, 0x01, 0x30, 0x00, 0x00, 0x00, 0x00, 0x00, 0x00, 0x00,
    0x40, 0x16, 0x08, 0x00, 0x12, 0x00, 0x00, 0x00, 0x32, 0x1e, 0x98, 0x14, 0x19, 0x11, 0x4c, 0x90,
    0x8c, 0x09, 0x26, 0x47, 0xc6, 0x04, 0x43, 0x22, 0x25, 0x30, 0x02, 0x50, 0x0c, 0x05, 0x18, 0x50,
    0x04, 0x85, 0x50, 0x06, 0xe5, 0x50, 0x12, 0xe5, 0x51, 0x10, 0x25, 0x57, 0x14, 0x54, 0x4a, 0x62,
    0x04, 0xa0, 0x0c, 0x8a, 0xa0, 0x10, 0xe8, 0xce, 0x00, 0x10, 0x9e, 0x01, 0xa0, 0x3c, 0x96, 0xc3,
    0x30, 0xcf, 0xf3, 0x00, 0x10, 0x18, 0x00, 0x00, 0x88, 0x80, 0x10, 0x08, 0x06, 0x20, 0x28, 0x00,
    0x79, 0x18, 0x00, 0x00, 0x92, 0x00, 0x00, 0x00, 0x1a, 0x03, 0x4c, 0x90, 0x46, 0x02, 0x13, 0x44,
    0x8f, 0x0c, 0x6f, 0xec, 0xed, 0x4d, 0x0c, 0x24, 0xc6, 0x05, 0xc7, 0x45, 0xa6, 0x06, 0x46, 0xc6,
    0x25, 0x26, 0x06, 0x04, 0x45, 0x66, 0x26, 0x27, 0x47, 0x26, 0xa6, 0x46, 0x46, 0x26, 0x65, 0x43,
    0x10, 0x4c, 0x10, 0x08, 0x63, 0x82, 0x40, 0x1c, 0x1b, 0x84, 0x81, 0xd8, 0x20, 0x10, 0x04, 0x05,
    0xbb, 0xb9, 0x09, 0x02, 0x81, 0x6c, 0x18, 0x0e, 0x84, 0x98, 0x20, 0x60, 0x19, 0x2b, 0xab, 0x32,
    0x39, 0xba, 0x32, 0xbc, 0x29, 0xb4, 0x30, 0xb2, 0x32, 0xb9, 0xa1, 0x37, 0xb7, 0x39, 0xba, 0x30,
    0x37, 0xba, 0xb9, 0x09, 0x02, 0x91, 0x6c, 0x40, 0x08, 0x65, 0x21, 0x88, 0x81, 0x01, 0x36, 0x04,
    0xcd, 0x06, 0x02, 0x00, 0x1c, 0x60, 0x82, 0x70, 0x61, 0x1c, 0xda, 0xe0, 0xec, 0x26, 0x08, 0x84,
    0x32, 0x41, 0x20, 0x96, 0x0d, 0xc3, 0x34, 0x0d, 0x13, 0x04, 0x82, 0x99, 0x20, 0x10, 0xcd, 0x04,
    0x81, 0x70, 0x36, 0x20, 0x48, 0x24, 0x51, 0x15, 0x61, 0x5d, 0x1b, 0x04, 0x06, 0xdb, 0x30, 0x10,
    0x50, 0x36, 0x41, 0x10, 0x80, 0x0d, 0xc0, 0x86, 0x81, 0xe0, 0xb8, 0x0d, 0x41, 0xb7, 0x61, 0x18,
    0x36, 0x6f, 0x82, 0x90, 0x69, 0x1b, 0x02, 0x30, 0x20, 0xd3, 0x16, 0x96, 0xe6, 0x16, 0x44, 0x66,
    0x17, 0xe6, 0x36, 0x56, 0x46, 0x46, 0x04, 0xea, 0x69, 0x2a, 0x89, 0x2a, 0xe9, 0xc9, 0x69, 0x82,
    0x50, 0x4c, 0x13, 0x84, 0x82, 0xda, 0x10, 0x10, 0x13, 0x84, 0xa2, 0xda, 0x20, 0x54, 0xd6, 0x86,
    0x85, 0x18, 0x03, 0x32, 0x28, 0x03, 0x33, 0x28, 0x83, 0xe1, 0x0c, 0x88, 0x32, 0x40, 0x03, 0x22,
    0x54, 0x45, 0x58, 0x43, 0x4f, 0x4f, 0x52, 0x44, 0x13, 0x84, 0xc2, 0xda, 0x20, 0x54, 0xd5, 0x86,
    0x65, 0x50, 0x03, 0x32, 0x28, 0x03, 0x33, 0x28, 0x83, 0x61, 0x0d, 0x86, 0x32, 0x60, 0x03, 0x16,
    0x43, 0x4f, 0x4c, 0x4f, 0x52, 0x13, 0x84, 0xe2, 0x9a, 0x20, 0x10, 0xcf, 0x06, 0xa1, 0x82, 0x83,
    0x0d, 0x8b, 0xe4, 0x06, 0x64, 0x50, 0x06, 0x66, 0x50, 0x06, 0xc3, 0x1b, 0x48, 0x65, 0x10, 0x07,
    0x1b, 0x86, 0x34, 0x68, 0x03, 0x39, 0xe0, 0x32, 0x65, 0xf5, 0x05, 0xf5, 0x36, 0x97, 0x46, 0x97,
    0xf6, 0xe6, 0xb6, 0x61, 0x21, 0xe8, 0x80, 0x0c, 0xce, 0xc0, 0x0c, 0xde, 0x60, 0x78, 0x03, 0xa2,
    0x0c, 0xe2, 0x60, 0xc3, 0x32, 0xa8, 0x01, 0x19, 0x94, 0x81, 0x19, 0xac, 0xc1, 0xb0, 0x06, 0x43,
    0x19, 0xb0, 0xc1, 0x86, 0x45, 0x72, 0x03, 0x32, 0x28, 0x03, 0x33, 0x58, 0x83, 0xe1, 0x0d, 0xa4,
    0x32, 0x88, 0x83, 0x0d, 0x43, 0x1d, 0xd8, 0xc1, 0x1d, 0x6c, 0x18, 0xe6, 0x00, 0x0f, 0x80, 0x0d,
    0xc5, 0x26, 0x06, 0x79, 0xf0, 0x00, 0x34, 0xcc, 0xd8, 0xde, 0xc2, 0xe8, 0xe6, 0x26, 0x08, 0x04,
    0xc4, 0x22, 0xcd, 0x6d, 0x8e, 0x6e, 0x6e, 0x82, 0x40, 0x44, 0x34, 0xe6, 0xd2, 0xce, 0xbe, 0xd8,
    0xc8, 0x68, 0xcc, 0xa5, 0x9d, 0x7d, 0xcd, 0xd1, 0x4d, 0x10, 0x08, 0x69, 0x03, 0xb2, 0x07, 0x7c,
    0xd0, 0x07, 0x7e, 0xf0, 0x07, 0x17, 0x28, 0x84, 0x42, 0x15, 0x36, 0x36, 0xbb, 0x36, 0x97, 0x34,
    0xb2, 0x32, 0x37, 0xba, 0x29, 0x41, 0x50, 0x85, 0x0c, 0xcf, 0xc5, 0xae, 0x4c, 0x6e, 0x2e, 0xed,
    0xcd, 0x6d, 0x4a, 0x40, 0x34, 0x21, 0xc3, 0x73, 0xb1, 0x0b, 0x63, 0xb3, 0x2b, 0x93, 0x9b, 0x12,
    0x14, 0x75, 0xc8, 0xf0, 0x5c, 0xe6, 0xd0, 0xc2, 0xc8, 0xca, 0xe4, 0x9a, 0xde, 0xc8, 0xca, 0xd8,
    0xa6, 0x04, 0x48, 0x19, 0x32, 0x3c, 0x17, 0xb9, 0xb2, 0xb9, 0xb7, 0x3a, 0xb9, 0xb1, 0xb2, 0xb9,
    0x29, 0x81, 0x53, 0x89, 0x0c, 0xcf, 0x85, 0x2e, 0x0f, 0xae, 0x2c, 0xc8, 0xcd, 0xed, 0x8d, 0x2e,
    0x8c, 0x2e, 0xed, 0xcd, 0x6d, 0x6e, 0x8a, 0x90, 0x79, 0x75, 0xc8, 0xf0, 0x5c, 0xec, 0xd2, 0xca,
    0xee, 0x92, 0xc8, 0xa6, 0xe8, 0xc2, 0xe8, 0xca, 0xa6, 0x04, 0x60, 0x50, 0x87, 0x0c, 0xcf, 0xa5,
    0xcc, 0x8d, 0x4e, 0x2e, 0x0f, 0xea, 0x2d, 0xcd, 0x8d, 0x6e, 0x6e, 0x4a, 0x90, 0x07, 0x5d, 0xc8,
    0xf0, 0x5c, 0xc6, 0xde, 0xea, 0xdc, 0xe8, 0xca, 0xe4, 0xe6, 0xa6, 0x04, 0xa1, 0x00, 0x00, 0x00,
    0x79, 0x18, 0x00, 0x00, 0x4c, 0x00, 0x00, 0x00, 0x33, 0x08, 0x80, 0x1c, 0xc4, 0xe1, 0x1c, 0x66,
    0x14, 0x01, 0x3d, 0x88, 0x43, 0x38, 0x84, 0xc3, 0x8c, 0x42, 0x80, 0x07, 0x79, 0x78, 0x07, 0x73,
    0x98, 0x71, 0x0c, 0xe6, 0x00, 0x0f, 0xed, 0x10, 0x0e, 0xf4, 0x80, 0x0e, 0x33, 0x0c, 0x42, 0x1e,
    0xc2, 0xc1, 0x1d, 0xce, 0xa1, 0x1c, 0x66, 0x30, 0x05, 0x3d, 0x88, 0x43, 0x38, 0x84, 0x83, 0x1b,
    0xcc, 0x03, 0x3d, 0xc8, 0x43, 0x3d, 0x8c, 0x03, 0x3d, 0xcc, 0x78, 0x8c, 0x74, 0x70, 0x07, 0x7b,
    0x08, 0x07, 0x79, 0x48, 0x87, 0x70, 0x70, 0x07, 0x7a, 0x70, 0x03, 0x76, 0x78, 0x87, 0x70, 0x20,
    0x87, 0x19, 0xcc, 0x11, 0x0e, 0xec, 0x90, 0x0e, 0xe1, 0x30, 0x0f, 0x6e, 0x30, 0x0f, 0xe3, 0xf0,
    0x0e, 0xf0, 0x50, 0x0e, 0x33, 0x10, 0xc4, 0x1d, 0xde, 0x21, 0x1c, 0xd8, 0x21, 0x1d, 0xc2, 0x61,
    0x1e, 0x66, 0x30, 0x89, 0x3b, 0xbc, 0x83, 0x3b, 0xd0, 0x43, 0x39, 0xb4, 0x03, 0x3c, 0xbc, 0x83,
    0x3c, 0x84, 0x03, 0x3b, 0xcc, 0xf0, 0x14, 0x76, 0x60, 0x07, 0x7b, 0x68, 0x07, 0x37, 0x68, 0x87,
    0x72, 0x68, 0x07, 0x37, 0x80, 0x87, 0x70, 0x90, 0x87, 0x70, 0x60, 0x07, 0x76, 0x28, 0x07, 0x76,
    0xf8, 0x05, 0x76, 0x78, 0x87, 0x77, 0x80, 0x87, 0x5f, 0x08, 0x87, 0x71, 0x18, 0x87, 0x72, 0x98,
    0x87, 0x79, 0x98, 0x81, 0x2c, 0xee, 0xf0, 0x0e, 0xee, 0xe0, 0x0e, 0xf5, 0xc0, 0x0e, 0xec, 0x30,
    0x03, 0x62, 0xc8, 0xa1, 0x1c, 0xe4, 0xa1, 0x1c, 0xcc, 0xa1, 0x1c, 0xe4, 0xa1, 0x1c, 0xdc, 0x61,
    0x1c, 0xca, 0x21, 0x1c, 0xc4, 0x81, 0x1d, 0xca, 0x61, 0x06, 0xd6, 0x90, 0x43, 0x39, 0xc8, 0x43,
    0x39, 0x98, 0x43, 0x39, 0xc8, 0x43, 0x39, 0xb8, 0xc3, 0x38, 0x94, 0x43, 0x38, 0x88, 0x03, 0x3b,
    0x94, 0xc3, 0x2f, 0xbc, 0x83, 0x3c, 0xfc, 0x82, 0x3b, 0xd4, 0x03, 0x3b, 0xb0, 0xc3, 0x8c, 0xc8,
    0x21, 0x07, 0x7c, 0x70, 0x03, 0x72, 0x10, 0x87, 0x73, 0x70, 0x03, 0x7b, 0x08, 0x07, 0x79, 0x60,
    0x87, 0x70, 0xc8, 0x87, 0x77, 0xa8, 0x07, 0x7a, 0x98, 0x81, 0x3c, 0xe4, 0x80, 0x0f, 0x6e, 0x40,
    0x0f, 0xe5, 0xd0, 0x0e, 0xf0, 0x00, 0x00, 0x00, 0x71, 0x20, 0x00, 0x00, 0x1a, 0x00, 0x00, 0x00,
    0x36, 0xb0, 0x0d, 0x97, 0xef, 0x3c, 0xbe, 0x10, 0x50, 0x45, 0x41, 0x44, 0xa5, 0x03, 0x0c, 0x25,
    0x61, 0x00, 0x02, 0xe6, 0x17, 0xb7, 0x6d, 0x05, 0xd2, 0x70, 0xf9, 0xce, 0xe3, 0x0b, 0x11, 0x01,
    0x4c, 0x44, 0x08, 0x34, 0xc3, 0x42, 0x58, 0xc0, 0x34, 0x5c, 0xbe, 0xf3, 0xf8, 0x8b, 0x03, 0x0c,
    0x62, 0xf3, 0x50, 0x93, 0x5f, 0xdc, 0xb6, 0x09, 0x54, 0xc3, 0xe5, 0x3b, 0x8f, 0x2f, 0x4d, 0x4e,
    0x44, 0xa0, 0xd4, 0xf4, 0x50, 0x93, 0x5f, 0xdc, 0xb6, 0x11, 0x48, 0xc3, 0xe5, 0x3b, 0x8f, 0x3f,
    0x11, 0xd1, 0x84, 0x00, 0x11, 0xe6, 0x17, 0xb7, 0x6d, 0x00, 0x0c, 0x03, 0x20, 0x8d, 0x36, 0x54,
    0x40, 0x23, 0x10, 0x03, 0x00, 0x00, 0x00, 0x00, 0x00, 0x00, 0x00, 0x00, 0x48, 0x41, 0x53, 0x48,
    0x14, 0x00, 0x00, 0x00, 0x00, 0x00, 0x00, 0x00, 0x75, 0x26, 0x54, 0xce, 0xdb, 0x17, 0x98, 0x56,
    0xe8, 0xb8, 0x35, 0x9c, 0xbd, 0x71, 0x11, 0x58, 0x44, 0x58, 0x49, 0x4c, 0xf0, 0x07, 0x00, 0x00,
    0x60, 0x00, 0x01, 0x00, 0xfc, 0x01, 0x00, 0x00, 0x44, 0x58, 0x49, 0x4c, 0x00, 0x01, 0x00, 0x00,
    0x10, 0x00, 0x00, 0x00, 0xd8, 0x07, 0x00, 0x00, 0x42, 0x43, 0xc0, 0xde, 0x21, 0x0c, 0x00, 0x00,
    0xf3, 0x01, 0x00, 0x00, 0x0b, 0x82, 0x20, 0x00, 0x02, 0x00, 0x00, 0x00, 0x13, 0x00, 0x00, 0x00,
    0x07, 0x81, 0x23, 0x91, 0x41, 0xc8, 0x04, 0x49, 0x06, 0x10, 0x32, 0x39, 0x92, 0x01, 0x84, 0x0c,
    0x25, 0x05, 0x08, 0x19, 0x1e, 0x04, 0x8b, 0x62, 0x80, 0x14, 0x45, 0x02, 0x42, 0x92, 0x0b, 0x42,
    0xa4, 0x10, 0x32, 0x14, 0x38, 0x08, 0x18, 0x4b, 0x0a, 0x32, 0x52, 0x88, 0x48, 0x90, 0x14, 0x20,
    0x43, 0x46, 0x88, 0xa5, 0x00, 0x19, 0x32, 0x42, 0xe4, 0x48, 0x0e, 0x90, 0x91, 0x22, 0xc4, 0x50,
    0x41, 0x51, 0x81, 0x8c, 0xe1, 0x83, 0xe5, 0x8a, 0x04, 0x29, 0x46, 0x06, 0x51, 0x18, 0x00, 0x00,
    0x08, 0x00, 0x00, 0x00, 0x1b, 0x8c, 0xe0, 0xff, 0xff, 0xff, 0xff, 0x07, 0x40, 0x02, 0xa8, 0x0d,
    0x84, 0xf0, 0xff, 0xff, 0xff, 0xff, 0x03, 0x20, 0x6d, 0x30, 0x86, 0xff, 0xff, 0xff, 0xff, 0x1f,
    0x00, 0x09, 0xa8, 0x00, 0x49, 0x18, 0x00, 0x00, 0x03, 0x00, 0x00, 0x00, 0x13, 0x82, 0x60, 0x42,
    0x20, 0x4c, 0x08, 0x06, 0x00, 0x00, 0x00, 0x00, 0x89, 0x20, 0x00, 0x00, 0x26, 0x00, 0x00, 0x00,
    0x32, 0x22, 0x48, 0x09, 0x20, 0x64, 0x85, 0x04, 0x93, 0x22, 0xa4, 0x84, 0x04, 0x93, 0x22, 0xe3,
    0x84, 0xa1, 0x90, 0x14, 0x12, 0x4c, 0x8a, 0x8c, 0x0b, 0x84, 0xa4, 0x4c, 0x10, 0x68, 0x23, 0x00,
    0x25, 0x00, 0x14, 0x66, 0x00, 0xe6, 0x08, 0xc0, 0x60, 0x8e, 0x00, 0x29, 0xc6, 0x20, 0x84, 0x14,
    0x42, 0xa6, 0x18, 0x80, 0x10, 0x52, 0x06, 0xa1, 0xa3, 0x86, 0xcb, 0x9f, 0xb0, 0x87, 0x90, 0x7c,
    0x6e, 0xa3, 0x8a, 0x95, 0x98, 0xfc, 0xe2, 0xb6, 0x11, 0x31, 0xc6, 0x18, 0x54, 0xee, 0x19, 0x2e,
    0x7f, 0xc2, 0x1e, 0x42, 0xf2, 0x43, 0xa0, 0x19, 0x16, 0x02, 0x05, 0xab, 0x10, 0x8a, 0x30, 0x42,
    0xad, 0x14, 0x83, 0x8c, 0x31, 0xe8, 0xcd, 0x11, 0x04, 0xc5, 0x60, 0xa4, 0x10, 0x12, 0x49, 0x0e,
    0x04, 0x0c, 0x23, 0x10, 0x43, 0x12, 0xd4, 0x03, 0x83, 0xc3, 0x91, 0xa6, 0x05, 0xc0, 0x1c, 0x6a,
    0xf2, 0x5f, 0x22, 0x9a, 0x88, 0x8b, 0x3d, 0x80, 0x81, 0x88, 0x38, 0xa7, 0x91, 0x26, 0xa0, 0x99,
    0x24, 0x14, 0x58, 0xba, 0xe9, 0x40, 0x00, 0x00, 0x13, 0x14, 0x72, 0xc0, 0x87, 0x74, 0x60, 0x87,
    0x36, 0x68, 0x87, 0x79, 0x68, 0x03, 0x72, 0xc0, 0x87, 0x0d, 0xaf, 0x50, 0x0e, 0x6d, 0xd0, 0x0e,
    0x7a, 0x50, 0x0e, 0x6d, 0x00, 0x0f, 0x7a, 0x30, 0x07, 0x72, 0xa0, 0x07, 0x73, 0x20, 0x07, 0x6d,
    0x90, 0x0e, 0x71, 0xa0, 0x07, 0x73, 0x20, 0x07, 0x6d, 0x90, 0x0e, 0x78, 0xa0, 0x07, 0x73, 0x20,
    0x07, 0x6d, 0x90, 0x0e, 0x71, 0x60, 0x07, 0x7a, 0x30, 0x07, 0x72, 0xd0, 0x06, 0xe9, 0x30, 0x07,
    0x72, 0xa0, 0x07, 0x73, 0x20, 0x07, 0x6d, 0x90, 0x0e, 0x76, 0x40, 0x07, 0x7a, 0x60, 0x07, 0x74,
    0xd0, 0x06, 0xe6, 0x10, 0x07, 0x76, 0xa0, 0x07, 0x73, 0x20, 0x07, 0x6d, 0x60, 0x0e, 0x73, 0x20,
    0x07, 0x7a, 0x30, 0x07, 0x72, 0xd0, 0x06, 0xe6, 0x60, 0x07, 0x74, 0xa0, 0x07, 0x76, 0x40, 0x07,
    0x6d, 0xe0, 0x0e, 0x78, 0xa0, 0x07, 0x71, 0x60, 0x07, 0x7a, 0x30, 0x07, 0x72, 0xa0, 0x07, 0x76,
    0x40, 0x07, 0x43, 0x9e, 0x00, 0x00, 0x00, 0x00, 0x00, 0x00, 0x00, 0x00, 0x00, 0x00, 0x00, 0x86,
    0x3c, 0x06, 0x10, 0x00, 0x01, 0x00, 0x00, 0x00, 0x00, 0x00, 0x00, 0x00, 0x0c, 0x79, 0x10, 0x20,
    0x00, 0x04, 0x00, 0x00, 0x00, 0x00, 0x00, 0x00, 0x00, 0x18, 0xf2, 0x34, 0x40, 0x00, 0x0c, 0x00,
    0x00, 0x00, 0x00, 0x00, 0x00, 0x00, 0x30, 0xe4, 0x79, 0x80, 0x00, 0x08, 0x00, 0x00, 0x00, 0x00,
    0x00, 0x00, 0x00, 0x60, 0xc8, 0x23, 0x01, 0x01, 0x30, 0x00, 0x00, 0x00, 0x00, 0x00, 0x00, 0x00,
    0x40, 0x16, 0x08, 0x00, 0x10, 0x00, 0x00, 0x00, 0x32, 0x1e, 0x98, 0x14, 0x19, 0x11, 0x4c, 0x90,
    0x8c, 0x09, 0x26, 0x47, 0xc6, 0x04, 0x43, 0x22, 0x25, 0x30, 0x02, 0x50, 0x10, 0xc5, 0x50, 0x80,
    0x01, 0x65, 0x50, 0x0e, 0x45, 0x50, 0x1e, 0x54, 0x4a, 0x62, 0x04, 0xa0, 0x0c, 0x8a, 0xa0, 0x10,
    0x08, 0xcf, 0x00, 0x50, 0x1e, 0xcb, 0x61, 0x98, 0xe7, 0x79, 0x00, 0x08, 0x0c, 0x00, 0x00, 0x44,
    0x40, 0x08, 0x04, 0x03, 0x10, 0x14, 0x00, 0x00, 0x79, 0x18, 0x00, 0x00, 0x65, 0x00, 0x00, 0x00,
    0x1a, 0x03, 0x4c, 0x90, 0x46, 0x02, 0x13, 0x44, 0x8f, 0x0c, 0x6f, 0xec, 0xed, 0x4d, 0x0c, 0x24,
    0xc6, 0x05, 0xc7, 0x45, 0xa6, 0x06, 0x46, 0xc6, 0x25, 0x26, 0x06, 0x04, 0x45, 0x66, 0x26, 0x27,
    0x47, 0x26, 0xa6, 0x46, 0x46, 0x26, 0x65, 0x43, 0x10, 0x4c, 0x10, 0x08, 0x63, 0x82, 0x40, 0x1c,
    0x1b, 0x84, 0x81, 0x98, 0x20, 0x10, 0xc8, 0x06, 0x61, 0x30, 0x28, 0xd8, 0xcd, 0x4d, 0x10, 0x88,
    0x64, 0xc3, 0x80, 0x24, 0xc4, 0x04, 0x01, 0xa3, 0x08, 0x4c, 0x10, 0x08, 0x65, 0x03, 0x42, 0x2c,
    0x0c, 0x41, 0x0c, 0x0d, 0xb0, 0x21, 0x70, 0x36, 0x10, 0x00, 0xf0, 0x00, 0x13, 0x84, 0xac, 0xda,
    0x10, 0x44, 0x13, 0x04, 0x01, 0x20, 0xd3, 0x16, 0x96, 0xe6, 0x16, 0x44, 0x66, 0x17, 0xe6, 0x36,
    0x56, 0x46, 0x46, 0x04, 0xea, 0x69, 0x2a, 0x89, 0x2a, 0xe9, 0xc9, 0x69, 0x82, 0x50, 0x3c, 0x13,
    0x84, 0x02, 0xda, 0x10, 0x10, 0x13, 0x84, 0x22, 0x9a, 0x20, 0x10, 0xcb, 0x04, 0x81, 0x60, 0x36,
    0x08, 0xda, 0xb6, 0x61, 0x21, 0x2a, 0xeb, 0xc2, 0xae, 0x21, 0x23, 0x2e, 0x8e, 0x08, 0x55, 0x11,
    0xd6, 0xd0, 0xd3, 0x93, 0x14, 0xd1, 0x04, 0xa1, 0x90, 0x36, 0x08, 0x9a, 0xb6, 0x61, 0x19, 0x3c,
    0xeb, 0xc2, 0xae, 0xe1, 0x1b, 0x2e, 0x30, 0x98, 0x20, 0x10, 0x0d, 0x8b, 0xa1, 0x27, 0xa6, 0x27,
    0xa9, 0x09, 0x42, 0x31, 0x4d, 0x10, 0x08, 0x67, 0x83, 0xa0, 0x95, 0xc1, 0x86, 0x45, 0x0c, 0xc6,
    0xc0, 0xba, 0xb0, 0x6b, 0x20, 0x03, 0x31, 0xb8, 0xcc, 0x60, 0xc3, 0xd0, 0x85, 0xc1, 0x19, 0x70,
    0x99, 0xb2, 0xfa, 0x82, 0x7a, 0x9b, 0x4b, 0xa3, 0x4b, 0x7b, 0x73, 0xdb, 0xb0, 0x10, 0x69, 0x60,
    0x65, 0x18, 0x19, 0x0c, 0x64, 0x40, 0x5c, 0x66, 0xb0, 0x61, 0x19, 0x3c, 0xeb, 0xc2, 0xbe, 0xe1,
    0x1b, 0x2e, 0x30, 0xd8, 0xb0, 0x88, 0xc1, 0x18, 0x58, 0x17, 0xf6, 0x0d, 0x64, 0x20, 0x06, 0x97,
    0x19, 0x6c, 0x18, 0xd4, 0x60, 0x0d, 0xd8, 0x60, 0xc3, 0x80, 0x06, 0x6d, 0x00, 0x6c, 0x28, 0x26,
    0xca, 0x0d, 0x20, 0xa0, 0x0a, 0x1b, 0x9b, 0x5d, 0x9b, 0x4b, 0x1a, 0x59, 0x99, 0x1b, 0xdd, 0x94,
    0x20, 0xa8, 0x42, 0x86, 0xe7, 0x62, 0x57, 0x26, 0x37, 0x97, 0xf6, 0xe6, 0x36, 0x25, 0x20, 0x9a,
    0x90, 0xe1, 0xb9, 0xd8, 0x85, 0xb1, 0xd9, 0x95, 0xc9, 0x4d, 0x09, 0x8c, 0x3a, 0x64, 0x78, 0x2e,
    0x73, 0x68, 0x61, 0x64, 0x65, 0x72, 0x4d, 0x6f, 0x64, 0x65, 0x6c, 0x53, 0x82, 0xa4, 0x0c, 0x19,
    0x9e, 0x8b, 0x5c, 0xd9, 0xdc, 0x5b, 0x9d, 0xdc, 0x58, 0xd9, 0xdc, 0x94, 0xe0, 0xa9, 0x43, 0x86,
    0xe7, 0x62, 0x97, 0x56, 0x76, 0x97, 0x44, 0x36, 0x45, 0x17, 0x46, 0x57, 0x36, 0x25, 0x88, 0xea,
    0x90, 0xe1, 0xb9, 0x94, 0xb9, 0xd1, 0xc9, 0xe5, 0x41, 0xbd, 0xa5, 0xb9, 0xd1, 0xcd, 0x4d, 0x09,
    0xdc, 0x00, 0x00, 0x00, 0x79, 0x18, 0x00, 0x00, 0x4c, 0x00, 0x00, 0x00, 0x33, 0x08, 0x80, 0x1c,
    0xc4, 0xe1, 0x1c, 0x66, 0x14, 0x01, 0x3d, 0x88, 0x43, 0x38, 0x84, 0xc3, 0x8c, 0x42, 0x80, 0x07,
    0x79, 0x78, 0x07, 0x73, 0x98, 0x71, 0x0c, 0xe6, 0x00, 0x0f, 0xed, 0x10, 0x0e, 0xf4, 0x80, 0x0e,
    0x33, 0x0c, 0x42, 0x1e, 0xc2, 0xc1, 0x1d, 0xce, 0xa1, 0x1c, 0x66, 0x30, 0x05, 0x3d, 0x88, 0x43,
    0x38, 0x84, 0x83, 0x1b, 0xcc, 0x03, 0x3d, 0xc8, 0x43, 0x3d, 0x8c, 0x03, 0x3d, 0xcc, 0x78, 0x8c,
    0x74, 0x70, 0x07, 0x7b, 0x08, 0x07, 0x79, 0x48, 0x87, 0x70, 0x70, 0x07, 0x7a, 0x70, 0x03, 0x76,
    0x78, 0x87, 0x70, 0x20, 0x87, 0x19, 0xcc, 0x11, 0x0e, 0xec, 0x90, 0x0e, 0xe1, 0x30, 0x0f, 0x6e,
    0x30, 0x0f, 0xe3, 0xf0, 0x0e, 0xf0, 0x50, 0x0e, 0x33, 0x10, 0xc4, 0x1d, 0xde, 0x21, 0x1c, 0xd8,
    0x21, 0x1d, 0xc2, 0x61, 0x1e, 0x66, 0x30, 0x89, 0x3b, 0xbc, 0x83, 0x3b, 0xd0, 0x43, 0x39, 0xb4,
    0x03, 0x3c, 0xbc, 0x83, 0x3c, 0x84, 0x03, 0x3b, 0xcc, 0xf0, 0x14, 0x76, 0x60, 0x07, 0x7b, 0x68,
    0x07, 0x37, 0x68, 0x87, 0x72, 0x68, 0x07, 0x37, 0x80, 0x87, 0x70, 0x90, 0x87, 0x70, 0x60, 0x07,
    0x76, 0x28, 0x07, 0x76, 0xf8, 0x05, 0x76, 0x78, 0x87, 0x77, 0x80, 0x87, 0x5f, 0x08, 0x87, 0x71,
    0x18, 0x87, 0x72, 0x98, 0x87, 0x79, 0x98, 0x81, 0x2c, 0xee, 0xf0, 0x0e, 0xee, 0xe0, 0x0e, 0xf5,
    0xc0, 0x0e, 0xec, 0x30, 0x03, 0x62, 0xc8, 0xa1, 0x1c, 0xe4, 0xa1, 0x1c, 0xcc, 0xa1, 0x1c, 0xe4,
    0xa1, 0x1c, 0xdc, 0x61, 0x1c, 0xca, 0x21, 0x1c, 0xc4, 0x81, 0x1d, 0xca, 0x61, 0x06, 0xd6, 0x90,
    0x43, 0x39, 0xc8, 0x43, 0x39, 0x98, 0x43, 0x39, 0xc8, 0x43, 0x39, 0xb8, 0xc3, 0x38, 0x94, 0x43,
    0x38, 0x88, 0x03, 0x3b, 0x94, 0xc3, 0x2f, 0xbc, 0x83, 0x3c, 0xfc, 0x82, 0x3b, 0xd4, 0x03, 0x3b,
    0xb0, 0xc3, 0x8c, 0xc8, 0x21, 0x07, 0x7c, 0x70, 0x03, 0x72, 0x10, 0x87, 0x73, 0x70, 0x03, 0x7b,
    0x08, 0x07, 0x79, 0x60, 0x87, 0x70, 0xc8, 0x87, 0x77, 0xa8, 0x07, 0x7a, 0x98, 0x81, 0x3c, 0xe4,
    0x80, 0x0f, 0x6e, 0x40, 0x0f, 0xe5, 0xd0, 0x0e, 0xf0, 0x00, 0x00, 0x00, 0x71, 0x20, 0x00, 0x00,
    0x1a, 0x00, 0x00, 0x00, 0x36, 0xb0, 0x0d, 0x97, 0xef, 0x3c, 0xbe, 0x10, 0x50, 0x45, 0x41, 0x44,
    0xa5, 0x03, 0x0c, 0x25, 0x61, 0x00, 0x02, 0xe6, 0x17, 0xb7, 0x6d, 0x05, 0xd2, 0x70, 0xf9, 0xce,
    0xe3, 0x0b, 0x11, 0x01, 0x4c, 0x44, 0x08, 0x34, 0xc3, 0x42, 0x58, 0xc0, 0x34, 0x5c, 0xbe, 0xf3,
    0xf8, 0x8b, 0x03, 0x0c, 0x62, 0xf3, 0x50, 0x93, 0x5f, 0xdc, 0xb6, 0x09, 0x54, 0xc3, 0xe5, 0x3b,
    0x8f, 0x2f, 0x4d, 0x4e, 0x44, 0xa0, 0xd4, 0xf4, 0x50, 0x93, 0x5f, 0xdc, 0xb6, 0x11, 0x48, 0xc3,
    0xe5, 0x3b, 0x8f, 0x3f, 0x11, 0xd1, 0x84, 0x00, 0x11, 0xe6, 0x17, 0xb7, 0x6d, 0x00, 0x0c, 0x03,
    0x20, 0x8d, 0x36, 0x54, 0x40, 0x23, 0x10, 0x03, 0x00, 0x00, 0x00, 0x00, 0x61, 0x20, 0x00, 0x00,
    0x8a, 0x00, 0x00, 0x00, 0x13, 0x04, 0x41, 0x2c, 0x10, 0x00, 0x00, 0x00, 0x05, 0x00, 0x00, 0x00,
    0x44, 0x4a, 0xa1, 0x10, 0x66, 0x00, 0x8a, 0xab, 0xec, 0x4a, 0x8e, 0x4a, 0x09, 0x50, 0x1c, 0x01,
    0x00, 0x00, 0x00, 0x00, 0x23, 0x06, 0x09, 0x00, 0x82, 0x60, 0x20, 0x65, 0x03, 0x73, 0x5d, 0xc1,
    0x88, 0x41, 0x02, 0x80, 0x20, 0x18, 0x18, 0x1e, 0x22, 0x61, 0xcf, 0x31, 0x62, 0x90, 0x00, 0x20,
    0x08, 0x06, 0xc6, 0x97, 0x4c, 0x19, 0x81, 0x8c, 0x18, 0x24, 0x00, 0x08, 0x82, 0x81, 0x01, 0x06,
    0x0a, 0xa5, 0x3d, 0xc9, 0x88, 0x41, 0x02, 0x80, 0x20, 0x18, 0x18, 0x61, 0xb0, 0x54, 0x5b, 0xa4,
    0x8c, 0x18, 0x24, 0x00, 0x08, 0x82, 0x81, 0x21, 0x06, 0x4c, 0xc7, 0x4d, 0xcb, 0x88, 0x41, 0x02,
    0x80, 0x20, 0x18, 0x18, 0x63, 0xd0, 0x78, 0x1d, 0xc2, 0x8c, 0x18, 0x24, 0x00, 0x08, 0x82, 0x81,
    0x41, 0x06, 0x8e, 0xe7, 0x55, 0xcd, 0x88, 0x41, 0x02, 0x80, 0x20, 0x18, 0x18, 0x65, 0xf0, 0x7c,
    0x9f, 0xe2, 0x8c, 0x18, 0x24, 0x00, 0x08, 0x82, 0x81, 0x61, 0x06, 0x10, 0x18, 0x80, 0x41, 0xf5,
    0x8c, 0x18, 0x1c, 0x00, 0x08, 0x82, 0x41, 0x53, 0x06, 0x8e, 0x12, 0x06, 0xa3, 0x09, 0x01, 0x30,
    0x9a, 0x20, 0x04, 0xa3, 0x09, 0x83, 0x30, 0x9a, 0x40, 0x0c, 0x23, 0x06, 0x07, 0x00, 0x82, 0x60,
    0xd0, 0xa8, 0xc1, 0xf4, 0x9c, 0xc1, 0x68, 0x42, 0x00, 0x8c, 0x26, 0x08, 0xc1, 0x68, 0xc2, 0x20,
    0x8c, 0x26, 0x10, 0xc3, 0x88, 0xc1, 0x01, 0x80, 0x20, 0x18, 0x34, 0x6f, 0x80, 0x51, 0x65, 0x30,
    0x9a, 0x10, 0x00, 0xa3, 0x09, 0x42, 0x30, 0x9a, 0x30, 0x08, 0xa3, 0x09, 0xc4, 0x30, 0x62, 0x70,
    0x00, 0x20, 0x08, 0x06, 0x0d, 0x1d, 0x74, 0x19, 0x1b, 0x8c, 0x26, 0x04, 0xc0, 0x68, 0x82, 0x10,
    0x8c, 0x26, 0x0c, 0xc2, 0x68, 0x02, 0x31, 0xd8, 0x74, 0xc9, 0x67, 0xc4, 0x00, 0x01, 0x40, 0x10,
    0x0c, 0x9e, 0x3c, 0x20, 0x83, 0xeb, 0x09, 0x46, 0x0c, 0x10, 0x00, 0x04, 0xc1, 0xe0, 0xd1, 0x83,
    0x32, 0xb8, 0x96, 0xc0, 0x82, 0x03, 0x3a, 0x66, 0x6d, 0xf2, 0x19, 0x31, 0x40, 0x00, 0x10, 0x04,
    0x83, 0xa7, 0x0f, 0xd0, 0x60, 0x93, 0x82, 0x11, 0x03, 0x04, 0x00, 0x41, 0x30, 0x78, 0xfc, 0x20,
    0x0d, 0x36, 0x27, 0xb0, 0x40, 0x81, 0x8e, 0x65, 0x9f, 0x7c, 0x46, 0x0c, 0x10, 0x00, 0x04, 0xc1,
    0xe0, 0x09, 0x05, 0x36, 0xf8, 0xaa, 0x60, 0xc4, 0x00, 0x01, 0x40, 0x10, 0x0c, 0x1e, 0x51, 0x68,
    0x83, 0x2f, 0x0a, 0x2c, 0x68, 0xa0, 0x63, 0xdc, 0x18, 0xc8, 0x67, 0xc4, 0x00, 0x01, 0x40, 0x10,
    0x0c, 0x9e, 0x52, 0x80, 0x83, 0x31, 0xc0, 0x82, 0x11, 0x03, 0x04, 0x00, 0x41, 0x30, 0x78, 0x4c,
    0x21, 0x0e, 0xc6, 0x80, 0x0a, 0x2c, 0x80, 0xa0, 0x33, 0x62, 0x90, 0x00, 0x20, 0x08, 0x06, 0x88,
    0x2a, 0xd8, 0x41, 0x29, 0x94, 0x02, 0x1f, 0x34, 0x23, 0x06, 0x09, 0x00, 0x82, 0x60, 0x80, 0xa8,
    0x82, 0x1d, 0x94, 0x42, 0x29, 0xc0, 0x41, 0x32, 0x62, 0x90, 0x00, 0x20, 0x08, 0x06, 0x88, 0x2a,
    0xd8, 0x41, 0x29, 0x94, 0x82, 0x1e, 0x14, 0x23, 0x06, 0x09, 0x00, 0x82, 0x60, 0x80, 0xa8, 0x82,
    0x1d, 0x94, 0x42, 0x29, 0xec, 0x41, 0x30, 0x62, 0x90, 0x00, 0x20, 0x08, 0x06, 0x88, 0x2a, 0xd8,
    0x81, 0x29, 0x94, 0x02, 0x1f, 0xa4, 0xc1, 0x88, 0x41, 0x02, 0x80, 0x20, 0x18, 0x20, 0xaa, 0x60,
    0x07, 0xa6, 0x50, 0x0a, 0x70, 0x80, 0x06, 0x23, 0x06, 0x09, 0x00, 0x82, 0x60, 0x80, 0xa8, 0x82,
    0x1d, 0xfc, 0x41, 0x29, 0xf0, 0x41, 0x1b, 0x8c, 0x18, 0x24, 0x00, 0x08, 0x82, 0x01, 0xa2, 0x0a,
    0x76, 0xf0, 0x07, 0xa5, 0x00, 0x07, 0x6c, 0x30, 0x62, 0x90, 0x00, 0x20, 0x08, 0x06, 0x88, 0x2a,
    0xd8, 0xc1, 0x1f, 0x94, 0x82, 0x1e, 0xac, 0xc1, 0x88, 0x41, 0x02, 0x80, 0x20, 0x18, 0x20, 0xaa,
    0x60, 0x07, 0x7f, 0x50, 0x0a, 0x7b, 0xa0, 0x06, 0x08, 0x00, 0x00, 0x00, 0x00, 0x00, 0x00, 0x00,
];

/// `D3D12_RootSig_Color`, from `D3D12_RootSig_Color.h`.
#[rustfmt::skip]
static D3D12_ROOT_SIG_COLOR: [u8; 116] = [
    0x44, 0x58, 0x42, 0x43, 0x0c, 0xbe, 0x22, 0x40, 0x4f, 0xd2, 0x56, 0x49, 0x31, 0xaa, 0x69, 0x8d,
    0x8d, 0xaf, 0x83, 0x2a, 0x01, 0x00, 0x00, 0x00, 0x74, 0x00, 0x00, 0x00, 0x01, 0x00, 0x00, 0x00,
    0x24, 0x00, 0x00, 0x00, 0x52, 0x54, 0x53, 0x30, 0x48, 0x00, 0x00, 0x00, 0x02, 0x00, 0x00, 0x00,
    0x02, 0x00, 0x00, 0x00, 0x18, 0x00, 0x00, 0x00, 0x00, 0x00, 0x00, 0x00, 0x48, 0x00, 0x00, 0x00,
    0x1d, 0x00, 0x00, 0x00, 0x01, 0x00, 0x00, 0x00, 0x00, 0x00, 0x00, 0x00, 0x30, 0x00, 0x00, 0x00,
    0x01, 0x00, 0x00, 0x00, 0x00, 0x00, 0x00, 0x00, 0x3c, 0x00, 0x00, 0x00, 0x00, 0x00, 0x00, 0x00,
    0x00, 0x00, 0x00, 0x00, 0x10, 0x00, 0x00, 0x00, 0x01, 0x00, 0x00, 0x00, 0x00, 0x00, 0x00, 0x00,
    0x1c, 0x00, 0x00, 0x00,
];

/// `D3D12_RootSig_Texture`, from `D3D12_RootSig_Texture.h`.
#[rustfmt::skip]
static D3D12_ROOT_SIG_TEXTURE: [u8; 204] = [
    0x44, 0x58, 0x42, 0x43, 0xf1, 0x21, 0x00, 0x8f, 0xd4, 0x37, 0xfc, 0xfe, 0x90, 0xa2, 0xbe, 0x02,
    0x82, 0xec, 0xc4, 0xf2, 0x01, 0x00, 0x00, 0x00, 0xcc, 0x00, 0x00, 0x00, 0x01, 0x00, 0x00, 0x00,
    0x24, 0x00, 0x00, 0x00, 0x52, 0x54, 0x53, 0x30, 0xa0, 0x00, 0x00, 0x00, 0x02, 0x00, 0x00, 0x00,
    0x04, 0x00, 0x00, 0x00, 0x18, 0x00, 0x00, 0x00, 0x00, 0x00, 0x00, 0x00, 0xa0, 0x00, 0x00, 0x00,
    0x1d, 0x00, 0x00, 0x00, 0x01, 0x00, 0x00, 0x00, 0x00, 0x00, 0x00, 0x00, 0x48, 0x00, 0x00, 0x00,
    0x01, 0x00, 0x00, 0x00, 0x00, 0x00, 0x00, 0x00, 0x54, 0x00, 0x00, 0x00, 0x00, 0x00, 0x00, 0x00,
    0x05, 0x00, 0x00, 0x00, 0x60, 0x00, 0x00, 0x00, 0x00, 0x00, 0x00, 0x00, 0x05, 0x00, 0x00, 0x00,
    0x80, 0x00, 0x00, 0x00, 0x00, 0x00, 0x00, 0x00, 0x00, 0x00, 0x00, 0x00, 0x10, 0x00, 0x00, 0x00,
    0x01, 0x00, 0x00, 0x00, 0x00, 0x00, 0x00, 0x00, 0x1c, 0x00, 0x00, 0x00, 0x01, 0x00, 0x00, 0x00,
    0x68, 0x00, 0x00, 0x00, 0x00, 0x00, 0x00, 0x00, 0x01, 0x00, 0x00, 0x00, 0x00, 0x00, 0x00, 0x00,
    0x00, 0x00, 0x00, 0x00, 0x00, 0x00, 0x00, 0x00, 0xff, 0xff, 0xff, 0xff, 0x01, 0x00, 0x00, 0x00,
    0x88, 0x00, 0x00, 0x00, 0x03, 0x00, 0x00, 0x00, 0x01, 0x00, 0x00, 0x00, 0x00, 0x00, 0x00, 0x00,
    0x00, 0x00, 0x00, 0x00, 0x00, 0x00, 0x00, 0x00, 0xff, 0xff, 0xff, 0xff,
];

/// `D3D12_RootSig_Advanced`, from `D3D12_RootSig_Advanced.h`.
#[rustfmt::skip]
static D3D12_ROOT_SIG_ADVANCED: [u8; 336] = [
    0x44, 0x58, 0x42, 0x43, 0x7e, 0x10, 0xf2, 0x34, 0x1f, 0x5f, 0x2b, 0x22, 0xbb, 0xe0, 0xa0, 0x5c,
    0x42, 0x31, 0x4c, 0x01, 0x01, 0x00, 0x00, 0x00, 0x50, 0x01, 0x00, 0x00, 0x01, 0x00, 0x00, 0x00,
    0x24, 0x00, 0x00, 0x00, 0x52, 0x54, 0x53, 0x30, 0x24, 0x01, 0x00, 0x00, 0x02, 0x00, 0x00, 0x00,
    0x07, 0x00, 0x00, 0x00, 0x18, 0x00, 0x00, 0x00, 0x00, 0x00, 0x00, 0x00, 0x24, 0x01, 0x00, 0x00,
    0x1d, 0x00, 0x00, 0x00, 0x01, 0x00, 0x00, 0x00, 0x00, 0x00, 0x00, 0x00, 0x6c, 0x00, 0x00, 0x00,
    0x01, 0x00, 0x00, 0x00, 0x00, 0x00, 0x00, 0x00, 0x78, 0x00, 0x00, 0x00, 0x00, 0x00, 0x00, 0x00,
    0x05, 0x00, 0x00, 0x00, 0x84, 0x00, 0x00, 0x00, 0x00, 0x00, 0x00, 0x00, 0x05, 0x00, 0x00, 0x00,
    0xa4, 0x00, 0x00, 0x00, 0x00, 0x00, 0x00, 0x00, 0x05, 0x00, 0x00, 0x00, 0xc4, 0x00, 0x00, 0x00,
    0x00, 0x00, 0x00, 0x00, 0x05, 0x00, 0x00, 0x00, 0xe4, 0x00, 0x00, 0x00, 0x00, 0x00, 0x00, 0x00,
    0x05, 0x00, 0x00, 0x00, 0x04, 0x01, 0x00, 0x00, 0x00, 0x00, 0x00, 0x00, 0x00, 0x00, 0x00, 0x00,
    0x10, 0x00, 0x00, 0x00, 0x01, 0x00, 0x00, 0x00, 0x00, 0x00, 0x00, 0x00, 0x1c, 0x00, 0x00, 0x00,
    0x01, 0x00, 0x00, 0x00, 0x8c, 0x00, 0x00, 0x00, 0x00, 0x00, 0x00, 0x00, 0x01, 0x00, 0x00, 0x00,
    0x00, 0x00, 0x00, 0x00, 0x00, 0x00, 0x00, 0x00, 0x00, 0x00, 0x00, 0x00, 0xff, 0xff, 0xff, 0xff,
    0x01, 0x00, 0x00, 0x00, 0xac, 0x00, 0x00, 0x00, 0x00, 0x00, 0x00, 0x00, 0x01, 0x00, 0x00, 0x00,
    0x01, 0x00, 0x00, 0x00, 0x00, 0x00, 0x00, 0x00, 0x00, 0x00, 0x00, 0x00, 0xff, 0xff, 0xff, 0xff,
    0x01, 0x00, 0x00, 0x00, 0xcc, 0x00, 0x00, 0x00, 0x00, 0x00, 0x00, 0x00, 0x01, 0x00, 0x00, 0x00,
    0x02, 0x00, 0x00, 0x00, 0x00, 0x00, 0x00, 0x00, 0x00, 0x00, 0x00, 0x00, 0xff, 0xff, 0xff, 0xff,
    0x01, 0x00, 0x00, 0x00, 0xec, 0x00, 0x00, 0x00, 0x03, 0x00, 0x00, 0x00, 0x01, 0x00, 0x00, 0x00,
    0x00, 0x00, 0x00, 0x00, 0x00, 0x00, 0x00, 0x00, 0x00, 0x00, 0x00, 0x00, 0xff, 0xff, 0xff, 0xff,
    0x01, 0x00, 0x00, 0x00, 0x0c, 0x01, 0x00, 0x00, 0x03, 0x00, 0x00, 0x00, 0x01, 0x00, 0x00, 0x00,
    0x01, 0x00, 0x00, 0x00, 0x00, 0x00, 0x00, 0x00, 0x00, 0x00, 0x00, 0x00, 0xff, 0xff, 0xff, 0xff,
];
